,gp,gp_q,pi_yoy,gw,gw_q,gp_core,grpe,grpf,slack,dmw,transfer_share,h,h_disc,cov_automatic,cov_benchmark,cov_public,lambda,wedge,scheme,populist,election,pistar,catchup,catchup_bb,real_wage,pigap,lvl_wage,lvl_price,lvl_minwage,lvl_benefit,lvl_handout,country
1960-01-01,2.4330538441238003,2.9065081040143603,2.4330538441238003,2.4605093925027077,5.829304565398097,,,,,0.0,,,,0.4,0.0,0.14,0.5,0.0,0.0,0.0,0.0,2.346830300506899,1.3225700934443125,,-388.2192792931646,0.08622354361690121,1.0988132146586906,3.6690110424108093,1.0988132146586906,100.0,100.0,IT
1960-04-01,2.406941201836754,-0.5795728667831845,2.406941201836754,4.896035967154333,6.884923236706442,,,,,0.0,,,,0.40930096732980475,0.0,0.14,0.5083708705968243,0.0,0.0,0.0,0.0,2.35885248077287,-0.21023026582531656,,-386.35315526729215,0.048088721063884066,1.117890033306513,3.6636987438000936,1.117890033306513,100.0,100.0,IT
1960-07-01,2.9555820654212805,2.3134769220706453,2.9555820654212805,5.745714006795977,3.3987121585665747,,,,,0.0,,,,0.41860193465960943,0.0,0.14,0.5167417411936486,0.0,0.0,0.0,0.0,2.478198397702552,0.12475015440634252,,-386.08184645816823,0.4773836677187284,1.1274289671511457,3.684949845711039,1.1274289671511457,102.491029729341,100.0,IT
1960-10-01,1.5055205470288602,1.3816700288136197,1.5055205470288602,4.870662019043248,3.3697081155018793,,,,,0.0,,,,0.4280051104216098,0.0,0.14,0.5252045993794489,0.0,0.0,0.0,0.0,2.283662827567814,0.176603347368939,,-385.5848369364961,-0.7781422805389537,1.136966851954335,3.6977003161107973,1.136966851954335,102.491029729341,100.0,IT
1961-01-01,1.494727339637869,2.863335274450396,1.494727339637869,5.406777399352913,7.973766086636758,,,,,0.0,,,,0.43740828618361016,0.0,0.14,0.5336674575652491,0.0,0.0,0.0,0.0,2.125875729981825,-0.5612358331831047,-0.85210296086903,-384.3072292334495,-0.6311483903439559,1.1598590343317219,3.7242646703665,1.1598590343317219,102.491029729341,100.0,IT
1961-04-01,2.0382431710390003,1.5944904588213404,2.0382431710390003,4.013957372267685,1.313643128365527,,,,,0.0,,,,0.44660704508121923,0.0,0.14,0.5419463405730973,0.0,0.0,0.0,0.0,2.10834921819326,0.1662101129892335,-0.3206093097338698,-384.3774410660635,-0.07010604715425961,1.1636743980612865,3.7391400602105445,1.1636743980612865,102.491029729341,100.0,IT
1961-07-01,1.970083023074909,2.0408363302142796,1.970083023074909,3.817882890797053,2.614414232684048,,,,,0.0,,,,0.4559080124110239,0.0,0.14,0.5503172111699215,0.0,0.0,0.0,0.0,2.08069597916959,0.5698618694672177,-0.5081153746276432,-384.23404659044604,-0.11061295609468091,1.1713051255204157,3.7582662426772036,1.1713051255204157,108.18503562178384,100.0,IT
1961-10-01,2.6093510466320025,3.938742123041994,2.6093510466320025,4.697767938791486,6.889248307479612,,,,,0.0,,,,0.4653111881730243,0.0,0.14,0.5587800693557219,0.0,0.0,0.0,0.0,2.1864269926620725,0.3190077621489422,0.32568821906418854,-383.4964200443367,0.42292405396992994,1.1916533823976116,3.7954561478883777,1.1916533823976116,108.18503562178384,100.0,IT
1962-01-01,3.3387812576214593,5.781056118408223,3.3387812576214593,6.217158727505545,14.051329241492994,,,,,0.0,,,,0.47471436393502464,0.0,0.14,0.5672429275415223,0.0,0.0,0.0,0.0,2.41689784565395,-1.2274593498690365,1.2129055276396343,-381.4288517635655,0.9218834119675092,1.2342581025375075,3.8507088221100263,1.2342581025375075,108.18503562178384,100.0,IT
1962-04-01,4.446401683764334,6.024972163392839,4.446401683764334,8.58264171496792,10.775575078215027,,,,,0.0,,,,0.4839131228326337,0.0,0.14,0.5755218105493703,0.0,0.0,0.0,0.0,2.822798613276027,-1.681488834671427,2.338052465571074,-380.2412010348599,1.6236030704883069,1.2679596079474578,3.909148875498104,1.2679596079474578,108.18503562178384,100.0,IT
1962-07-01,4.9637866803238895,4.110376316452502,4.9637866803238895,12.19962876552465,17.08236243491097,,,,,0.0,,,,0.49321409016243845,0.0,0.14,0.5838926811461946,0.0,0.0,0.0,0.0,3.2509962266855994,-4.127505110110633,2.8830907011542997,-376.9982045052453,1.71279045363829,1.3232818575054208,3.949526159875709,1.3232818575054208,115.1245563788972,100.0,IT
1962-10-01,5.553935714436853,6.299338259493847,5.553935714436853,12.757723476097338,9.121627149770362,,,,,0.0,,,,0.5026172659244388,0.0,0.14,0.5923555393319949,0.0,0.0,0.0,0.0,3.7115841242358503,-3.7168659702011837,3.3675087217747803,-376.29263228267615,1.8423515902010026,1.3538047673419364,4.0122170058864,1.3538047673419364,115.1245563788972,100.0,IT
1963-01-01,7.442333975181392,13.33464916138638,7.442333975181392,13.879794512173405,18.53961338579726,,,,,0.0,,,,0.5120204416864391,0.0,0.14,0.6008183975177952,0.0,0.0,0.0,0.0,4.457734094424959,-3.9449039734305984,5.025436129527442,-374.99139122657346,2.9845998807564333,1.4180291825884024,4.148225202597297,1.4180291825884024,115.1245563788972,100.0,IT
1963-04-01,7.259257714012635,5.292667118717809,7.259257714012635,15.357728280789607,16.687310152679835,,,,,0.0,,,,0.5212192005840481,0.0,0.14,0.6090972805256434,0.0,0.0,0.0,0.0,5.018038818342494,-5.68568119007648,4.436459100736608,-372.14273046808296,2.2412188956701407,1.4784382341053035,4.203477876818946,1.4784382341053035,115.1245563788972,100.0,IT
1963-07-01,6.735949951327336,2.0171452657113065,6.735949951327336,13.214876022978661,8.510953403667187,,,,,0.0,,,,0.5305201679138529,0.0,0.14,0.6174681511224677,0.0,0.0,0.0,0.0,5.361621044939462,-5.989420448724275,3.4849537246417364,-370.519278433594,1.3743289063878734,1.5102325821711933,4.224728978729891,1.5102325821711933,132.2656746122994,100.0,IT
1963-10-01,7.325649807779455,8.658137685302325,7.325649807779455,12.563288570603426,6.515277340269421,,,,,0.0,,,,0.5399233436758533,0.0,0.14,0.625931009308268,0.0,0.0,0.0,0.0,5.7544267975074606,-4.089723761787809,3.614065683543605,-371.0549935198522,1.5712230102719946,1.5350329709340835,4.317171558162714,1.5350329709340835,132.2656746122994,100.0,IT
1964-01-01,5.4821767594430915,5.960756968040926,5.4821767594430915,12.146319619892987,16.871737582955504,,,,,0.0,,,,0.5493265194378536,0.0,0.14,0.6343938674940683,0.0,0.0,0.0,0.0,5.699976789894587,-5.65505770791242,1.0244426650181326,-368.32724836612357,-0.2178000304514951,1.60116454352461,4.381987323617692,1.60116454352461,132.2656746122994,100.0,IT
1964-04-01,5.3401729671601395,4.724651949586001,5.3401729671601395,12.857339633475684,19.531390207010624,,,,,0.0,,,,0.5586274867676584,0.0,0.14,0.6427647380908926,0.0,0.0,0.0,0.0,5.628016025347697,-8.018965046822586,0.32213414881764546,-364.6255638017674,-0.2878430581875575,1.681287181845464,4.4340526186729114,1.681287181845464,132.2656746122994,100.0,IT
1964-07-01,6.4522760817137925,6.465557723925919,6.4522760817137925,13.0844024252311,9.419204570688855,,,,,0.0,,,,0.5679284540974631,0.0,0.14,0.6511356086877168,0.0,0.0,0.0,0.0,5.792868036620916,-7.16272300278672,1.0906550367743302,-363.88715209007665,0.6594080450928761,1.7213479764851691,4.506306555916933,1.7213479764851691,149.3474965924224,100.0,IT
1964-10-01,5.692605642267501,5.6194559275171585,5.692605642267501,14.33212841631808,11.506181304617336,,,,,0.0,,,,0.5773316298594634,0.0,0.14,0.6595984668735171,0.0,0.0,0.0,0.0,5.772815557750233,-7.116748472981499,-0.06182115523995968,-362.41547074580166,-0.08020991548273226,1.771582375042751,4.570060815383809,1.771582375042751,149.3474965924224,100.0,IT
1965-01-01,5.4041801864833205,4.807055144904204,5.4041801864833205,12.069126964245447,7.819731774664973,,,,,0.0,,,,0.5867348056214637,0.0,0.14,0.6680613250593174,0.0,0.0,0.0,0.0,5.69908848349685,-6.347676231113098,-0.295796603411266,-361.66230158836146,-0.2949082970135297,1.806556367723518,4.625313489605458,1.806556367723518,149.3474965924224,100.0,IT
1965-04-01,4.795699725561886,2.2907301059002627,4.795699725561886,8.201891950963747,4.062450153883823,,,,,0.0,,,,0.5959335645190729,0.0,0.14,0.6763402080671657,0.0,0.0,0.0,0.0,5.518410731909857,-5.133691380507855,-0.8323162997858109,-361.2193715763655,-0.7227110063479714,1.8249974672566536,4.651877843861159,1.8249974672566536,149.3474965924224,100.0,IT
1965-07-01,4.156693345305595,3.909532202900756,4.156693345305595,7.059191541375931,4.848402932337592,,,,,0.0,,,,0.6052345318488775,0.0,0.14,0.6847110786639898,0.0,0.0,0.0,0.0,5.246067254589005,-3.8173470084877295,-1.636174691315321,-360.9846538940063,-1.0893739092834096,1.84725288147791,4.697567426849479,1.84725288147791,168.50527452893238,100.0,IT
1965-10-01,3.3606981611268294,2.4354751908020944,3.3606981611268294,5.3462765742317675,4.654521436040682,,,,,0.0,,,,0.6146377076108779,0.0,0.14,0.6931739368497901,0.0,0.0,0.0,0.0,4.86899343589657,-2.921700968722348,-2.4121173966234037,-360.4298923326967,-1.5082952747697407,1.868873625625923,4.726256700549467,1.868873625625923,168.50527452893238,100.0,IT
1966-01-01,2.8311288484011765,2.6887778940015927,2.8311288484011765,4.137080092888468,2.9829458492917738,,,,,0.0,,,,0.6240408833728783,0.0,0.14,0.7016367950355905,0.0,0.0,0.0,0.0,4.4614205183974915,-1.6173813245450788,-2.8679596350956738,-360.3563503438741,-1.630291669996315,1.8828625932733638,4.758133353415885,1.8828625932733638,168.50527452893238,100.0,IT
1966-04-01,2.570589437014492,1.2485724603535253,2.570589437014492,3.660394857474092,2.15570921222632,,,,,0.0,,,,0.6332396422704873,0.0,0.14,0.7099156780434387,0.0,0.0,0.0,0.0,4.083254302120892,-0.670764267267657,-2.9478212948953653,-360.12956615590593,-1.5126648651063999,1.8930372462326837,4.773008743259929,1.8930372462326837,168.50527452893238,100.0,IT
1966-07-01,1.8155764233887206,0.88948014839767,1.8155764233887206,3.3178552253377624,3.4782444037922744,,,,,0.0,,,,0.642540609600292,0.0,0.14,0.7182865486402629,0.0,0.0,0.0,0.0,3.629718726374458,-0.16727511407214024,-3.4304908312002844,-359.48237509205734,-1.8141423029857373,1.9095701393803155,4.783634294215402,1.9095701393803155,175.62268404588315,100.0,IT
1966-10-01,2.0692585449101575,3.450203676887842,2.0692585449101575,3.871040527859737,6.86726264612858,,,,,0.0,,,,0.6519437853622924,0.0,0.14,0.7267494068260631,0.0,0.0,0.0,0.0,3.317626690081598,0.23553353748627615,-2.7997348909864126,-358.6281103497471,-1.2483681451714403,1.942636974717022,4.825074038315148,1.942636974717022,175.62268404588315,100.0,IT
1967-01-01,3.291368886262891,7.5772192594125265,3.291368886262891,5.038126583238833,7.651290070808159,,,,,0.0,,,,0.6613469611242928,0.0,0.14,0.7352122650118635,0.0,0.0,0.0,0.0,3.3123751293178563,1.486152290872667,-1.1700516321346006,-358.6095926468982,-0.021006243054965346,1.9801538438565365,4.917346853088599,1.9801538438565365,175.62268404588315,100.0,IT
1967-04-01,3.593620069798753,2.4575771944969738,3.593620069798753,5.3624963859923325,3.4531884232403165,,,,,0.0,,,,0.6705457200219018,0.0,0.14,0.7434911480197117,0.0,0.0,0.0,0.0,3.3686241174140354,2.3517103909766206,-0.489634232322139,-358.3606898397124,0.2249959523847176,1.9973224561188547,4.947651752254754,1.9973224561188547,175.62268404588315,100.0,IT
1967-07-01,4.141954029523109,3.0828159872950955,4.141954029523109,5.601087511834768,4.432608907162017,,,,,0.0,,,,0.6798466873517065,0.0,0.14,0.7518620186165359,0.0,0.0,0.0,0.0,3.52329009983585,3.074897928286134,0.5122353031486515,-358.02324160974564,0.6186639296872594,2.019578919381555,4.985930821741231,2.019578919381555,184.6974570126626,100.0,IT
1967-10-01,3.630673416606589,1.4050812252217604,3.630673416606589,4.480723661004848,2.3858072428089017,,,,,0.0,,,,0.689249863113707,0.0,0.14,0.7603248768023363,0.0,0.0,0.0,0.0,3.544766763189998,3.780869071679035,0.3130467265249912,-357.77806010534886,0.0859066534165911,2.031660729684935,5.003475713167215,2.031660729684935,184.6974570126626,100.0,IT
1968-01-01,1.991066847747902,1.0187929839777787,1.991066847747902,3.812063607935934,4.9766498585325,,,,,0.0,,,,0.6986530388757073,0.0,0.14,0.7687877349881366,0.0,0.0,0.0,0.0,3.234026780101579,3.618135880622617,-1.3213082815699542,-356.78859588671014,-1.2429599323536769,2.0570957885210692,5.016235720907387,2.0570957885210692,184.6974570126626,100.0,IT
1968-04-01,1.6624276859717568,1.1430205473923927,1.6624276859717568,3.7185926971954997,3.07930478027858,,,,,0.0,,,,0.707954006205512,0.0,0.14,0.7771586055849607,0.0,0.0,0.0,0.0,2.9197069612756144,3.9972222792634398,-1.7061964314422786,-356.30452482848864,-1.2572792753038575,2.072992962554014,5.030590371964816,2.072992962554014,184.6974570126626,100.0,IT
1968-07-01,0.7013110222558572,-0.7616506675685031,0.7013110222558572,3.283043852078271,2.690413526693103,,,,,0.0,,,,0.7172549735353166,0.0,0.14,0.785529476181785,0.0,0.0,0.0,0.0,2.476027773471663,3.881264361784247,-2.821979077579993,-355.44150877992325,-1.7747167512158057,2.086982979242898,5.021020604593197,2.086982979242898,191.87416278289254,100.0,IT
1968-10-01,0.7305041688554503,1.521853811620133,0.7305041688554503,3.2638355187014634,2.3089739093016703,,,,,0.0,,,,0.726658149297317,0.0,0.14,0.7939923343675853,0.0,0.0,0.0,0.0,2.1269230525484204,4.455745596765553,-2.8142625943345476,-355.2447287555028,-1.39641888369297,2.099064789546278,5.040160139336436,2.099064789546278,191.87416278289254,100.0,IT
1969-01-01,1.263831708920149,3.1521031442365732,1.263831708920149,3.4334653907832635,5.655169346859701,,,,,0.0,,,,0.7360613250593173,0.0,0.14,0.8024551925533856,0.0,0.0,0.0,0.0,1.954304783822766,4.576875410639275,-1.97019507118143,-354.61896220484704,-0.6904730749026171,2.1289519802681074,5.0800348058742095,2.1289519802681074,191.87416278289254,100.0,IT
1969-04-01,1.9777809691077897,3.9988175881429555,1.9777809691077897,7.017872418338822,17.416932890500814,,,,,0.0,,,,0.7452600839569264,0.0,0.14,0.8107340755612338,0.0,0.0,0.0,0.0,1.9590000208797709,1.9315241753866417,-0.9419259921678247,-351.26443337925764,0.01878094822801879,2.2236993053510887,5.131074836834901,2.2236993053510887,191.87416278289254,100.0,IT
1969-07-01,3.311781577027828,4.5743517641116505,3.311781577027828,8.774729259843994,9.717840892713792,,,,,0.0,,,,0.7545610512867311,0.0,0.14,0.8191049461580581,0.0,0.0,0.0,0.0,2.2295563321093823,1.5288785764716977,0.8357538035561651,-349.9785610971071,1.0822252449184457,2.278384786752922,5.1900899918499555,2.278384786752922,198.57649852688925,100.0,IT
1969-10-01,3.9099091063823144,3.9143639290380783,3.9099091063823144,9.665882020856742,5.873584953352662,,,,,0.0,,,,0.7639642270487315,0.0,0.14,0.8275678043438583,0.0,0.0,0.0,0.0,2.565626886963969,1.9047564095728262,1.782986053833894,-349.4887558410284,1.3442822194183455,2.3120873412043155,5.241129069076606,2.3120873412043155,198.57649852688925,100.0,IT
1970-01-01,4.661994039444806,6.160442876486538,4.661994039444806,20.018172297365556,47.06433045289495,,,,,0.0,,,,0.7733674028107318,0.0,0.14,0.8360306625296586,0.0,0.0,0.0,0.0,2.984900317460136,-7.560341936772261,2.7076892556220393,-339.26278394692633,1.6770937219846695,2.6007803992975114,5.322473045469413,2.6007803992975114,198.57649852688925,100.0,IT
1970-04-01,4.972224242823553,5.239738401657945,4.972224242823553,19.100539357081647,13.746401129365182,,,,,0.0,,,,0.7825661617083409,0.0,0.14,0.8443095455375068,0.0,0.0,0.0,0.0,3.3823651025328196,-8.015965477503642,3.013224221943782,-337.1361182649995,1.5898591402907334,2.691712360650928,5.392652611173343,2.691712360650928,198.57649852688925,100.0,IT
1970-07-01,4.594691095496595,3.0642191748038172,4.594691095496595,18.821167299791398,8.60035266355279,,,,,0.0,,,,0.7918671290381456,0.0,0.14,0.8526804161343311,0.0,0.0,0.0,0.0,3.6248303011255745,-7.604100751779697,2.3651347633872124,-335.75208489281226,0.9698607943710202,2.750213205782326,5.434121921028374,2.750213205782326,242.58596244374925,100.0,IT
1970-10-01,5.159760385025036,6.174641087151844,5.159760385025036,20.359176732735595,12.025622685129456,,,,,0.0,,,,0.8012703048001459,0.0,0.14,0.8611432743201314,0.0,0.0,0.0,0.0,3.931816317905467,-7.307232076430921,2.5941334980610673,-334.28933949331787,1.2279440671195694,2.834151207832744,5.518657091523775,2.834151207832744,242.58596244374925,100.0,IT
1971-01-01,4.812892215314979,4.772970197646309,4.812892215314979,14.368728632088157,23.1025380503052,,,,,0.0,,,,0.8106734805621463,0.0,0.14,0.8696061325059317,0.0,0.0,0.0,0.0,4.108031497387369,-10.150549379656695,1.8279918978548428,-329.7069475301531,0.7048607179276098,3.0026608329653808,5.584902504306843,3.0026608329653808,242.58596244374925,100.0,IT
1971-04-01,4.596223470185978,4.373063421141943,4.596223470185978,12.716215570225287,7.136348881913701,,,,,0.0,,,,0.8198722394597554,0.0,0.14,0.8778850155137798,0.0,0.0,0.0,0.0,4.205669891947091,-8.772553002442407,1.2138583676531587,-329.0161261649602,0.3905535782388876,3.05671164429397,5.646295318287161,3.05671164429397,242.58596244374925,100.0,IT
1971-07-01,4.721609491312528,3.5657632593100175,4.721609491312528,12.604706482543037,8.154316312823795,,,,,0.0,,,,0.8291732067895601,0.0,0.14,0.8862558861106041,0.0,0.0,0.0,0.0,4.308857811820178,-7.995573107509301,1.096779190186954,-327.86898790158176,0.4127516794923505,3.119664621311062,5.696853713556935,3.119664621311062,280.0710772250527,100.0,IT
1971-10-01,4.594175002863499,5.664903133355725,4.594175002863499,11.215809715010195,6.470035614998082,,,,,0.0,,,,0.8385763825515604,0.0,0.14,0.8947187442964044,0.0,0.0,0.0,0.0,4.365921250028842,-6.363231136510819,0.6623586849580319,-327.66770478117115,0.22825375283465643,3.170535788024774,5.7781080389498465,3.170535788024774,280.0710772250527,100.0,IT
1972-01-01,4.643183230641568,4.969003108758585,4.643183230641568,8.59872551002927,12.634201230381503,,,,,0.0,,,,0.8479795583135609,0.0,0.14,0.9031816024822048,0.0,0.0,0.0,0.0,4.4213736461513875,-6.6028475982483315,0.5351517332541986,-325.7514052507654,0.22180958449018018,3.272277072410754,5.8503343179066665,3.272277072410754,280.0710772250527,100.0,IT
1972-04-01,4.898802243419209,5.3955394722525085,4.898802243419209,8.510243369865812,6.782420321259863,,,,,0.0,,,,0.8572805256433655,0.0,0.14,0.911552473079029,0.0,0.0,0.0,0.0,4.516859365604952,-5.184650016992748,0.6931323514721184,-325.4046850385136,0.3819428778142573,3.3282350410834045,5.929783224759168,3.3282350410834045,280.0710772250527,100.0,IT
1972-07-01,5.78800526019323,7.1225753264061,5.78800526019323,10.148013807196854,14.705398062147967,,,,,0.0,,,,0.8665814929731703,0.0,0.14,0.9199233436758534,0.0,0.0,0.0,0.0,4.771088544522607,-5.43095948739159,1.4791474483730518,-323.5089793545781,1.0169167156706225,3.452869556888215,6.036317224653988,3.452869556888215,305.2193423204013,100.0,IT
1972-10-01,6.9700925879109255,10.393252444226508,6.9700925879109255,12.165287978203976,14.53913229902657,,,,,0.0,,,,0.8759846687351707,0.0,0.14,0.9283862018616537,0.0,0.0,0.0,0.0,5.210889353200271,-4.664749456014306,2.604171337882083,-322.4725093908781,1.7592032347106548,3.58068266826646,6.195215038358991,3.58068266826646,305.2193423204013,100.0,IT
1973-01-01,8.430713975813342,10.811488660368251,8.430713975813342,14.129864689840876,20.492508076929106,,,,,0.0,,,,0.885387844497171,0.0,0.14,0.9368490600474539,0.0,0.0,0.0,0.0,5.854854277722885,-5.346412757302062,4.0093403296619545,-320.0522545367379,2.575859698090457,3.768905880203049,6.3649472707745405,3.768905880203049,305.2193423204013,100.0,IT
1973-04-01,10.484280521981958,13.609805656926977,10.484280521981958,21.647276389470992,36.85206711978033,,,,,0.0,,,,0.89458660339478,0.0,0.14,0.945127943055302,0.0,0.0,0.0,0.0,6.7807395265747,-9.313294731311942,5.967421156377006,-314.2416891710246,3.7035409954072582,4.132633725616717,6.585237898459861,4.132633725616717,305.2193423204013,100.0,IT
1973-07-01,10.980772567626062,9.108543508982514,10.980772567626062,24.895859062525606,27.699728754366415,,,,,0.0,,,,0.9038875707245847,0.0,0.14,0.9534988136521263,0.0,0.0,0.0,0.0,7.620746134784972,-11.594266060809957,6.2096840231034545,-309.5938928596786,3.3600264328410896,4.428957511169042,6.736913084269183,4.428957511169042,351.54204505536757,100.0,IT
1973-10-01,11.027413925398344,10.579817875315634,11.027413925398344,25.24386151134601,15.931142094308193,,,,,0.0,,,,0.9132907464865851,0.0,0.14,0.9619616718379267,0.0,0.0,0.0,0.0,8.302079692907647,-10.235772167245614,5.816524572198073,-308.2560618049304,2.725334232490697,4.608913227490373,6.917478781661233,4.608913227490373,351.54204505536757,100.0,IT
1974-01-01,13.537370175696983,20.85131366156281,13.537370175696983,24.612678913161258,17.96777768419009,,,,,0.0,,,,0.9226939222485855,0.0,0.14,0.970424530023727,0.0,0.0,0.0,0.0,9.349137789465514,-6.947954722120926,7.682515897974098,-308.9769457992736,4.188232386231469,4.820663291877593,7.287639176615465,4.820663291877593,351.54204505536757,100.0,IT
1974-04-01,15.183694666021164,20.195103618223698,15.183694666021164,19.900453449871613,18.003165266621757,,,,,0.0,,,,0.9318926811461945,0.0,0.14,0.978703413031575,0.0,0.0,0.0,0.0,10.516049164776645,-3.9997808504221553,8.402955139446465,-309.5249303871741,4.66764550124452,5.042588009224132,7.665022199465384,5.042588009224132,351.54204505536757,100.0,IT
1974-07-01,18.71787978157984,23.245283971217212,18.71787978157984,18.36366839976471,21.5525885539388,,,,,0.0,,,,0.9411936484759993,0.0,0.14,0.9870742836283994,0.0,0.0,0.0,0.0,12.156415288137284,-1.260165089040072,11.097133646794866,-309.94810424149375,6.561464493442555,5.321743182514139,8.123658593974168,5.321743182514139,449.6439778588182,100.0,IT
1974-10-01,22.06869471646875,23.983077614871284,22.06869471646875,18.729907429159297,17.396098211886546,,,,,0.0,,,,0.9505968242379996,0.0,0.14,0.9955371418141997,0.0,0.0,0.0,0.0,14.138871173803578,2.488539400833133,13.766615023561105,-311.5948490922399,7.929823542665174,5.558293635664248,8.62563266332513,5.558293635664248,449.6439778588182,100.0,IT
1975-01-01,20.332503416816515,13.906548462953872,20.332503416816515,24.977442544157746,42.95791814418388,,,,,0.0,,,,0.96,0.0,0.14,1.0,0.0,0.0,0.0,0.0,15.377597622406165,-2.9652313616862216,10.983365627351,-304.33200667193245,4.954905794410349,6.188458075908413,8.930788453484183,6.188458075908413,449.6439778588182,100.0,IT
1975-04-01,17.976619766815503,10.771569018219651,17.976619766815503,25.993627192264025,22.067903859046865,,,,,0.0,,,,0.96,0.0,0.14,1.0,0.0,0.0,0.0,0.0,15.897402051288033,-3.4088678391872804,7.4605706020388585,-301.50792296172557,2.07921771552747,6.539467342862572,9.174552383396959,6.539467342862572,449.6439778588182,100.0,IT
1975-07-01,14.056373196912197,7.564297691603983,14.056373196912197,23.23493793892274,10.517831540573663,,,,,0.0,,,,0.96,0.0,0.14,1.0,0.0,0.0,0.0,0.0,15.529196280412865,-1.68104675442828,1.8999579087749137,-300.76953949948313,-1.4728230835006677,6.713700538110275,9.34970087143374,6.713700538110275,577.2240742788313,100.0,IT
1975-10-01,10.916350866624303,11.422988293719705,10.916350866624303,20.65089853668498,7.0599406029355105,,,,,0.0,,,,0.96,0.0,0.14,1.0,0.0,0.0,0.0,0.0,14.606627197655152,1.732737288179635,-3.222520307179275,-301.86030142217925,-3.6902763310308497,6.833248251956148,9.620553709325,6.833248251956148,577.2240742788313,100.0,IT
1976-01-01,11.521893375900083,16.328718500056993,11.521893375900083,12.52931132427415,10.471569294540561,,,,,0.0,,,,0.96,0.0,0.14,1.0,0.0,0.0,0.0,0.0,13.98968043330414,5.209245699754035,-3.8557042465060825,-303.3245887235583,-2.467787057404056,7.0144974363771615,10.02140812693429,7.0144974363771615,577.2240742788313,100.0,IT
1976-04-01,14.961377363814199,24.529504969876115,14.961377363814199,15.143974326161857,32.5265558665977,,,,,0.0,,,,0.96,0.0,0.14,1.0,0.0,0.0,0.0,0.0,14.184019819406151,4.854467651527273,-0.936024687473834,-301.3253259993779,0.7773575444080478,7.608723814854095,10.655193009479854,7.608723814854095,577.2240742788313,100.0,IT
1976-07-01,15.828090852059384,11.031151644584725,15.828090852059384,22.646289899221838,40.52709383281359,,,,,0.0,,,,0.96,0.0,0.14,1.0,0.0,0.0,0.0,0.0,14.512834025936797,-0.8822484201920702,0.2988945716465192,-293.9513404523207,1.315256826122587,8.420028339209164,10.95312998667939,8.420028339209164,654.2723146184832,100.0,IT
1976-10-01,18.759154397568565,23.147242475756435,18.759154397568565,24.91349170881037,16.128747841289638,,,,,0.0,,,,0.96,0.0,0.14,1.0,0.0,0.0,0.0,0.0,15.36209810026315,3.05572186361195,4.152527199913413,-295.70596411093743,3.397056297305415,8.76647742300896,11.605665280479291,8.76647742300896,654.2723146184832,100.0,IT
1977-01-01,18.44099348932753,15.056074867092839,18.44099348932753,28.94778657348413,26.608748753235602,,,,,0.0,,,,0.96,0.0,0.14,1.0,0.0,0.0,0.0,0.0,15.977877178076026,1.9693940812196615,4.451313056023389,-292.81779563940177,2.463116311251502,9.36947378795253,12.050830181653009,9.36947378795253,654.2723146184832,100.0,IT
1977-04-01,16.039446440981074,14.923316776490303,16.039446440981074,27.07527884085883,25.036524936096495,,,,,0.0,,,,0.96,0.0,0.14,1.0,0.0,0.0,0.0,0.0,15.990191030657035,1.2907384299268188,1.8554266215749227,-290.28949359950013,0.04925541032403835,9.974663698554203,12.508918179087976,9.974663698554203,654.2723146184832,100.0,IT
1977-07-01,15.787486204218215,10.023310697533283,15.787486204218215,21.98046342146636,20.147832155243716,,,,,0.0,,,,0.96,0.0,0.14,1.0,0.0,0.0,0.0,0.0,15.949650065369271,0.6224417438409091,1.2746521782814177,-287.7583632350726,-0.16216386115105585,10.489951806499853,12.826330405413334,10.489951806499853,873.93107740118,100.0,IT
1977-10-01,13.292360202527176,13.166738468992278,13.292360202527176,21.197566252221122,12.99715916430868,,,,,0.0,,,,0.96,0.0,0.14,1.0,0.0,0.0,0.0,0.0,15.418192092800853,2.537141280870401,-2.0697378977359744,-287.8007580612434,-2.125831890273677,10.836398792216764,13.255558410754901,10.836398792216764,873.93107740118,100.0,IT
1978-01-01,12.107013528244082,10.314688169960462,12.107013528244082,17.966594838193977,13.684863097127021,,,,,0.0,,,,0.96,0.0,0.14,1.0,0.0,0.0,0.0,0.0,14.755956379889499,3.305615326116083,-3.8708636498319446,-286.95821432945183,-2.648942851645417,11.213550171939891,13.601821091833243,11.213550171939891,873.93107740118,100.0,IT
1978-04-01,11.405971005459525,12.119146685352078,11.405971005459525,14.9397106531164,12.928988195786184,,,,,0.0,,,,0.96,0.0,0.14,1.0,0.0,0.0,0.0,0.0,14.085959305003504,4.582562471865742,-4.58422002519751,-286.7557539518433,-2.6799882995439788,11.58192107478195,14.020233753145096,11.58192107478195,873.93107740118,100.0,IT
1978-07-01,11.26456376554077,9.457681737858259,11.26456376554077,13.674047974011275,15.085181438823215,,,,,0.0,,,,0.96,0.0,0.14,1.0,0.0,0.0,0.0,0.0,13.521680197110957,4.43282808181209,-4.685086299828502,-285.34887902660205,-2.2571164315701875,12.02705034003595,14.355681090193725,12.02705034003595,1045.9360050568157,100.0,IT
1978-10-01,10.943384543264134,11.882021579885738,10.943384543264134,13.830106530241576,13.62139338922988,,,,,0.0,,,,0.96,0.0,0.14,1.0,0.0,0.0,0.0,0.0,13.006021066341592,5.174787979508096,-4.4748075495367186,-284.91403607426605,-2.062636523077458,12.443666658858945,14.788514210211863,12.443666658858945,1045.9360050568157,100.0,IT
1979-01-01,12.145941818144035,15.124917269480065,12.145941818144035,14.60168209610267,16.7711653605714,,,,,0.0,,,,0.96,0.0,0.14,1.0,0.0,0.0,0.0,0.0,12.834005216702081,5.724521911956856,-2.610014561745464,-284.50247405149315,-0.6880633985580467,12.976495788779314,15.358408449322626,12.976495788779314,1045.9360050568157,100.0,IT
1979-04-01,12.736965631665065,14.483241939436198,12.736965631665065,15.76606640906784,17.58652544764686,,,,,0.0,,,,0.96,0.0,0.14,1.0,0.0,0.0,0.0,0.0,12.814597299694679,5.714345650202915,-1.3489936733384393,-283.7266531744405,-0.07763166802961408,13.559752340882849,15.924697573756818,13.559752340882849,1045.9360050568157,100.0,IT
1979-07-01,13.801216348424727,13.71468460489691,13.801216348424727,18.52037702604911,26.1024239067483,,,,,0.0,,,,0.96,0.0,0.14,1.0,0.0,0.0,0.0,0.0,13.011921109440689,3.3715872023782936,0.27953615131377063,-280.62971834897763,0.7892952389840389,14.474117843759666,16.480171354161296,14.474117843759666,1210.3735174713572,100.0,IT
1979-10-01,16.28232832417087,21.806469482870305,16.28232832417087,20.03660077882275,19.686288400324443,,,,,0.0,,,,0.96,0.0,0.14,1.0,0.0,0.0,0.0,0.0,13.666002552386725,4.774980916834977,3.276307257829277,-281.1597636196141,2.616325771784144,15.204292650008236,17.403548041043965,15.204292650008236,1210.3735174713572,100.0,IT
1980-01-01,18.766995108113527,25.063584405250694,18.766995108113527,17.74374569401272,7.599745021331278,,,,,0.0,,,,0.96,0.0,0.14,1.0,0.0,0.0,0.0,0.0,14.686201063532085,9.72093249048288,5.932989891411445,-285.525723465594,4.080794044581442,15.49592617126722,18.528925597899622,15.49592617126722,1210.3735174713572,100.0,IT
1980-04-01,18.984326146823527,15.352566094276199,18.984326146823527,18.005543910982144,18.633718315524554,,,,,0.0,,,,0.96,0.0,0.14,1.0,0.0,0.0,0.0,0.0,15.545826080190373,9.331865617840776,6.169728847128848,-284.7054354102819,3.4385000666331536,16.23487096398243,19.25391606682629,16.23487096398243,1210.3735174713572,100.0,IT
1980-07-01,19.720259843617207,16.65841939207162,19.720259843617207,16.60047913532523,20.48216480412064,,,,,0.0,,,,0.96,0.0,0.14,1.0,0.0,0.0,0.0,0.0,16.38071283287574,8.797011018666865,6.708338734176518,-283.74949905726965,3.339547010741466,17.087836071178355,20.0726967413863,17.087836071178355,1445.3716143160334,100.0,IT
1980-10-01,18.966346375304035,18.790815609617617,18.966346375304035,15.961590508615425,17.13073389348523,,,,,0.0,,,,0.96,0.0,0.14,1.0,0.0,0.0,0.0,0.0,16.8978395413614,9.601575238208454,5.300343822917309,-284.1645194863027,2.068506833942635,17.8355508503602,21.038152174176467,17.8355508503602,1445.3716143160334,100.0,IT
1981-01-01,16.84289255253986,16.56976911419399,16.84289255253986,20.20075732135918,24.556412272306293,,,,,0.0,,,,0.96,0.0,0.14,1.0,0.0,0.0,0.0,0.0,16.88685014359709,7.8317094645831276,2.1566914890077733,-282.16785869677466,-0.04395759105723229,18.964802002498494,21.927947885460696,18.964802002498494,1445.3716143160334,100.0,IT
1981-04-01,17.323222794951796,17.273887063923965,17.323222794951796,21.29345398570782,23.004504972919126,,,,,0.0,,,,0.96,0.0,0.14,1.0,0.0,0.0,0.0,0.0,16.974124673868033,6.879472495564187,1.777396714761423,-280.7352042195259,0.34909812108376315,20.08746517437237,22.895644593248203,20.08746517437237,1445.3716143160334,100.0,IT
1981-07-01,16.104995367503385,11.785509682277961,16.104995367503385,21.020241813110363,19.389316113730803,,,,,0.0,,,,0.96,0.0,0.14,1.0,0.0,0.0,0.0,0.0,16.800298812595102,5.456559267806767,-0.275717465372356,-278.83425261166263,-0.6953034450917173,21.085156039096677,23.580273037541932,21.085156039096677,1768.9285675845197,100.0,IT
1981-10-01,15.910732058791721,18.01376237477097,15.910732058791721,20.59321658199018,15.422632969004502,,,,,0.0,,,,0.96,0.0,0.14,1.0,0.0,0.0,0.0,0.0,16.622385461834426,6.648548289917073,-0.9871074825696784,-279.4820349631043,-0.7116534030427051,21.914003683509346,24.666471199976005,21.914003683509346,1768.9285675845197,100.0,IT
1982-01-01,15.719088186768815,15.803193626102363,15.719088186768815,18.07011693457037,14.46401368262704,,,,,0.0,,,,0.96,0.0,0.14,1.0,0.0,0.0,0.0,0.0,16.441726006821305,7.28501489744815,-1.1677619568282758,-279.8168299489731,-0.7226378200524906,22.720915871340996,25.66050050464715,22.720915871340996,1768.9285675845197,100.0,IT
1982-04-01,14.382910876712929,11.929177823700421,14.382910876712929,15.808834180820863,13.959373957921105,,,,,0.0,,,,0.96,0.0,0.14,1.0,0.0,0.0,0.0,0.0,16.02996298079963,6.963513846997671,-2.5912137971551044,-279.30928091541796,-1.6470521040867023,23.52783854958707,26.437297806703803,23.52783854958707,1768.9285675845197,100.0,IT
1982-07-01,15.4629218000502,16.105553375627046,15.4629218000502,14.729341783383488,15.0713465239813,,,,,0.0,,,,0.96,0.0,0.14,1.0,0.0,0.0,0.0,0.0,15.916554744649744,7.300866552791206,-1.337377012544902,-279.56783262832937,-0.4536329445995442,24.431241569380596,27.52348643179747,24.431241569380596,2119.277446777699,100.0,IT
1982-10-01,15.449369178763384,17.959551889623704,15.449369178763384,14.539263223171162,14.6623187281552,,,,,0.0,,,,0.96,0.0,0.14,1.0,0.0,0.0,0.0,0.0,15.823117631472472,8.102907108795591,-1.1730162830710427,-280.3921409186965,-0.37374845270908885,25.343404085226318,28.787422470190787,25.343404085226318,2119.277446777699,100.0,IT
1983-01-01,14.959591794304172,13.844084088265518,14.959591794304172,18.32872899577989,29.621876773061963,,,,,0.0,,,,0.96,0.0,0.14,1.0,0.0,0.0,0.0,0.0,15.650412464038812,3.940565884833802,-1.482134212517133,-276.44769274749746,-0.6908206697346397,27.29144257433529,29.801203606859758,27.29144257433529,2119.277446777699,100.0,IT
1983-04-01,14.829949384054153,11.410608182700344,14.829949384054153,17.422384389744494,10.333995533779516,,,,,0.0,,,,0.8465753424657534,0.0,0.14,0.9019178082191781,0.0,0.0,0.0,0.0,15.48631984804188,4.354744655597244,-1.2000135967454781,-276.7168459097276,-0.6563704639877272,28.005703421887823,30.66356992711272,28.005703421887823,2119.277446777699,100.0,IT
1983-07-01,13.074728929640322,9.084671557971724,13.074728929640322,17.580044994124822,15.70198894150261,,,,,0.0,,,,0.7318904109589042,0.0,0.14,0.7987013698630138,0.0,0.0,0.0,0.0,15.004001664361569,2.963692345604386,-2.8418258150094218,-275.06251656384484,-1.9292727347212466,29.126929406984278,31.36795974074468,29.126929406984278,2545.5901102460207,100.0,IT
1983-10-01,11.988970171314861,13.616516856321859,11.988970171314861,16.44838725094464,10.135687755434475,,,,,0.0,,,,0.6159452054794521,0.0,0.14,0.6943506849315069,0.0,0.0,0.0,0.0,14.400995365752227,4.368549226295102,-3.8341474601576113,-275.9327238390667,-2.4120251944373656,29.87441339704858,32.45414836583834,29.87441339704858,2545.5901102460207,100.0,IT
1984-01-01,11.407007326739915,11.516232709965735,11.407007326739915,12.673742838922763,14.523299124974454,,,,,0.0,,,,0.5,0.0,0.14,0.5900000000000001,0.0,0.0,0.0,0.0,13.802197757949765,4.0036355715305945,-4.243405137298897,-275.18095723531457,-2.3951904312098495,30.979033056096366,33.402102778968434,30.979033056096366,2545.5901102460207,100.0,IT
1984-04-01,10.795513180312843,8.964631596992056,10.795513180312843,11.527573538251678,5.749318331095177,,,,,0.0,,,,0.4844284736481862,0.0,0.14,0.5759856262833676,0.0,0.0,0.0,0.0,13.200860842422381,5.106356136265106,-4.690806667729037,-275.9847855517888,-2.4053476621095378,31.427519253969173,34.15914824902727,31.427519253969173,2545.5901102460207,100.0,IT
1984-07-01,9.959350402684164,5.740020447457006,9.959350402684164,10.236217814141412,10.536566045061546,,,,,0.0,,,,0.46885694729637234,0.0,0.14,0.5619712525667351,0.0,0.0,0.0,0.0,12.552558754474738,3.966237719651531,-5.044651261677405,-274.7856491523877,-2.593208351790574,32.26636426333724,34.652867750249726,32.26636426333724,2889.547518706207,100.0,IT
1984-10-01,8.939200811637038,9.535918492133355,8.939200811637038,9.488066246766158,7.143081485933456,,,,-0.2335356415143206,0.0,,,,0.4531143052703628,0.0,0.14,0.5478028747433266,0.0,0.0,0.0,0.0,11.829887165907198,4.591591752406657,-5.461794554115189,-275.3838584039376,-2.8906863542701604,32.847743031257124,35.48891101095946,32.847743031257124,2889.547518706207,100.0,IT
1985-01-01,8.925928600544175,11.463143865594283,8.925928600544175,10.332076764010257,17.899341193950846,,,,-0.3558643430661226,0.0,,,,0.43737166324435317,0.0,0.14,0.5336344969199178,0.0,0.0,0.0,0.0,11.249095452834593,2.7259551879078003,-4.87626915740559,-273.77480907184844,-2.3231668522904183,34.35100892920285,36.520660496968816,34.35100892920285,2889.547518706207,100.0,IT
1985-04-01,9.024271955525576,9.358005016917659,9.024271955525576,11.118387446563084,8.894561061306483,,,,-0.3503045632267927,0.0,,,,0.4219712525667351,0.0,0.14,0.5197741273100616,0.0,0.0,0.0,0.0,10.80413075337279,2.9979369668251934,-4.1765888868968055,-273.89067006075123,-1.779858797847215,35.12340765354737,37.38513456945331,35.12340765354737,2889.547518706207,100.0,IT
1985-07-01,8.755362989066473,4.664384581620595,8.755362989066473,10.982916334679881,9.994681597528743,,,,-0.5004347783649878,0.0,,,,0.40639972621492126,0.0,0.14,0.5057597535934292,0.0,0.0,0.0,0.0,10.394377200511528,1.8444357668295766,-3.797195765408265,-272.55809580677425,-1.6390142114450548,36.01208213147587,37.823632869677496,36.01208213147587,3204.066196536747,100.0,IT
1985-10-01,8.533970780029021,8.650349655983547,8.533970780029021,10.229621443320635,4.12990192049647,,,,-0.6116417284372906,0.0,,,,0.3906570841889117,0.0,0.14,0.49159137577002054,0.0,0.0,0.0,0.0,10.022295916415027,3.220417086120392,-3.2959163858781775,-273.688207740646,-1.4883251363860062,36.38582412650801,38.650510746249175,36.38582412650801,3204.066196536747,100.0,IT
1986-01-01,7.21213970525687,6.17581956650568,7.21213970525687,6.164815639413302,1.6401179783215092,,,,-0.7185724364975599,0.0,,,,0.37491444216290215,0.0,0.14,0.47742299794661197,0.0,0.0,0.0,0.0,9.460264674183396,4.319961788235048,-4.036955747577723,-274.822133137692,-2.2481249689265255,36.53532302260376,39.25188774606725,36.53532302260376,3204.066196536747,100.0,IT
1986-04-01,5.888839405036217,4.064803816035045,5.888839405036217,5.138804391604824,4.79051607007257,,,,-0.8531204765606626,0.0,,,,0.35951403148528405,0.0,0.14,0.46356262833675566,0.0,0.0,0.0,0.0,8.74597962035396,3.803560044317294,-4.915291348336574,-274.6407050741827,-2.8571402153177434,36.97551130265945,39.652799387719014,36.97551130265945,3204.066196536747,100.0,IT
1986-07-01,5.289844663766452,2.2684056165415356,5.289844663766452,3.5790844286881063,3.7558017458618753,,,,-1.014213311013883,0.0,,,,0.34394250513347024,0.0,0.14,0.44954825462012327,0.0,0.0,0.0,0.0,8.054752629036459,3.112907916978429,-5.104532536745076,-274.2688560418526,-2.764907965270007,37.32432807299695,39.878309801813046,37.32432807299695,3407.8065572262662,100.0,IT
1986-10-01,4.314031518847106,4.7470970763061615,4.314031518847106,4.048423365356923,6.007257667171739,,,,-1.0759332244133049,0.0,,,,0.32819986310746063,0.0,0.14,0.4353798767967146,0.0,0.0,0.0,0.0,7.306608406998588,2.810677180307721,-5.7082643975679215,-273.95381589413614,-2.9925768881514827,37.88910051486817,40.35439476060962,37.88910051486817,3407.8065572262662,100.0,IT
1987-01-01,4.188104062310272,5.672109740358344,4.188104062310272,5.312144909094085,6.6950041532701565,,,,-1.1382419006496747,0.0,,,,0.3124572210814511,0.0,0.14,0.421211498973306,0.0,0.0,0.0,0.0,6.682907538060925,2.4290854043160266,-5.272160611873124,-273.6980922909082,-2.494803475750653,38.52860666916561,40.93070762981915,38.52860666916561,3407.8065572262662,100.0,IT
1987-04-01,4.328339150852489,4.625744170203916,4.328339150852489,6.352710675939877,8.952779137455735,,,,-1.4531130492748847,0.0,,,,0.297056810403833,0.0,0.14,0.40735112936344975,0.0,0.0,0.0,0.0,6.211993860619238,1.3188855053878683,-4.417640469501471,-272.61633354909526,-1.8836547097667484,39.40067482104544,41.40679258861573,39.40067482104544,3407.8065572262662,100.0,IT
1987-07-01,4.784717441297515,4.093918778321637,4.784717441297515,6.378743727754877,3.8599339531218746,,,,-1.5030585893386057,0.0,,,,0.28148528405201917,0.0,0.14,0.39333675564681725,0.0,0.0,0.0,0.0,5.9265385767548935,1.5197184487929576,-3.2700351877389444,-272.67482975539525,-1.1418211354573788,39.78272522430915,41.83275882353564,39.78272522430915,3593.728687351209,100.0,IT
1987-10-01,5.231732557020319,6.535157539197378,5.231732557020319,6.922657914763841,8.182914415207598,,,,-1.364517957646381,0.0,,,,0.2657426420260096,0.0,0.14,0.3791683778234087,0.0,0.0,0.0,0.0,5.787577372807979,1.3125842887715748,-2.0748758499782696,-272.26289053639266,-0.5558448157876601,40.604953417214105,42.52183166846239,40.604953417214105,3593.728687351209,100.0,IT
1988-01-01,5.014485369951327,4.803120992082377,5.014485369951327,6.408058422722762,4.63660618510584,,,,-1.1993740103777562,0.0,,,,0.25,0.0,0.14,0.365,0.0,0.0,0.0,0.0,5.632958972236649,1.53991558275834,-1.6684221681095979,-272.30451923813683,-0.6184736022853219,41.07836483978157,43.03550328583138,41.07836483978157,3593.728687351209,100.0,IT
1988-04-01,4.9006160055657055,4.17026671266143,4.9006160055657055,6.012855407435902,7.3719670763082945,,,,-1.0142130441156265,0.0,,,,0.2344284736481862,0.0,0.14,0.3509856262833676,0.0,0.0,0.0,0.0,5.48649037890246,0.906636924377267,-1.3113778550535322,-271.50409414722503,-0.5858743733367549,41.84245515589454,43.48652411401941,41.84245515589454,3593.728687351209,100.0,IT
1988-07-01,4.851927849475457,3.8991661539606426,4.851927849475457,6.094390270683747,4.186073406113255,,,,-0.8724236618668986,0.0,,,,0.21885694729637234,0.0,0.14,0.3369712525667351,0.0,0.0,0.0,0.0,5.359577873017059,1.0366403998656892,-1.0746107272794365,-271.43236733418695,-0.5076500235416024,42.28264343595023,43.91249988627974,42.28264343595023,3831.555587301991,100.0,IT
1988-10-01,4.971576584854009,7.013752480711588,4.971576584854009,5.200907660966192,4.608983976337377,,,,-0.9675061660298798,0.0,,,,0.20311430527036278,0.0,0.14,0.32280287474332653,0.0,0.0,0.0,0.0,5.2819776153844495,1.8638300694385634,-0.8160007879539695,-272.03355946028046,-0.3104010305304401,42.77266118456636,44.68926857631515,42.77266118456636,3831.555587301991,100.0,IT
1989-01-01,5.686714385582237,7.663672194995286,5.686714385582237,5.525817526621624,5.936245647727567,,,,-0.8707555644399179,0.0,,,,0.18737166324435317,0.0,0.14,0.30863449691991784,0.0,0.0,0.0,0.0,5.362924969424007,2.4314546126651067,0.053755413345587755,-272.4654160970974,0.3237894161582293,43.412167338863796,45.55373311145924,43.412167338863796,3831.555587301991,100.0,IT
1989-04-01,6.253782909476291,6.438540808237647,6.253782909476291,5.615449016762009,7.730493036869834,,,,-0.7723368153795516,0.0,,,,0.17197125256673512,0.0,0.14,0.29477412731006164,0.0,0.0,0.0,0.0,5.541096557434464,2.1736695355612596,0.7672925305738305,-272.1424280399394,0.7126863520418265,44.25932075646342,46.292915142922254,44.25932075646342,3831.555587301991,100.0,IT
1989-07-01,6.194958426297781,3.6638682212466023,6.194958426297781,5.9850155744431754,5.664339636837923,,,,-0.5771674647292251,0.0,,,,0.15639972621492126,0.0,0.14,0.2807597535934292,0.0,0.0,0.0,0.0,5.671868931207127,1.7665320609885384,0.8353805532807215,-271.6423101860415,0.5230894950906535,44.890528992943736,46.71889091518256,44.890528992943736,4049.239373886361,100.0,IT
1989-10-01,6.143230816684753,6.8068420422594755,6.143230816684753,6.4113610240345675,6.314365774702946,,,,-0.16681169439164378,0.0,,,,0.1406570841889117,0.0,0.14,0.26659137577002057,0.0,0.0,0.0,0.0,5.766141308302652,2.154846609600213,0.8612532013003031,-271.76542925293063,0.37708950838210065,45.60478984049627,47.520714198486125,45.60478984049627,4049.239373886361,100.0,IT
1990-01-01,6.262871951054283,8.142236732473407,6.262871951054283,7.106977846719675,8.718712938467998,,,,0.25021716626179114,0.0,,,,0.12491444216290215,0.0,0.14,0.25242299794661194,0.0,0.0,0.0,0.0,5.865487436852979,2.200503279474276,0.8999469816302756,-271.621310201432,0.3973845142013044,46.60974007200875,48.49793870934742,46.60974007200875,4049.239373886361,100.0,IT
1990-04-01,5.911118165317308,5.031525665289749,5.911118165317308,6.817935120781393,6.574322133116706,,,,0.3936749461980398,0.0,,,,0.10951403148528405,0.0,0.14,0.23856262833675568,0.0,0.0,0.0,0.0,5.8746135825458445,1.747769588230824,0.370021607882844,-271.23561108447524,0.036504582771463845,47.38213879635327,49.111838237129355,47.38213879635327,4049.239373886361,100.0,IT
1990-07-01,6.338126613942174,5.371902015746066,6.338126613942174,7.0533329471198725,6.60593094219184,,,,0.5221196991611841,0.0,,,,0.09394250513347024,0.0,0.14,0.22454825462012323,0.0,0.0,0.0,0.0,5.9673161888251105,1.4014885382984517,0.666257682735047,-270.9271038528638,0.37081042511706386,48.17114384674646,49.775846951447555,48.17114384674646,4347.490721506243,100.0,IT
1990-10-01,6.5065767842824584,7.480642723620612,6.5065767842824584,6.963607043929043,5.955462161939629,,,,0.6055247706839477,0.0,,,,0.07819986310746063,0.0,0.14,0.2103798767967146,0.0,0.0,0.0,0.0,6.07516830791658,1.775527062852575,0.7404354759798064,-271.3083989932841,0.43140847636587853,48.89371310253054,50.71549434107686,48.89371310253054,4347.490721506243,100.0,IT
1991-01-01,6.146397283230742,6.701518728266542,6.146397283230742,7.653992312764291,11.480254013808988,,,,0.7089488128937198,0.0,,,,0.062457221081451075,0.0,0.14,0.19621149897330598,0.0,0.0,0.0,0.0,6.089414102979412,0.46379295305553114,0.28090984637776373,-270.11371517189843,0.05698318025133009,50.317325283680596,51.57232900388957,50.317325283680596,4347.490721506243,100.0,IT
1991-04-01,6.318688741971501,5.720691500252784,6.318688741971501,9.245511764317538,12.940399939329694,,,,0.8607475303556864,0.0,,,,0.04705681040383297,0.0,0.14,0.1823511293634497,0.0,0.0,0.0,0.0,6.13526903077783,-1.2806501762159996,0.44407515942565645,-268.3087880621292,0.18341971119367084,51.97175805361704,52.31520198609289,51.97175805361704,4347.490721506243,100.0,IT
1991-07-01,6.13650617894832,4.643171763653342,6.13650617894832,10.073011029552159,9.915928003130325,,,,0.8657515223760903,0.0,,,,0.03148528405201917,0.0,0.14,0.16833675564681727,0.0,0.0,0.0,0.0,6.135516460411928,-2.3270817017005356,0.16918999012320945,-266.99059900226,0.0009897185363918481,53.276230598042694,52.926011415580625,53.276230598042694,4693.313124335242,100.0,IT
1991-10-01,5.660210513820507,5.575460063109361,5.660210513820507,10.036656020448476,5.810042125524895,,,,0.6722499688922063,0.0,,,,0.015742642026009612,0.0,0.14,0.15416837782340867,0.0,0.0,0.0,0.0,6.040455271093644,-1.9275857524993967,-0.4149577940960727,-266.93195348665614,-0.3802447572731369,54.05572084254445,53.66889393512435,54.05572084254445,4693.313124335242,100.0,IT
1992-01-01,5.541397686618943,6.226267419460285,5.541397686618943,8.772226704825691,6.422536751317853,,,,0.5754990670417044,0.0,,,,0.0,0.0,0.14,0.14,0.0,0.0,0.0,0.0,5.940643754198704,-1.5930801711352274,-0.5480164163604693,-266.8828861536917,-0.3992460675797611,54.93066336797914,54.51082173486966,54.93066336797914,4693.313124335242,100.0,IT
1992-04-01,5.345251947622831,4.936108544268336,5.345251947622831,5.820190745585574,1.1322561023692224,,,,0.5254556437980309,0.0,,,,0.0,0.0,0.14,0.14,0.0,0.0,0.0,0.0,5.82156539288353,-0.31993437949171266,-0.7900170831549991,-267.8338492641665,-0.47631344526069874,55.08637258941968,55.18766770938538,55.08637258941968,4693.313124335242,100.0,IT
1992-07-01,4.929505535469669,2.980186115040695,4.929505535469669,3.679800936756217,1.3543687678128968,,,,0.15179841720142484,0.0,,,,0.0,0.0,0.14,0.14,0.0,0.0,0.0,0.0,5.643153421400758,0.29118995310761875,-1.2060109249422588,-268.2403036009734,-0.7136478859310884,55.27320687048524,55.600377041129526,55.27320687048524,5123.618989282645,100.0,IT
1992-10-01,4.745631138205653,4.839962474053294,4.745631138205653,3.1804806270182784,3.812760886573141,,,,0.21018237762342729,0.0,,,,0.0,0.0,0.14,0.14,0.0,0.0,0.0,0.0,5.463648964761736,0.6539566211972101,-1.2948241328879915,-268.4971039978435,-0.7180178265560837,55.80258465405689,56.277223015645255,55.80258465405689,5123.618989282645,100.0,IT
1993-01-01,4.471511466171663,5.129788731324325,4.471511466171663,3.180197907757343,6.421405874274111,,,,-0.051711220410116,0.0,,,,0.0,0.6,0.14,0.32,0.0,0.0,0.0,0.0,5.265221465043721,0.3233853166362337,-1.4691322880270414,-268.17419971210603,-0.7937099988720586,56.70564149017411,57.003596398931975,56.70564149017411,5123.618989282645,100.0,IT
1993-04-01,4.446482140310515,4.835991240823745,4.446482140310515,3.662988741267048,3.0634194364080436,,,,-0.7106166100601641,0.0,,,,0.0,0.6,0.14,0.32,0.0,0.0,0.0,0.0,5.10147360009708,0.9577948985519242,-1.375083252573015,-268.61734266320997,-0.6549914597865651,57.141591642798545,57.69695150970471,57.141591642798545,5123.618989282645,100.0,IT
1993-07-01,4.697878651903409,3.985772161412271,4.697878651903409,5.10679194193151,7.129581570470744,,,,-0.8590781317996985,0.0,,,,0.0,0.6,0.14,0.32,0.0,0.0,0.0,0.0,5.020754610458345,0.272480892347744,-0.9452747694973489,-267.8313903109453,-0.32287595855493656,58.169211659902416,58.274742666678435,58.169211659902416,5289.178825170969,100.0,IT
1993-10-01,4.474516172738596,3.946512557394044,4.474516172738596,4.36751213462141,0.8556416573327397,,,,-1.2944534118484956,0.0,,,,0.0,0.6,0.14,0.32,0.0,0.0,0.0,0.0,4.911506922914396,1.2823595355569637,-0.9891327920231401,-268.6041080359606,-0.43699075017579947,58.29377484088907,58.85254336099259,58.29377484088907,5289.178825170969,100.0,IT
1994-01-01,4.280095959140784,4.352107876933076,4.280095959140784,3.930522507927847,4.673447367499861,,,,-1.2627594106055806,0.0,,,,0.0,0.6,0.14,0.32,0.0,0.0,0.0,0.0,4.7852247301596735,1.2872444697384822,-0.9851255059029373,-268.52377316331894,-0.5051287710188896,58.978851355486846,59.49637106299431,58.978851355486846,5289.178825170969,100.0,IT
1994-04-01,3.9825721008268644,3.645895807568067,3.9825721008268644,3.6387150026957915,1.896189415479821,,,,-1.357848420413582,0.0,,,,0.0,0.6,0.14,0.32,0.0,0.0,0.0,0.0,4.624694204293112,1.8302171181918538,-1.1189014992702155,-268.961199761341,-0.6421221034662477,59.259102777085175,60.041143947454046,59.259102777085175,5289.178825170969,100.0,IT
1994-07-01,3.7530473547744414,3.067673177202579,3.7530473547744414,2.2758226078765986,1.6780119911939728,,,,-1.1560032771025508,0.0,,,,0.0,0.6,0.14,0.32,0.0,0.0,0.0,0.0,4.450364834389378,2.1705481880052844,-1.267707255683904,-269.30861505784316,-0.6973174796149362,59.50821864864407,60.5033806879692,59.50821864864407,5501.210876459291,100.0,IT
1994-10-01,3.878899310066064,4.449920378560535,3.878899310066064,2.323230487451977,1.0452731756342537,,,,-1.8015602842102734,0.0,,,,0.0,0.6,0.14,0.32,0.0,0.0,0.0,0.0,4.336071729524715,3.0174393239408914,-1.0326076128483317,-270.15977685857473,-0.45717241945865084,59.663927870084606,61.18022666248493,59.663927870084606,5501.210876459291,100.0,IT
1995-01-01,4.264048978916257,5.892706552333848,4.264048978916257,2.4598788509114566,5.220040821337779,,,,-1.7898836522648267,0.0,,,,0.0,0.6,0.14,0.32,0.0,0.0,0.0,0.0,4.321667179403024,3.042942128681375,-0.5211757512434163,-270.3279432913238,-0.05761820048676647,60.44765092799416,62.08819100725824,60.44765092799416,5501.210876459291,100.0,IT
1995-04-01,5.196676837724734,7.3764072428019745,5.196676837724734,2.9702807846432755,3.9377971504070963,,,,-1.5463423287071638,0.0,,,,0.0,0.6,0.14,0.32,0.0,0.0,0.0,0.0,4.496669111067366,3.809662877050073,0.571982633431622,-271.1875958144224,0.7000077266573683,61.04566614553647,63.2437828585461,61.04566614553647,5501.210876459291,100.0,IT
1995-07-01,5.494289660788443,4.258124469457414,5.494289660788443,3.0046117007660467,1.8153356556850575,,,,-1.494633960772175,0.0,,,,0.0,0.6,0.14,0.32,0.0,0.0,0.0,0.0,4.6961932210115815,4.221967208741148,1.0439248263990653,-271.7982930178656,0.7980964397768613,61.32334169780177,63.920628833061826,61.32334169780177,5638.212123481108,100.0,IT
1995-10-01,5.435127679654972,4.213272454026651,5.435127679654972,5.958396407822897,12.860412003861654,,,,-1.3094699919046473,0.0,,,,0.0,0.6,0.14,0.32,0.0,0.0,0.0,0.0,4.84398011274026,1.8620772880680647,1.099055950130257,-269.63650813040687,0.5911475669147119,63.32698734008702,64.59747480757754,63.32698734008702,5638.212123481108,100.0,IT
1996-01-01,5.054001923199181,4.368203526510683,5.054001923199181,6.115825994909785,5.849759169685331,,,,-1.0909470270594657,0.0,,,,0.0,0.6,0.14,0.32,0.0,0.0,0.0,0.0,4.8859844748320445,1.4459873333324822,0.7323347437961569,-269.2661192196132,0.16801744836713617,64.25991150216375,65.3067780276261,64.25991150216375,5638.212123481108,100.0,IT
1996-04-01,4.286231442697552,4.305325320795461,4.286231442697552,5.803252840271611,2.687504531854401,,,,-1.2494178339688187,0.0,,,,0.0,0.6,0.14,0.32,0.0,0.0,0.0,0.0,4.766033868405146,1.765139396286429,-0.21043766836981348,-269.6705744168484,-0.4798024257075939,64.69311216692894,66.01349180854481,64.69311216692894,5638.212123481108,100.0,IT
1996-07-01,3.4647138106623565,0.9720539413166307,3.4647138106623565,6.757838651747861,5.633678901590056,,,,-0.9157949956631874,0.0,,,,0.0,0.6,0.14,0.32,0.0,0.0,0.0,0.0,4.505769856856588,0.46238442133261515,-1.231479410349225,-268.5051681767801,-1.0410560461942318,65.6107093614208,66.17410857693544,65.6107093614208,5993.7980471219835,100.0,IT
1996-10-01,2.943955658351438,2.1302398447829773,2.943955658351438,4.616333139254691,4.294389953888977,,,,-0.8857689417169823,0.0,,,,0.0,0.6,0.14,0.32,0.0,0.0,0.0,0.0,4.193407017155558,-0.09855446376366217,-1.9000244543888218,-267.96413064950355,-1.2494513588041203,66.31889904038023,66.52746546739479,66.31889904038023,5993.7980471219835,100.0,IT
1997-01-01,2.381643554656776,2.118955111732035,2.381643554656776,4.748948087880911,6.38021896419021,,-2.9119913410089016,-3.2927335527544788,-0.8223837917062742,0.0,,,,0.0,0.6,0.14,0.32,0.0,0.0,0.0,0.0,3.8310543246558018,-1.1348723619589691,-2.5043409201752684,-266.898814686389,-1.4494107699990257,67.38520324428643,66.88082235785416,67.38520324428643,5993.7980471219835,100.0,IT
1997-04-01,1.784469825447843,1.9166304039597293,1.784469825447843,4.951574799413616,3.4980113779852218,,-4.118930521758246,-5.001313671366692,-0.8190442439429546,0.0,,,,0.0,0.6,0.14,0.32,0.0,0.0,0.0,0.0,3.42173742481421,-1.4039554626939434,-2.981564042957303,-266.5034694428827,-1.6372675993663668,67.97707295017692,67.2020558946354,67.97707295017692,5993.7980471219835,100.0,IT
1997-07-01,1.6370129646855247,0.38222649826735733,1.6370129646855247,4.543728001978176,4.002291711848294,,-1.2776719386856872,-4.99227099172681,-0.31861001150622137,0.0,,,,0.0,0.6,0.14,0.32,0.0,0.0,0.0,0.0,3.0647925327884726,-2.111077619040941,-2.8687568921710636,-265.59845313948745,-1.427779568102948,68.66064726613914,67.26630260199165,68.66064726613914,6285.307436144262,100.0,IT
1997-10-01,1.770804826566863,2.6654072923083305,1.770804826566863,3.3081608632444803,-0.6478786010458037,,-1.6956711017548365,-3.0092069784078745,-0.49876633518344704,0.0,,,,0.0,0.6,0.14,0.32,0.0,0.0,0.0,0.0,2.805994991544151,-1.021021179831564,-2.4226021905886954,-266.42677461282597,-1.0351901649772879,68.54952787003624,67.71602955348538,68.54952787003624,6285.307436144262,100.0,IT
1998-01-01,1.9501212528341583,2.836220816801216,1.9501212528341583,-1.2348982500179906,-11.792017488859674,,0.9034062337557547,2.226969878692797,-0.20017389314838496,0.0,,,,0.0,0.6,0.14,0.32,0.0,0.0,0.0,0.0,2.634820243802152,2.8099057245443646,-1.8809330718216435,-270.0838341892412,-0.6846989909679939,66.55818149705358,68.19787985865725,66.55818149705358,6285.307436144262,100.0,IT
1998-04-01,1.9877606676884874,2.0671880633770456,1.9877606676884874,-1.2246895313668293,3.5388462525898667,,0.28050034532487444,2.80418929851578,-0.5154474595835303,0.0,,,,0.0,0.6,0.14,0.32,0.0,0.0,0.0,0.0,2.5054083285794193,2.2254644023756214,-1.4339767571257225,-269.715919641938,-0.517647660890932,67.14964192651682,68.5512367491166,67.14964192651682,6285.307436144262,100.0,IT
1998-07-01,2.0794700154509016,0.7490638893170143,2.0794700154509016,-2.4156395181825774,-0.7615082354146985,,0.8522352569495961,4.246920588111491,-0.24854916892165768,0.0,,,,0.0,0.6,0.14,0.32,0.0,0.0,0.0,0.0,2.4202206659537158,2.4579308296689533,-0.985322517337571,-270.09356267312086,-0.34075065050281417,67.02192602265092,68.6797301638291,67.02192602265092,6208.1675643701665,100.0,IT
1998-10-01,1.6933612529440367,1.120972242280871,1.6933612529440367,-1.2507080694522665,4.01184719387544,,-1.6026323564203526,2.9770148118303474,-0.33195153809956146,0.0,,,,0.0,0.6,0.14,0.32,0.0,0.0,0.0,0.0,2.27484878335178,1.5492558035212483,-1.1126337386001142,-269.37084393522224,-0.5814875304077431,67.69751261168062,68.87247028589785,67.69751261168062,6208.1675643701665,100.0,IT
1999-01-01,1.4032035661107223,1.6755900694679582,1.4032035661107223,1.2596507769358833,-1.7505821033070745,,-5.210503212048234,0.3074723816007374,0.035030396270572695,0.0,23.013791929167375,,,0.0,0.6,0.14,0.32,0.0,0.0,0.0,0.0,2.1005197399035684,2.2545932998465332,-1.23161667769143,-270.227386978416,-0.6973161737928462,67.40188484933236,69.16158046900097,67.40188484933236,6208.1675643701665,100.0,IT
1999-04-01,1.396020810467391,2.0384570408037206,1.396020810467391,1.9450108318227244,6.280286472137231,,-2.785587369845155,-0.8733980441384848,0.09341105382664061,0.0,23.861043431179176,,,0.0,0.6,0.14,0.32,0.0,0.0,0.0,0.0,1.959619954016333,0.9237810583619535,-1.1093875181120283,-269.16692962058266,-0.563599143548942,68.46849406671966,69.51493735946033,68.46849406671966,6208.1675643701665,100.0,IT
1999-07-01,1.6697976096163636,1.8441710859129046,1.6697976096163636,3.029031694236628,3.574575214240916,,-0.3636879080425537,-2.2960697028318044,0.2535565138514162,0.0,23.546743224577728,,,0.0,0.6,0.14,0.32,0.0,0.0,0.0,0.0,1.9016554851363392,0.3356547387256228,-0.7504230563373522,-268.73432858850066,-0.2318578755199756,69.0831006278655,69.83617089624157,69.0831006278655,6286.863401121647,100.0,IT
1999-10-01,2.031464135117922,2.5676383442871042,2.031464135117922,2.9548520880445572,3.7151287691071566,,3.2610611027940717,-2.1755008466888714,0.49709483480368455,0.0,29.704570370090348,,,0.0,0.6,0.14,0.32,0.0,0.0,0.0,0.0,1.9276172151326558,-0.04799785361325348,-0.24338464823385797,-268.4474559822956,0.10384691998526607,69.72772109046657,70.28589784773531,69.72772109046657,6286.863401121647,100.0,IT
2000-01-01,2.341167290844215,2.9144026923731303,2.341167290844215,3.691133053354134,1.1945417579312334,,6.585514994723818,-2.916685813806419,0.563819732751405,0.0,23.725370903533943,0.7115789743665668,0.5193902993376602,0.0,0.6,0.14,0.32,0.0,0.0,0.0,0.0,2.0103272302749677,0.2960606216610131,0.2406475509406465,-268.8774212159061,0.3308400605692472,69.93626401333599,70.79987150658529,69.93626401333599,6286.863401121647,100.0,IT
2000-04-01,2.509828296622185,2.7131010639156017,2.509828296622185,2.0322299271142708,-0.35532603282222297,,8.73428181767717,-0.6847600687782229,0.8223775863217941,0.0,23.602148799268335,-0.2588946319108415,-0.4402111512996254,0.0,0.6,0.14,0.32,0.0,0.0,0.0,0.0,2.110227443544411,0.9292629351108985,0.5502083426058522,-269.6445279900905,0.39960085307777415,69.87416616054338,71.28172181175715,69.87416616054338,6286.863401121647,100.0,IT
2000-07-01,2.722491194799126,2.6948226786206675,2.722491194799126,1.8123655153674756,2.6951175672537353,,10.00854693182367,-0.0748700683321335,1.062589821191592,0.0,22.973139001005638,-0.5736042235720912,-0.7852190327563664,0.0,0.6,0.14,0.32,0.0,0.0,0.0,0.0,2.232680193795354,0.7287890696146633,0.8208357096627867,-269.64445426793236,0.48981100100377173,70.34655352959213,71.76357211692901,70.34655352959213,6523.255835047736,100.0,IT
2000-10-01,2.749778841744366,2.676788932068064,2.749778841744366,1.245052109044953,1.4458751438170658,1.9672765598705233,9.849437286127749,0.8198471876692093,1.354509122867377,0.0,28.21714682896836,-1.4874235411219905,-1.5218810987894815,0.0,0.6,0.14,0.32,0.0,0.0,0.0,0.0,2.3360999233851567,0.8466171230481336,0.82216162661171,-269.952182714995,0.4136789183592091,70.60129448975451,72.24542242210086,70.60129448975451,6523.255835047736,100.0,IT
2001-01-01,2.0211781686510832,0.0,2.0211781686510832,2.137810029864262,4.7655734412084705,1.310062404569745,5.076133072501587,0.6672229383235528,1.50630718976484,0.0,23.11431971299528,-0.611051190538664,-0.7346432793567479,0.0,0.6,0.14,0.32,0.0,0.0,0.0,0.0,2.273115572438342,-0.5909140200158163,0.010850938376115504,-268.76078935469286,-0.2519374037872586,71.44746422070665,72.24542242210086,71.44746422070665,6523.255835047736,100.0,IT
2001-04-01,2.843372359720142,6.001877828191837,2.843372359720142,3.3013711106468113,4.298918290307974,2.377462313615464,1.628163114897907,0.40536335870102747,1.6314163984385246,0.0,23.608701984825814,0.006553185557478525,-0.1387408470197566,0.0,0.6,0.14,0.32,0.0,0.0,0.0,0.0,2.387166929894702,-0.23305966988738192,0.7331449161757311,-269.18652923916386,0.4562054298254403,72.2194723163518,73.33761644715709,72.2194723163518,6523.255835047736,100.0,IT
2001-07-01,2.0820242655242183,-0.35056969816302797,2.0820242655242183,3.5845675024144263,3.8279031343241954,1.8974264801812524,-4.563048890414256,0.6315135800133653,1.6280792027160977,0.0,22.980423807247092,0.007284806241455999,-0.2679637159225169,0.0,0.6,0.14,0.32,0.0,0.0,0.0,0.0,2.326138397020605,-1.2961525788006156,-0.15065592827113594,-268.14191103104207,-0.24411413149638683,72.91391269081208,73.27336973980083,72.91391269081208,6664.211971463264,100.0,IT
2001-10-01,2.2423449957925,3.3180718531411912,2.2423449957925,3.8968013568617677,2.694810561606431,2.39532410224923,-8.587451142445568,0.24621609916701814,1.678122976263733,0.0,28.39957101541004,0.182424186441682,-0.08218061414925382,0.0,0.6,0.14,0.32,0.0,0.0,0.0,0.0,2.309379716774984,-0.9799947973760936,-0.09375492759265658,-268.2977263539258,-0.06703472098248398,73.4067940590053,73.8837134596852,73.4067940590053,6664.211971463264,100.0,IT
2002-01-01,2.416106985646582,0.6950479594163284,2.416106985646582,3.0485348477175656,1.372507404631662,2.780927869842831,-8.154972551560702,1.0842847015670287,1.8749599739502312,0.0,23.17734053608389,0.0630208230886109,-0.18217145145511665,0.0,0.6,0.14,0.32,0.0,0.0,0.0,0.0,2.3307251705493037,-0.9970127737843768,0.14299141320824038,-268.12836149262193,0.08538181509727849,73.65910510592035,74.01220687439769,73.65910510592035,6664.211971463264,100.0,IT
2002-04-01,2.423312005438305,6.030697907358729,2.423312005438305,2.9852279476651145,4.045690690098169,2.780297029216161,-7.260012919012038,0.27740851652651166,1.4462556323500877,0.0,23.24843715773333,-0.3602648270924824,-0.6684373319297809,0.0,0.6,0.14,0.32,0.0,0.0,0.0,0.0,2.349242537527104,-0.32358253871711895,0.036145075543603244,-268.62461329693707,0.07406946791120106,74.40789030373786,75.13652425313201,74.40789030373786,6664.211971463264,100.0,IT
2002-07-01,2.596424520652274,0.34188036269284794,2.596424520652274,2.3713401263879774,1.3723518492156472,2.9878090356165288,-4.107064337198496,0.388391675391242,1.559687058079593,0.0,23.389252660609444,0.4088288533623502,0.04811739198730136,0.0,0.6,0.14,0.32,0.0,0.0,0.0,0.0,2.398678934152138,-0.500062576210837,0.27028612363166893,-268.36699542530636,0.19774558650013585,74.6636132448467,75.20077096048827,74.6636132448467,6870.501219438381,100.0,IT
2002-10-01,2.8714207596743258,4.418056809229398,2.8714207596743258,2.5074856668169776,3.2393927233224318,3.079727374891572,-1.908980139591776,0.5019487180273341,1.5513471214223422,0.0,29.633638251726918,1.234067236316877,0.7282240437854923,0.0,0.6,0.14,0.32,0.0,0.0,0.0,0.0,2.4932272992565756,-0.11734153605908659,0.5620410428993416,-268.66166144678306,0.37819346041775015,75.27073020310937,76.0359781561195,75.27073020310937,6870.501219438381,100.0,IT
2003-01-01,2.7821182343004125,0.33783785792067533,2.7821182343004125,2.289769476444925,0.5016426431434517,2.582400895688064,2.864989078785385,0.19814205170387567,1.1660114613170514,0.0,23.700328590701794,0.5229880546179039,0.3075140003086243,0.0,0.6,0.14,0.32,0.0,0.0,0.0,0.0,2.551005486265343,-0.11304475326772945,0.45139306375110877,-268.6207102504774,0.23111274803506943,75.36518694026455,76.10022486347574,75.36518694026455,6870.501219438381,100.0,IT
2003-04-01,2.8242129950445616,6.199076950335325,2.8242129950445616,2.0706485177771183,3.1692068554269426,2.7455115169360944,1.043020360802016,1.1320818994906556,1.2811126359065064,0.0,23.906304387886728,0.6578672301533972,0.1936689901434805,0.0,0.6,0.14,0.32,0.0,0.0,0.0,0.0,2.6056469880211868,0.711785936299691,0.4749704575174576,-269.3781777742045,0.2185660070233748,75.96467836240332,77.28878894956634,75.96467836240332,6870.501219438381,100.0,IT
2003-07-01,2.8218338937801235,0.33236395763509563,2.8218338937801235,4.557595911372259,11.320141423596208,2.457126073050553,-1.989553554174206,-0.44862628116519865,1.2027106055791066,0.0,23.606213011775637,0.21696035116619272,-0.21050535495796496,0.0,0.6,0.14,0.32,0.0,0.0,0.0,0.0,2.648884369172974,-2.0656862120194432,0.4231549596279853,-266.6312334077142,0.1729495246071493,78.14521506534477,77.35303565692259,78.14521506534477,7029.634802536738,100.0,IT
2003-10-01,2.6679364802139283,3.802467154964617,2.6679364802139283,1.1167396202209412,-10.524032441282838,2.2691411202070633,0.413021274974934,3.3822890057447985,1.2410773968773352,0.0,29.972818074970416,0.33917982324349616,0.2489522562821818,0.0,0.6,0.14,0.32,0.0,0.0,0.0,0.0,2.652694791381165,1.8053521420266634,0.17470918095735266,-270.2128583067761,0.015241688832763334,76.11601932427692,78.09187279151944,76.11601932427692,7029.634802536738,100.0,IT
2004-01-01,2.253851665773965,-1.3185013998391781,2.253851665773965,2.816059950243077,7.298923963231996,1.9947740605743114,-3.689427947118551,1.6462848350626835,1.0959514694706805,0.0,23.94991389953214,0.2495853088303468,-0.13736608026485853,0.0,0.6,0.14,0.32,0.0,0.0,0.0,0.0,2.572926166259725,-0.46397709925315667,-0.2971538204913782,-268.0585019660083,-0.31907450048576,77.51768130640713,77.83488596209445,77.51768130640713,7029.634802536738,100.0,IT
2004-04-01,2.341450158591396,6.5494709216050495,2.341450158591396,4.165795498571834,8.568149048741969,2.080074995800363,-2.668544635533543,-0.5614197457351366,1.0475759935237168,0.0,23.579907239996857,-0.32639714788987306,-0.6203935607390556,0.0,0.6,0.14,0.32,0.0,0.0,0.0,0.0,2.526630964726059,-0.8576706725195891,-0.2641968294297907,-267.55383243422403,-0.18518080613466292,79.19605039674803,79.1198201092194,79.19605039674803,7029.634802536738,100.0,IT
2004-07-01,2.217750031568677,-0.1624365504557801,2.217750031568677,0.5936538328638719,-2.968425239235639,2.0817405083522367,2.668026186728012,1.8181406638886344,1.0959514694706796,0.0,23.335214776465094,-0.27099823531054335,-0.6320256630179205,0.0,0.6,0.14,0.32,0.0,0.0,0.0,0.0,2.4648547780945824,-0.02007383312690081,-0.4311343376042971,-268.255329606419,-0.2471047465259053,78.61050687460714,79.08769675554127,78.61050687460714,7230.4072005471535,100.0,IT
2004-10-01,2.1164811192043054,3.39739150550713,2.1164811192043054,3.7866324753725644,2.2478821287519324,2.2187914975361878,1.8312177199874213,-2.8603100621853006,0.8941091786347721,0.0,30.123559160939816,0.1507410859694025,-0.1363271847419953,0.0,0.6,0.14,0.32,0.0,0.0,0.0,0.0,2.395180046316527,0.3091335322779969,-0.5362136721768596,-268.54270695060785,-0.27869892711222155,79.05351838963219,79.76228718278188,79.05351838963219,7230.4072005471535,100.0,IT
2005-01-01,2.082983213590772,-1.4524930222933108,2.082983213590772,3.125536166827647,4.654538729052327,1.9557598029765089,2.695837556384806,-2.206565622715706,0.8590786322339321,0.0,24.049517822147195,0.09960392261505469,-0.24468943876289806,0.0,0.6,0.14,0.32,0.0,0.0,0.0,0.0,2.332740679771376,-1.2544150059214871,-0.4899429526689527,-267.0159490127714,-0.24975746618060368,79.97878547106924,79.47317699967876,79.97878547106924,7230.4072005471535,100.0,IT
2005-04-01,2.1687597014777182,6.892576873152834,2.1687597014777182,1.9307181059742717,3.788876805328467,2.1539896808176806,5.992392808914682,-1.3493211194322896,0.7706690682565336,0.0,23.898812397412378,0.31890515741552217,-0.12839347548654179,0.0,0.6,0.14,0.32,0.0,0.0,0.0,0.0,2.299944484112644,-0.3778794108003467,-0.35787126324834073,-267.7918740297275,-0.13118478263492594,80.73995918464145,80.8544812078381,80.73995918464145,7230.4072005471535,100.0,IT
2005-07-01,2.1696311075932506,-0.15895092599365057,2.1696311075932506,3.6548532611224926,3.9281153813572445,1.8449983604785558,6.137524365933356,-2.697908159507456,0.7589922861808178,0.0,23.540352703447432,0.2051379269823378,-0.0774024618911267,0.0,0.6,0.14,0.32,0.0,0.0,0.0,0.0,2.2738818088087656,-1.435655332714589,-0.2952236705013318,-266.77010745288976,-0.10425070121551494,81.53675485175211,80.82235785415997,81.53675485175211,7459.964960448811,100.0,IT
2005-10-01,2.3090197811997726,3.954946199933218,2.3090197811997726,6.553462098885587,13.842317479804311,1.7479567198068757,3.313690651817369,-5.179871303669037,0.7923542347204453,0.0,29.938669142865702,-0.1848900180741131,-0.5233765570004265,0.0,0.6,0.14,0.32,0.0,0.0,0.0,0.0,2.280909403286967,-3.8872750040476944,-0.08616026511675434,-264.29826463292204,0.028110377912805795,84.40778967424947,81.62544169611307,84.40778967424947,7459.964960448811,100.0,IT
2006-01-01,2.159220231431469,-2.051691221366525,2.159220231431469,3.2877596772695528,-8.408270957411812,1.6075625544323735,6.556247604055665,-1.8019708919597033,0.9574978316851066,0.0,24.485797501801585,0.43627967965438885,0.217272511210019,0.0,0.6,0.14,0.32,0.0,0.0,0.0,0.0,2.2565715689158674,-1.933658013022523,-0.17352044833990687,-265.8874095669334,-0.09735133748439839,82.65199936082925,81.20783809829746,82.65199936082925,7459.964960448811,100.0,IT
2006-04-01,2.317009208892884,7.5237327829984935,2.317009208892884,3.61203693608414,5.085985840586815,1.6522950345366105,6.007515800020791,-1.9285646180481564,1.1843610334480772,0.0,24.230546905592124,0.3317345081797457,0.18541545147919772,0.0,0.6,0.14,0.32,0.0,0.0,0.0,0.0,2.2686590969112705,-1.1192514012928996,0.017064724780239793,-266.4968463025363,0.04835011198161343,83.70962620199833,82.74975907484743,83.70962620199833,7459.964960448811,100.0,IT
2006-07-01,2.3567469403912966,0.0,2.3567469403912966,3.5210035003887974,3.563981638575875,1.5055293050849627,5.044540957460608,-0.9054069055370206,1.367853551979266,0.0,23.578478517646285,0.03812581419885275,-0.036564704522275004,0.0,0.6,0.14,0.32,0.0,0.0,0.0,0.0,2.286276665607276,-1.9009940022704086,0.08286513158253106,-265.6058508928923,0.07047027478402068,84.45880775924668,82.74975907484743,84.45880775924668,7709.30710576819,100.0,IT
2006-10-01,1.9872074152001318,2.4767880991685587,1.9872074152001318,-0.3725206077266785,-1.7317789526575922,1.642198447761345,3.429346801800648,3.4258821707221276,1.5129797796464581,0.0,30.124421526807115,0.18575238394141214,0.07165833442660155,0.0,0.6,0.14,0.32,0.0,0.0,0.0,0.0,2.226462815525847,-0.5999538925805723,-0.293701988086835,-266.65799265584883,-0.23925540032571524,84.09393820683036,83.2637327336974,84.09393820683036,7709.30710576819,100.0,IT
2007-01-01,1.9973250614596871,-2.0112206363283036,1.9973250614596871,2.6554992206561323,3.7038083561194313,1.7351505311199666,-0.6343951590430219,0.13199695263081956,1.6931360532802593,0.0,24.365056103747605,-0.12074139805397788,-0.2721833542812896,0.0,0.6,0.14,0.32,0.0,0.0,0.0,0.0,2.180635264712615,-1.8670454006471005,-0.2592465074561803,-265.2292354077369,-0.1833102032529279,84.87622399084263,82.84612913588178,84.87622399084263,7709.30710576819,100.0,IT
2007-04-01,1.8462062839735616,6.919257673053991,1.8462062839735616,1.8755531699387928,1.9662016377174574,1.7753063045980788,-1.51417955844253,1.0138934300327307,1.6531013146853208,0.0,24.11659176894794,-0.11395513664418377,-0.319983083532114,0.0,0.6,0.14,0.32,0.0,0.0,0.0,0.0,2.113749468564804,-0.2719003673797715,-0.422452812937709,-266.467499416571,-0.2675431845912426,85.29446049688157,84.29168005139736,85.29446049688157,7709.30710576819,100.0,IT
2007-07-01,1.6554757283468113,-0.7629222225070009,1.6554757283468113,1.2024031487119835,0.8713815536686376,1.7471010279585641,-2.2685534251861483,1.3071888227088824,1.2711028503024586,0.0,23.90880316659641,0.3303246489501255,-0.06329556101138945,0.0,0.6,0.14,0.32,0.0,0.0,0.0,0.0,2.0220947205212054,-0.43255532583373224,-0.6308009372604646,-266.05892347252706,-0.3666189921743941,85.48047308200589,84.13106328300675,85.48047308200589,7916.770093688519,100.0,IT
2007-10-01,2.5144181801024956,5.912557906191296,2.5144181801024956,3.8291706294216743,8.775290970181171,1.9505494624255881,0.9374187078936114,-0.28409676317058263,1.099286813586449,0.0,31.20082735349243,1.0764058266853116,0.48066392942745706,0.0,0.6,0.14,0.32,0.0,0.0,0.0,0.0,2.1205594124374634,-0.8108667109858629,0.2879553645766486,-265.3432402065297,0.39385876766503225,87.37648466454927,85.38387407645358,87.37648466454927,7916.770093688519,100.0,IT
2008-01-01,3.2051579932587337,0.7517386162966488,3.2051579932587337,3.8369269784313653,3.7348337521581954,2.1929045084799093,4.765482266804266,0.7951522819737988,0.7906856869026555,0.0,24.755647739675787,0.3905916359281808,-0.2624125763413967,0.0,0.6,0.14,0.32,0.0,0.0,0.0,0.0,2.3374791286017174,-1.1905311732513155,1.0245227285461187,-264.59746642256425,0.8676788646570164,88.19614694775935,85.54449084484419,88.19614694775935,7916.770093688519,100.0,IT
2008-04-01,3.6667033147431916,8.765438958991822,3.6667033147431916,3.0454626318312528,-1.1996557486829929,2.148230759837766,8.950817398592514,2.2320955014884625,0.41035572029415945,0.0,24.876878043366673,0.7602862744187339,0.2252715442144162,0.0,0.6,0.14,0.32,0.0,0.0,0.0,0.0,2.603323965830012,1.5403431711634425,1.5529538461783874,-267.08874009948295,1.0633793489131795,87.932030669753,87.43976871185352,87.932030669753,7916.770093688519,100.0,IT
2008-07-01,3.9675862589632516,0.4406095543732391,3.9675862589632516,4.266057290854297,5.753760189760815,2.160232979848953,9.57714557149818,1.4672666106676058,0.4287049921646471,0.0,25.11356785328716,1.2047646866907513,0.6173309655168633,0.0,0.6,0.14,0.32,0.0,0.0,0.0,0.0,2.87617642445666,0.20123818094981516,1.9454915384420461,-265.760452440636,1.0914098345065915,89.20602104047369,87.53613877288788,89.20602104047369,8226.433572373715,100.0,IT
2008-10-01,2.892303946925079,1.611428658038605,2.892303946925079,2.028770310909267,-0.17385694959894948,2.2769988523982043,1.9261177233398818,2.5105869151269555,0.1668110938705638,0.0,32.637450313236805,1.436622959744377,0.9323380346336106,0.0,0.6,0.14,0.32,0.0,0.0,0.0,0.0,2.879401928950344,0.7391318559195952,0.7717445344876155,-266.20677384254543,0.012902017974735003,89.16725674862597,87.88949566334725,89.16725674862597,8226.433572373715,100.0,IT
2009-01-01,1.3428027204072102,-5.446266289774826,1.3428027204072102,0.7854243459705756,-1.23855010759657,1.5584731016698328,-6.529921235876079,2.5438526521502247,-0.2058276711529059,0.0,26.463833034943683,1.708185295267897,1.2428555559662824,0.0,0.6,0.14,0.32,0.0,0.0,0.0,0.0,2.572082087241717,-0.24360724099358322,-0.9946764081945072,-265.154844797001,-1.2292793668345068,88.89158846649967,86.70093157725665,88.89158846649967,8226.433572373715,100.0,IT
2009-04-01,0.8414170732219617,6.759896370250829,0.8414170732219617,1.3139418469577446,0.9144142552656831,1.8155909034165418,-12.273529977151432,1.0958133109483015,-0.5311793994266587,0.0,27.02941091413864,2.1525328707719673,1.359966735253043,0.0,0.6,0.14,0.32,0.0,0.0,0.0,0.0,2.225949084437766,1.3338550921021124,-1.7619068926080503,-266.61621532574713,-1.3845320112158044,89.09503025465794,88.17860584645037,89.09503025465794,8226.433572373715,100.0,IT
2009-07-01,0.1100311866007786,-2.4849339921114932,0.1100311866007786,0.4099196477368894,2.137671392877394,1.4267664747793063,-13.975619854306753,0.7717780027415966,-1.211522443051681,0.0,26.757112636532398,1.6435447832452377,0.7848403066818289,0.0,0.6,0.14,0.32,0.0,0.0,0.0,0.0,1.8027655048703686,0.18575026974622233,-2.7661452378558815,-265.4605639795,-1.69273431826959,89.57244455557709,87.63250883392227,89.57244455557709,8291.30039088424,100.0,IT
2009-10-01,0.7646132281355023,4.2297568241775,0.7646132281355023,1.2381122661298427,3.138913523972864,1.5850475936826314,-7.985708834462946,-0.4277947567675078,-1.1952017315740866,0.0,34.403676332886754,1.7662260196499524,1.0109257002177146,0.0,0.6,0.14,0.32,0.0,0.0,0.0,0.0,1.5951350495233954,0.5950562154454815,-2.1147887008148416,-265.73327480455123,-0.8305218213878931,90.27811010725495,88.56408609058786,90.27811010725495,8291.30039088424,100.0,IT
2010-01-01,1.251857291006342,-3.4972900382914673,1.251857291006342,0.9437167578889571,-2.416132140560112,1.462014345496243,0.23972900681132892,-0.3933576361911051,-1.3638766777721258,0.0,27.501295538636043,1.0374625036923601,0.32740215235372294,0.0,0.6,0.14,0.32,0.0,0.0,0.0,0.0,1.5264794978199847,0.43694636330104686,-1.320224796235375,-265.46298533011833,-0.2746222068136428,89.73444411280761,87.79312560231288,89.73444411280761,8291.30039088424,100.0,IT
2010-04-01,1.5543417936783044,7.9698343809386785,1.5543417936783044,2.715231921439565,8.000474909468114,1.606316887062853,1.6315913093993828,-2.6054021465332866,-1.4258834764997594,0.0,27.730496710419235,0.7010857962805928,0.39870373304609363,0.0,0.6,0.14,0.32,0.0,0.0,0.0,0.0,1.5320519569916486,0.5349036684071393,-0.6716072907594617,-265.455325197986,0.02228983668665574,91.54730882208716,89.5599100546097,91.54730882208716,8291.30039088424,100.0,IT
2010-07-01,1.6721581911424366,-2.0136684022549645,1.6721581911424366,2.271601928524003,0.36315142121514654,1.7285270117501028,2.369602247922442,-1.7589680706248778,-1.3828859329030259,0.0,27.525802514912716,0.7686898783803187,0.19948412687416361,0.0,0.6,0.14,0.32,0.0,0.0,0.0,0.0,1.5600732038218061,-0.007356032102507015,-0.130607313727932,-264.86112024211843,0.11208498732063044,91.63046040041095,89.11018310311596,91.63046040041095,8369.917158457538,100.0,IT
2010-10-01,1.939715988273516,5.299988012701817,1.939715988273516,1.167172671947303,-1.2788035023339361,1.7009623424371512,4.9820675860887675,-0.10896173889363148,-1.1432159495549445,0.0,34.94087022786595,0.5371938949791932,0.2188321037738305,0.0,0.6,0.14,0.32,0.0,0.0,0.0,0.0,1.6360017607121482,1.732599248824613,0.34458093875012064,-266.5058181208774,0.3037142275613678,91.33798478886793,90.29874718920655,91.33798478886793,8369.917158457538,100.0,IT
2011-01-01,2.314750727389203,-1.9971510818287186,2.314750727389203,2.4094848443709127,2.5531165491343266,1.5124523091877506,6.978828866392739,-0.4170262491362209,-0.7102010366607416,0.0,27.67508717851274,0.173791639876697,0.018009397122484283,0.0,0.6,0.14,0.32,0.0,0.0,0.0,0.0,1.7717515540475592,0.4908525235118759,0.7882712295692185,-265.3682512131366,0.5429991733416439,91.92284061095286,89.84902023771282,91.92284061095286,8369.917158457538,100.0,IT
2011-04-01,2.9335908240649466,10.445194767641652,2.9335908240649466,1.1041974166811963,2.779325198709248,2.171714072068376,8.347377352830732,1.6386667009363087,-0.6605049993664549,0.0,27.402707246112325,-0.32778946430691014,-0.46676206980250834,0.0,0.6,0.14,0.32,0.0,0.0,0.0,0.0,2.0041194080510367,2.4677934906782184,1.401538867073298,-267.2847186053697,0.9294714160139099,92.56377340125508,92.226148409894,92.56377340125508,8369.917158457538,100.0,IT
2011-07-01,2.632667165708913,-3.2173630356790994,2.632667165708913,0.6633470631190796,-1.40024999303332,1.7342498002587803,10.076578171648398,1.7898784182821093,-1.2607959350990674,0.0,27.246750787979934,-0.279051726932783,-0.8046498054676141,0.0,0.6,0.14,0.32,0.0,0.0,0.0,0.0,2.129828959582612,1.846369386787842,1.0725939618871068,-266.8304403447083,0.502838206126301,92.24030883799131,91.48731127529715,92.24030883799131,8574.038302578161,100.0,IT
2011-10-01,3.6672522222017,9.438328238672966,3.6672522222017,0.8243843842220766,-0.6346542179219483,2.6011523737943243,12.072916310770632,2.5657707833460552,-1.8127419412855588,0.0,35.009364342818806,0.06849411495285507,-1.0174768877755296,0.0,0.6,0.14,0.32,0.0,0.0,0.0,0.0,2.4373136121064296,4.291831000234936,2.031250461489552,-269.348685958857,1.2299386100952705,92.09407312739133,93.67169932540958,92.09407312739133,8574.038302578161,100.0,IT
2012-01-01,3.4783060303647417,-2.752935849176552,3.4783060303647417,-0.1821627692750294,-1.4730720648540974,2.1916748588472146,14.618313061102395,3.428742894232739,-2.5046749204989487,0.0,28.727268830570406,1.0521816520576655,-0.28433139145675157,0.0,0.6,0.14,0.32,0.0,0.0,0.0,0.0,2.645512095758092,3.6338223181657554,1.7065544763171825,-269.0287200127764,0.8327939346066495,91.755543841376,93.0292322518471,91.755543841376,8574.038302578161,100.0,IT
2012-04-01,3.558363785866625,10.765425789649186,3.558363785866625,-1.7109876592249051,-3.335974361090255,2.2272635609123625,15.804297268755363,4.933683360940977,-2.861603557387971,0.0,28.585745783581025,1.1830385374687002,0.08323351697291259,0.0,0.6,0.14,0.32,0.0,0.0,0.0,0.0,2.828082433779799,6.866288013174824,1.5542443778155883,-272.55407005046123,0.7302813520868261,90.99349064145603,95.5669771924189,90.99349064145603,8574.038302578161,100.0,IT
2012-07-01,3.4170710205828847,-3.782534096814061,3.4170710205828847,-1.3974404691665443,-0.1460612327998767,2.1177670482927624,14.308326927106352,4.589014179860973,-2.6318771238231147,0.0,28.762195077590157,1.5154442896102238,0.6351901048260284,0.0,0.6,0.14,0.32,0.0,0.0,0.0,0.0,2.945880151140416,5.288492117110366,1.2872420610002728,-271.64495183445763,0.4711908694424687,90.96027015355727,94.66752328943143,90.96027015355727,8558.433814066751,100.0,IT
2012-10-01,2.6063414724150746,6.195410046001726,2.6063414724150746,-1.3202212849107386,-0.3257774808987257,1.495100904408453,12.2117234619052,3.883576045608006,-2.97548693515564,0.0,37.226419032483676,2.217054689664871,1.61013955631367,0.0,0.6,0.14,0.32,0.0,0.0,0.0,0.0,2.8779724153953476,6.370008167130379,0.16902786030864503,-273.2752487161827,-0.271630942980273,90.88621829400472,96.14519755862511,90.88621829400472,8558.433814066751,100.0,IT
2013-01-01,2.050652856248547,-4.975690313842662,2.050652856248547,-0.20720754279646147,2.9789829036030113,1.4923060210731087,4.708798259595781,2.64258772409125,-3.3941054311369037,0.0,29.68436357323438,0.957094742663972,0.2188258246847936,0.0,0.6,0.14,0.32,0.0,0.0,0.0,0.0,2.7125085035659877,3.6662702356162526,-0.5948592395095451,-271.2865804118214,-0.6618556473174406,91.56561627368023,94.95663347253453,91.56561627368023,8558.433814066751,100.0,IT
2013-04-01,1.20282105020042,7.374098565456677,1.20282105020042,0.7831978149420937,0.625647069863966,1.2794787340998148,-2.021323249281437,1.6011113191782833,-3.412736954091269,0.0,29.764190044064392,1.178444260483369,0.05694646056682573,0.0,0.6,0.14,0.32,0.0,0.0,0.0,0.0,2.4105710128928743,4.857129943634959,-1.625261383579379,-272.9736932857195,-1.2077499626924544,91.70894773690125,96.72341792483137,91.70894773690125,8558.433814066751,100.0,IT
2013-07-01,1.079996997558741,-4.273830307380777,1.079996997558741,1.2654592615488847,1.782984553627287,1.127253610314316,-2.40558562309543,0.8183052885905706,-3.031364134721267,0.0,28.953035788389165,0.19084071079900622,-0.43858148786307294,0.0,0.6,0.14,0.32,0.0,0.0,0.0,0.0,2.1444562098260476,2.64742840907212,-1.8658831535816751,-271.45948957046755,-1.0644592122673067,92.11864926602274,95.69547060713138,92.11864926602274,8540.718453778542,100.0,IT
2013-10-01,0.632808106708449,4.406654482600558,0.632808106708449,1.673448814013434,1.3061807289594718,1.0734755884837632,-4.735831622047071,-0.5850026941710773,-2.8550000000000004,0.0,37.107973427869254,-0.11844560461442,-0.4367972751192659,0.0,0.6,0.14,0.32,0.0,0.0,0.0,0.0,1.8421265892025278,3.0402106944750926,-2.2451643086868986,-272.23460800887784,-1.2093184824940788,92.41994995084545,96.75554127850948,92.41994995084545,8540.718453778542,100.0,IT
2014-01-01,0.4388192695667037,-5.7516456624096435,0.4388192695667037,0.43023834899740265,-1.9938589564611142,0.8574911056572709,-3.520329718631343,0.27886474047362775,-3.0699999999999985,0.0,29.288572523760227,-0.39579104947415344,-0.8918985135215475,0.0,0.6,0.14,0.32,0.0,0.0,0.0,0.0,1.561465125275363,1.4666295118161088,-2.273689233999284,-271.29516133239065,-1.1226458557086594,91.96041534890301,95.37423707035013,91.96041534890301,8540.718453778542,100.0,IT
2014-04-01,0.3977466297723886,7.209808006279417,0.3977466297723886,0.5854342042477034,1.246430490865169,0.8660946877347975,-2.3326050848764712,-0.855066993151965,-2.42,0.0,29.663743318573292,-0.10044672549109901,-0.6871023946007786,0.0,0.6,0.14,0.32,0.0,0.0,0.0,0.0,1.3287214261747682,2.5410638155036622,-2.0128243831204857,-272.78600571124423,-0.9309747964023796,92.24741794175887,97.10889816896884,92.24741794175887,8540.718453778542,100.0,IT
2014-07-01,-0.06715916975057468,-6.13345350547263,-0.06715916975057468,0.19258375086066426,0.21158274007913036,0.47441634219786977,-3.880770672015732,-0.5990883756776366,-2.3949999999999996,0.0,29.778733756389542,0.8256979680003773,0.3339983456279304,0.0,0.6,0.14,0.32,0.0,0.0,0.0,0.0,1.0495453069896996,0.4289334441848496,-2.2116153795766222,-271.19974664985625,-1.1167044767402743,92.29622575286724,95.63122389977514,92.29622575286724,8577.543059831667,100.0,IT
2014-10-01,0.16586502392774705,5.338751257313845,0.16586502392774705,0.17999902086236474,1.2558418089662737,0.5988041844622316,-3.7806362699268625,-0.1461752424238849,-2.455,0.0,37.98330638900956,0.8753329611403071,0.6304632625485713,0.0,0.6,0.14,0.32,0.0,0.0,0.0,0.0,0.872809250377309,1.0647662211963507,-1.6762615652747808,-272.22047401194317,-0.706944226449562,92.58645476439968,96.9161580469001,92.58645476439968,8577.543059831667,100.0,IT
2015-01-01,-0.13481633319338826,-6.954371090894185,-0.13481633319338826,0.9977733678031786,1.2772384313021412,0.6468107656492528,-9.350507562122878,-0.09339607666727368,-1.5600000000000005,0.0,29.80750437974621,0.5189318559859823,-0.03266788985406888,0.0,0.6,0.14,0.32,0.0,0.0,0.0,0.0,0.6712841336631696,-1.4842529643876219,-1.6962814584687513,-270.1625716313941,-0.8061004668565579,92.88256471217261,95.24574365563764,92.88256471217261,8577.543059831667,100.0,IT
2015-04-01,0.09918995688433796,8.145833166590322,0.09918995688433796,1.4560577356078186,3.079567962083729,0.529276789651778,-7.642282309286319,-0.015255461672358805,-1.370000000000001,0.0,29.79217720632698,0.12843388775368725,-0.024212806793038638,0.0,0.6,0.14,0.32,0.0,0.0,0.0,0.0,0.5568652983074033,-0.4066579295061956,-1.2295314692904302,-271.42913793252075,-0.4576753414230653,93.60041994765822,97.20526823000323,93.60041994765822,8577.543059831667,100.0,IT
2015-07-01,0.3018617083359487,-5.322766499666187,0.3018617083359487,1.3058781485491888,-0.3891356081553887,0.9756174945364293,-8.006329204433982,0.07624397080423506,-0.3249999999999993,0.0,30.03871659943319,0.25998284304364905,0.5778942047812226,0.0,0.6,0.14,0.32,0.0,0.0,0.0,0.0,0.5058645803131123,-1.9853717318909503,-0.7476835986537509,-270.19573020964305,-0.2040028719771636,93.50940608490501,95.92033408287826,93.50940608490501,8663.555893082052,100.0,IT
2015-10-01,0.1655903673623449,4.79366589341943,0.1655903673623449,1.5228752492755238,2.1238302118716135,0.7270355884463342,-8.390561828897436,0.22038042848127049,-0.35999999999999943,0.0,37.98942206925075,0.006115680241186583,-0.3154353654929442,0.0,0.6,0.14,0.32,0.0,0.0,0.0,0.0,0.43780973772295884,-1.4708704418826528,-0.7072188830149642,-270.86318913003004,-0.27221937036061394,94.0072217647066,97.07677481529072,94.0072217647066,8663.555893082052,100.0,IT
2016-01-01,0.0,-7.616732560343564,0.0,1.502545105363895,1.195917855655626,0.7437492026064696,-7.193059922629175,-1.4692062152401153,0.015000000000000568,0.0,29.85766742437489,0.0501630446286816,0.06408426711003645,0.0,0.6,0.14,0.32,0.0,0.0,0.0,0.0,0.35024779017836705,-3.7474618673910527,-0.6712841336631696,-268.6600265260302,-0.35024779017836705,94.2887046306827,95.24574365563764,94.2887046306827,8663.555893082052,100.0,IT
2016-04-01,-0.29786551892403423,6.954371090894185,-0.29786551892403423,0.48968198645664707,-0.9718845135452625,0.5593039748733375,-8.856451091113282,-0.19072810162006348,-0.09500000000000064,0.0,29.775394718457456,-0.01678248786952663,-0.8358886167788905,0.0,0.6,0.14,0.32,0.0,0.0,0.0,0.0,0.22062512835788678,-1.6793301603862005,-0.8547308172314375,-270.64159042714004,-0.5184906472819211,94.05988839236676,96.9161580469001,94.05988839236676,8663.555893082052,100.0,IT
2016-07-01,-0.06700167754845054,-4.399311134163852,-0.06700167754845054,1.226945821035641,2.559919730160587,0.4342749434137261,-6.944756542446973,-0.4598918683544895,0.0600000000000005,0.0,29.766969772809432,-0.2717468266237588,-0.6211693256395825,0.0,0.6,0.14,0.32,0.0,0.0,0.0,0.0,0.1630997671766193,-3.552878373526937,-0.5728662578615629,-268.90178271105896,-0.23010144472506985,94.6637831440965,95.856087375522,94.6637831440965,8794.712604949953,100.0,IT
2016-10-01,0.16531661890342164,5.722939079226919,0.16531661890342164,1.1802801499247284,1.9371675274279632,0.42714045557081803,-4.065095583690548,-0.6499507664350368,0.08500000000000085,0.0,37.652376624367776,-0.3370454448829774,-0.9929602740548299,0.0,0.6,0.14,0.32,0.0,0.0,0.0,0.0,0.16354313752197977,-2.5022772115686394,-0.2724931188195372,-269.8482255990087,0.0017734813814418715,95.12334407084606,97.23739158368134,95.12334407084606,8794.712604949953,100.0,IT
2017-01-01,1.340053553748266,-2.9177848209641866,1.340053553748266,1.075979689164197,0.7787160126135007,0.6044343452350276,2.944489633793168,1.750366838121753,0.45000000000000107,0.0,29.665130948331843,-0.19253647604304813,-0.4343281156649113,0.0,0.6,0.14,0.32,0.0,0.0,0.0,0.0,0.39884522076723705,-3.460865561146477,0.989805763569899,-268.9241003906142,0.941208332981029,95.3087096242106,96.53067780276263,95.3087096242106,8794.712604949953,100.0,IT
2017-04-01,1.5784609211250356,7.908000560401263,1.5784609211250356,1.5585642388595389,0.9584536852361047,1.0443959161083427,4.411285854497482,-0.109740739897779,0.8650000000000002,0.0,29.523538936032562,-0.25185578242489237,-0.44702288629949133,0.0,0.6,0.14,0.32,0.0,0.0,0.0,0.0,0.6347683608387967,-1.57632625340392,1.3578357927671487,-270.6614871094056,0.9436925602862388,95.53735590834178,98.45807902345005,95.53735590834178,8794.712604949953,100.0,IT
2017-07-01,1.2985033455806594,-5.519141436341357,1.2985033455806594,1.477625984188169,2.236166711475107,1.0610179112014784,2.211031584800782,-0.5516934429084852,0.7849999999999984,0.0,29.80614525329696,0.039175480487529946,-0.049501657802847765,0.0,0.6,0.14,0.32,0.0,0.0,0.0,0.0,0.7675153577871693,-3.5942041084429093,1.1354035784040402,-268.72266007245145,0.5309879877934901,96.0729452346952,97.10889816896884,96.0729452346952,8889.85285328435,100.0,IT
2017-10-01,1.0516035129184864,4.735339748578227,1.0516035129184864,1.8194929759191458,3.3046354943518708,0.4579661259024981,2.343510058150944,-0.11509249020917878,1.1549999999999994,0.0,37.25791628937872,-0.39446033498904964,-0.6307706392119875,0.0,0.6,0.14,0.32,0.0,0.0,0.0,0.0,0.8243329888134328,-3.0835651942395543,0.8880603753965066,-269.080336136008,0.22727052410505366,96.86994811868902,98.2653389013813,96.86994811868902,8889.85285328435,100.0,IT
2018-01-01,0.8615030088495068,-3.678186837240105,0.8615030088495068,1.6441987880430053,0.07753926110893872,0.634075209680951,2.0262413323430373,-1.159310170308725,1.0899999999999999,0.0,29.787788092460136,0.12265714412829642,-0.2786440607624653,0.0,0.6,0.14,0.32,0.0,0.0,0.0,0.0,0.8317669928206476,-3.856519542520573,0.46265778808226976,-268.1414046114208,0.029736016028859225,96.88872799935476,97.36588499839384,96.88872799935476,8889.85285328435,100.0,IT
2018-04-01,0.9740336748384593,8.358123224357072,0.9740336748384593,1.852091279100354,1.7900236494654997,0.4858309151075879,0.5119275838518345,0.2825305228594921,1.1049999999999986,0.0,29.677643050945594,0.154104114913034,0.014503203251202579,0.0,0.6,0.14,0.32,0.0,0.0,0.0,0.0,0.8602203292242099,-1.9000938242443794,0.33926531399966253,-269.7834295051437,0.11381334561424938,97.32328238865655,99.42177963379378,97.32328238865655,8889.85285328435,100.0,IT
2018-07-01,1.6404567351026245,-2.8534491952846963,1.6404567351026245,2.1618769782528746,3.4753095080851892,0.6574645642086097,5.465874432767048,-0.012657163513773995,1.6899999999999995,0.0,30.129760168802456,0.3236149155054935,0.05756682087730014,0.0,0.6,0.14,0.32,0.0,0.0,0.0,0.0,1.0162676103998929,-3.452600139090407,0.8729413773154552,-268.20123982930124,0.6241891247027316,98.17253764912617,98.71506585287504,98.17253764912617,9037.227955894581,100.0,IT
2018-10-01,1.4603537152205526,4.014927669049939,1.4603537152205526,1.9098252992165943,2.2964287782067494,0.6181897025667737,6.484469569244933,-0.9073916826669581,1.1899999999999995,0.0,37.51506350875436,0.25714721937563634,0.08764230854545105,0.0,0.6,0.14,0.32,0.0,0.0,0.0,0.0,1.105084831364025,-2.7531857161470157,0.6360207264071198,-268.630864552012,0.35526888385652766,98.73777423027181,99.71088981689688,98.73777423027181,9037.227955894581,100.0,IT
2019-01-01,1.0175699159825413,-5.44932203419215,1.0175699159825413,2.2855206026973107,1.5803204750318045,0.4315359393919138,2.128594930421457,-0.9083971578324856,1.1599999999999984,0.0,30.293099823466008,0.5053117310058697,0.24495601328849803,0.0,0.6,0.14,0.32,0.0,0.0,0.0,0.0,1.0875818482877282,-4.2984141625609595,0.18580292316189373,-266.873453924706,-0.07001193230518687,99.12863915234702,98.36170896241568,99.12863915234702,9037.227955894581,100.0,IT
2019-04-01,0.9006172164382598,7.890312426179946,0.9006172164382598,1.5810534505120488,-1.0278449592755479,0.5156311778940825,2.3865690347503854,-0.9748943126525411,1.5250000000000004,0.0,30.472398973914782,0.794755922969187,0.17948627420650654,0.0,0.6,0.14,0.32,0.0,0.0,0.0,0.0,1.0501889219178344,-1.6149858135472073,0.04039688721404988,-269.10299327106986,-0.14957170547957466,98.87424396066383,100.32123353678124,98.87424396066383,9037.227955894581,100.0,IT
2019-07-01,0.324886575566552,-5.156371758771527,0.324886575566552,1.0204781654975292,1.233008368027111,0.49027717099034973,-3.3260557954901238,-0.058624004211838,1.4749999999999996,0.0,31.072615806090575,0.9428556372881203,0.9993320204653574,0.0,0.6,0.14,0.32,0.0,0.0,0.0,0.0,0.9051284526475779,-3.0534749244437194,-0.6913810348333409,-267.50564823937026,-0.5802418770810259,99.17949611750099,99.03629938965628,99.17949611750099,9246.154093212397,100.0,IT
2019-10-01,0.2895289138498569,3.873497022183159,0.2895289138498569,1.2702595134434613,3.295554169990478,0.6466236562229888,-5.251352545557619,-0.3096373328994595,1.4050000000000011,0.0,38.99506493159112,1.480001422836763,1.3361993237629433,0.0,0.6,0.14,0.32,0.0,0.0,0.0,0.0,0.7820085448880337,-2.518606876681133,-0.815555917514168,-267.65013395241846,-0.4924796310381768,100.00000000000001,100.0,100.00000000000001,9246.154093212397,100.0,IT
2020-01-01,0.22834784021075194,-5.69404632874857,0.22834784021075194,-2.682927592908624,-14.232427950376536,0.5285773786759762,-1.1161997581973448,3.7270756649504744,2.0299999999999994,0.0,32.752274040947945,2.459174217481941,2.2462513203606367,0.0,0.6,0.14,0.32,0.0,0.0,0.0,0.0,0.6712764039525774,-0.014896428214058233,-0.8592340080769763,-269.78472935782537,-0.44292856374182543,96.50444950211329,98.58657243816255,96.50444950211329,9246.154093212397,100.0,IT
2020-04-01,-0.19230775157419444,6.207690059040161,-0.19230775157419444,-10.549375556117147,-32.49363681210964,0.5449604767564509,-2.0386490327831464,13.124086069722862,2.8050000000000015,0.0,38.09197731099259,7.619578337077809,7.936856265352711,0.0,0.6,0.14,0.32,0.0,0.0,0.0,0.0,0.49855957284722296,9.838017375900392,-1.2424966734920289,-279.4600610756128,-0.6908673244214174,88.9749637592104,100.1284934147125,88.9749637592104,9246.154093212397,100.0,IT
2020-07-01,-0.22730972606153088,-5.296379656720873,-0.22730972606153088,-0.6814432333012377,40.70473765929074,0.6175868808854901,-10.226027543158667,1.9811920743838307,-0.13000000000000078,0.0,34.15114449576207,3.078528689671489,2.480638907163549,0.0,0.6,0.14,0.32,0.0,0.0,0.0,0.0,0.3533857130654722,-2.4351784774867724,-1.132438178709109,-267.9597817466099,-0.580695439127003,98.50594170432805,98.81143591390942,98.50594170432805,9001.384649352845,100.0,IT
2020-10-01,-0.3862251341159251,3.237835389965582,-0.3862251341159251,-1.9238045613467536,-1.6738911421915859,0.1931745610374236,-7.036411952206212,3.221907323129214,0.870000000000001,0.0,41.90993001318592,2.9148650815947974,1.7799658731523003,0.0,0.6,0.14,0.32,0.0,0.0,0.0,0.0,0.20546354362919272,-0.7442754157015656,-1.1682336790039587,-269.18771337964927,-0.5916886777451178,98.09458245970082,99.61451975586253,98.09458245970082,9001.384649352845,100.0,IT
2021-01-01,0.7466355087576204,-1.162603757254388,0.7466355087576204,3.817902925324379,8.734401996307994,1.1466137087644768,-6.53270579131453,-3.472262361265388,0.40000000000000036,0.0,33.441802252816025,0.6895282118680734,-1.0257306750408883,0.0,0.6,0.14,0.32,0.0,0.0,0.0,0.0,0.3136979366548783,-2.954991314796871,0.07535910480504304,-266.71346194125863,0.43293757210274214,100.26013369981061,99.3254095727594,100.26013369981061,9001.384649352845,100.0,IT
2021-04-01,1.1483379777724068,7.814499935099306,1.1483379777724068,13.30462427783301,5.453248597924887,0.2554279805097259,-1.2874861109647195,-13.832986035362715,0.6950000000000003,0.0,33.8411631052915,-4.250814205701092,-3.167505428466071,0.0,0.6,0.14,0.32,0.0,0.0,0.0,0.0,0.480625944878384,-1.782149212879915,0.6497784049251838,-267.30377477555226,0.6677120328940227,101.63635204407966,101.28493414712496,101.63635204407966,9001.384649352845,100.0,IT
2021-07-01,2.0911168913111844,-1.5252640025657627,2.0911168913111844,6.142311315773674,12.055485811053401,0.42037248646416003,11.921108635988897,-5.51436576728932,0.9699999999999989,0.0,33.111260445839186,-1.039884049922879,-1.7936589976742612,0.0,0.6,0.14,0.32,0.0,0.0,0.0,0.0,0.802724134164944,-4.751859192718143,1.737731178245712,-263.90858732214747,1.2883927571462404,104.74616858591284,100.89945390298747,104.74616858591284,9351.693451272176,100.0,IT
2021-10-01,3.672460813857814,9.5632110801521,3.672460813857814,7.12924958039538,2.273861916295239,1.3101321760924378,18.08765669785086,-5.599642732491716,1.125,0.0,40.34549079244994,-1.5644392207359858,-1.331683455958322,0.0,0.6,0.14,0.32,0.0,0.0,0.0,0.0,1.376671470103518,-2.1399912527721767,3.4669972702286214,-265.7309246131116,2.295789343754296,105.34331005847633,103.34082878252491,105.34331005847633,9351.693451272176,100.0,IT
2022-01-01,5.841534959646211,7.513692825899199,5.841534959646211,5.933387311774285,3.950952921823614,1.583487602655964,31.74297132779227,-1.8762851117314128,1.6599999999999984,0.0,31.504121674717993,-1.9376805780980277,-1.9382884157435623,0.0,0.6,0.14,0.32,0.0,0.0,0.0,0.0,2.2696441680120567,-0.7888450938702363,5.527837022991332,-266.62160958913057,3.571890791634154,106.38898195415862,105.30035335689045,106.38898195415862,9351.693451272176,100.0,IT
2022-04-01,7.099952580131408,12.848170417040095,7.099952580131408,5.264876750702863,2.7792063536391964,2.829487721485524,31.213569882689285,1.132477636071938,1.8000000000000007,0.0,31.638999356192105,-2.202163749099395,-2.1783729290702163,0.0,0.6,0.14,0.32,0.0,0.0,0.0,0.0,3.235705850435927,2.1031030761047305,6.619326635253024,-269.1388506049808,3.864246729695481,107.13074820847099,108.73755220044971,107.13074820847099,9351.693451272176,100.0,IT
2022-07-01,8.568395491349268,4.348507642305677,8.568395491349268,3.0512897055761545,3.201137630546569,3.8922805949171746,33.80930016833821,5.92333908005136,1.4450000000000003,0.0,32.74505897835247,-0.36620146748671534,-0.46956509815168535,0.0,0.6,0.14,0.32,0.0,0.0,0.0,0.0,4.302243778618595,2.313843974079475,7.765671357184324,-269.4256931079205,4.2661517127306725,107.9915386739644,109.9261162865403,107.9915386739644,9923.357461372489,100.0,IT
2022-10-01,11.774849632471529,22.389027644641146,11.774849632471529,2.579424617449577,0.38640156378892954,4.59137712998654,49.466140223996206,8.549660561817873,1.5950000000000006,0.0,38.82883098112058,-1.5166598113293517,-2.0005767704770756,0.0,0.6,0.14,0.32,0.0,0.0,0.0,0.0,5.796764949389182,7.745531698951254,10.39817816236801,-274.9263496281336,5.978084683082347,108.09590932562593,116.25441696113073,108.09590932562593,9923.357461372489,100.0,IT
2023-01-01,9.091872217855013,-3.218216832566867,9.091872217855013,2.922359939375685,5.322694209528045,5.215858198941081,20.675802716856673,8.103454184644088,1.54,0.0,31.92928233606665,0.4251606613486558,0.014096609482669664,0.0,0.6,0.14,0.32,0.0,0.0,0.0,0.0,6.455786403082348,4.894948663869798,6.8222280498429555,-272.79112186760983,2.636085814772665,109.54392582197264,115.32283970446515,109.54392582197264,9923.357461372489,100.0,IT
2023-04-01,7.482516584784715,6.410747884758905,7.482516584784715,2.7635895911644504,2.144124960794258,4.988188344048439,6.590593683593848,7.32128492825197,1.6750000000000007,0.0,31.71874454694571,0.07974519075360509,0.03641824983013156,0.0,0.6,0.14,0.32,0.0,0.0,0.0,0.0,6.661132439422821,5.573204423944276,4.246810734348788,-273.85777759860105,0.8213841453618942,110.13269206185856,117.18599421779633,110.13269206185856,9923.357461372489,100.0,IT
2023-07-01,5.652505531350194,-2.9715365714324093,5.652505531350194,2.8468114348615625,3.5340250053350175,4.193868922032973,-2.202251556985857,5.7302626894729425,1.2600000000000007,0.0,31.51704660076659,-1.2280123775858798,-1.6651531599275802,0.0,0.6,0.14,0.32,0.0,0.0,0.0,0.0,6.459407057808296,3.3666906442797426,1.3502617527315985,-272.2313872044092,-0.8069015264581019,111.11003235482555,116.31866366848699,111.11003235482555,10217.632631562325,100.0,IT
2023-10-01,0.9624713374210003,3.6288908689243726,0.9624713374210003,3.2745727530765656,2.097446836648942,3.3102769018358735,-29.622513461771625,2.3565444031950378,1.4100000000000001,0.0,38.006019026971515,-0.8228119541490664,-1.1470373244324266,0.0,0.6,0.14,0.32,0.0,0.0,0.0,0.0,5.360019913730836,3.417001676781183,-4.834293611968182,-272.61424821247806,-4.397548576309836,111.69418100700501,117.37873433986508,111.69418100700501,10217.632631562325,100.0,IT
2024-01-01,0.997790983247171,-3.0769382492621844,0.997790983247171,2.9870715148067717,4.172689256448869,2.494494480933973,-21.075600598596456,0.8758426327357682,1.4549999999999992,0.0,32.69615426023198,0.7668719241653299,0.3224863976376764,0.0,0.6,0.14,0.32,0.0,0.0,0.0,0.0,4.487574127634103,1.1949904143491494,-5.457995419835177,-270.8018413360503,-3.489783144386932,112.86544229503454,116.47928043687762,112.86544229503454,10217.632631562325,100.0,IT
2024-04-01,0.8733679968754515,5.913055939272027,0.8733679968754515,3.519018112658978,4.271911352203084,2.158776949836483,-15.038706255770196,-1.3751451530082726,1.8950000000000005,0.0,32.532820012739066,0.8140754657933569,0.9507918185813932,0.0,0.6,0.14,0.32,0.0,0.0,0.0,0.0,3.7647329014823727,1.4289586076565683,-5.7877644425473695,-271.2121274828175,-2.891364904606921,114.07727976511275,118.21394153549632,114.07727976511275,10217.632631562325,100.0,IT
2024-07-01,1.1805216028379917,-1.7429221475822487,1.1805216028379917,3.1231741212418562,1.95064903966653,2.178478850017118,-9.630926769089987,-1.844617891544642,2.214999999999999,0.0,32.50204861295619,0.9850020121895953,0.995204876938534,0.0,0.6,0.14,0.32,0.0,0.0,0.0,0.0,3.2478906417534965,0.20604562232199441,-5.278885454970304,-270.2887346860053,-2.067369038915505,114.63495027478797,117.69996787664631,114.63495027478797,10527.444744345137,100.0,IT
2024-10-01,1.2780595448203869,4.019042636853953,1.2780595448203869,3.583252186075514,3.937759095983573,1.888767466314789,-9.538036393216442,-1.1248543451277015,2.2300000000000004,0.0,38.77024613581628,0.7642271088447616,0.869351326700287,0.0,0.6,0.14,0.32,0.0,0.0,0.0,0.0,2.8539244223668745,0.09854617035637148,-4.081960368910449,-270.309055571223,-1.5758648775464876,115.76903535361478,118.88853196273692,115.76903535361478,10527.444744345137,100.0,IT
2025-01-01,1.8309023537766755,-0.8655670134370297,1.8309023537766755,2.9821466436193322,1.7682670866241423,1.7069278468055948,-2.124692301160991,-0.571773539950371,1.705,0.0,33.075116392189564,0.3789621319575831,-0.03880348406177159,0.0,0.6,0.14,0.32,0.0,0.0,0.0,0.0,2.649320008648835,-0.748230915106717,-2.6566717738574273,-269.6505970462076,-0.8184176548721593,116.28194465629231,118.63154513331192,116.28194465629231,10527.444744345137,100.0,IT
2025-04-01,1.8309612195336555,5.913291402299947,1.8309612195336555,2.8482636878077727,3.7363795289568458,2.000066670666989,-4.440654023480084,0.2336050735001205,1.5350000000000001,0.0,32.75652927342493,0.2237092606858615,-0.4528435694502657,0.0,0.6,0.14,0.32,0.0,0.0,0.0,0.0,2.485648250825799,-0.22301713592116812,-1.9337716819487172,-270.19482501454337,-0.6546870312921436,117.3732171759221,120.39832958560875,117.3732171759221,10527.444744345137,100.0,IT
2025-07-01,1.70481736852377,-2.247497551621791,1.70481736852377,2.939447681832119,2.3153850157639155,2.0179410598861303,-7.025333701847636,0.726017383068589,1.7000000000000002,0.0,32.76201593942799,0.259967326471805,-0.29444837975044225,0.0,0.6,0.14,0.32,0.0,0.0,0.0,0.0,2.3294820743653935,-1.507343620678057,-1.5430732732297265,-269.05410437269694,-0.6246647058416235,118.05459781728956,119.72373915836815,118.05459781728956,10846.116599039568,100.0,IT
2025-10-01,1.2085550617878305,2.0339934099101953,1.2085550617878305,2.266626134231231,1.2464729055800206,1.7972242404430183,-6.73817396696621,-0.0420652394992338,1.9949999999999992,0.0,39.17647219977261,0.4062260639563331,0.4428393815725768,0.0,0.6,0.14,0.32,0.0,0.0,0.0,0.0,2.1052966718498807,-1.278330368697084,-1.645369360579044,-269.25098449877953,-0.8967416100620502,118.42305124704863,120.3340828782525,118.42305124704863,10846.116599039568,100.0,IT
2026-01-01,,,,2.239390952305653,1.659326358921831,,,,2.339999999999999,0.0,32.98786359970111,-0.08725279248845697,0.1380366327528039,0.0,0.6,0.14,0.32,0.0,0.0,0.0,0.0,1.9259483498374705,,,,,118.91532782657849,120.3340828782525,118.91532782657849,10846.116599039568,100.0,IT
2026-04-01,,,,1.6679532501255423,1.450628720236402,,,,1.3450000000000006,0.0,,,,0.0,0.6,0.14,0.32,0.0,0.0,0.0,0.0,1.7824696922275425,,,,,119.34736573586743,120.3340828782525,119.34736573586743,10846.116599039568,100.0,IT
