,gp,gp_q,pi_yoy,gw,gw_q,gp_core,grpe,slack,slack_vu,gpty,dmw,minwage,transfer_share,h,h_disc,cov_automatic,cov_benchmark,cov_minwage,cov_public,lambda,wedge,scheme,populist,election,pistar,catchup,catchup_bb,real_wage,pigap,lvl_wage,lvl_price,lvl_minwage,lvl_benefit,lvl_handout,country
1963-01-01,3.0790996725019726,5.733971668396798,3.0790996725019726,,,,,,,,0.0,,,,,0.0,0.3440025552108049,0.0,0.0,0.10320076656324147,0.0,0.0,0.0,0.0,2.2384256254867685,,,53.99839980025101,0.8406740470152041,2.0044468630453354,5.845919280791102,,100.0,100.0,UK
1963-04-01,1.6119381879883488,2.4676204106862443,1.6119381879883488,,10.1412115931792,,,,,,0.0,,,,,0.0,0.345152400073006,0.0,0.0,0.10354572002190181,0.0,0.0,0.0,0.0,2.1131281379870845,,,55.91679759587428,-0.5011899499987358,2.0559153465732316,5.882094523865305,,103.11890838206628,100.0,UK
1963-07-01,1.3715925746708324,-2.7152217803997125,1.3715925746708324,,6.799688294557704,,,,,,0.0,,,,,0.0,0.3463150209892316,0.0,0.0,0.10389450629676948,0.0,0.0,0.0,0.0,1.964821025323834,,,58.295525114613625,-0.5932284506530017,2.091163048295747,5.842301756483682,,103.11890838206628,100.0,UK
1963-10-01,2.050398019770716,2.715221780399535,2.050398019770716,,11.542401321008988,,,,,,0.0,,,,,0.0,0.34749041795948166,0.0,0.0,0.10424712538784449,0.0,0.0,0.0,0.0,1.9819364242132105,,,60.50231999976597,0.06846159555750564,2.152384714366685,5.8820945238653035,,103.11890838206628,100.0,UK
1964-01-01,1.4742281737203378,3.4292922841952844,1.4742281737203378,8.227068372553159,4.424972281466744,,,,,,0.0,,,,,0.0,0.3486658149297317,0.0,0.0,0.10459974447891951,0.0,0.0,0.0,0.0,1.8803947741146358,,-0.7641974517664307,60.75123999908383,-0.4061666003942981,2.176327509703261,5.9327398641691875,,103.11890838206628,100.0,UK
1964-04-01,2.72992384876376,7.490403110859933,2.72992384876376,6.9535937372121825,5.047313051815294,,,,,,0.0,,,,,0.0,0.3498284358459573,0.0,0.0,0.10494853075378718,0.0,0.0,0.0,0.0,2.0503005890444608,,0.6167957107766755,60.14046748432273,0.6796232597192993,2.2039630149444527,6.044883117699214,,105.69688109161793,100.0,UK
1964-07-01,4.1836959145515,3.0998664827512457,4.1836959145515,7.506260294266864,9.010354522776431,,,,,,0.0,,,,,0.0,0.3509910567621829,0.0,0.0,0.10529731702865487,0.0,0.0,0.0,0.0,2.4769796541458686,,2.2188748892276653,61.61808949432898,1.706716260405631,2.254172620095776,6.091910933695678,,105.69688109161793,100.0,UK
1964-10-01,4.391683156417625,3.547170747864037,4.391683156417625,5.951371641374115,5.322846709437989,,,,,,0.0,,,,,0.0,0.35216645373243294,0.0,0.0,0.10564993611972988,0.0,0.0,0.0,0.0,2.85992035460022,,2.4097467322044146,62.06200848472246,1.531762801817405,2.284369630345754,6.1461737983069815,,105.69688109161793,100.0,UK
1965-01-01,4.471683878179622,3.749295171243272,4.471683878179622,6.785037809757277,7.759636954999394,,,,,,0.0,,,,,0.0,0.353341850702683,0.0,0.0,0.10600255521080489,0.0,0.0,0.0,0.0,3.1822730593161004,,2.591289104064986,63.06459393066148,1.2894108188635216,2.3291169532929095,6.204054187225705,,105.69688109161793,100.0,UK
1965-04-01,5.075454964972859,9.90548745803288,5.075454964972859,6.887222595298503,5.456052193980199,,,,,,0.0,,,,,0.0,0.35449169556488414,0.0,0.0,0.10634750866946524,0.0,0.0,0.0,0.0,3.560909440447452,,3.025154375928398,61.952235114648325,1.5145455245254067,2.3611040707379445,6.359607732444776,,110.20713761315267,100.0,UK
1965-07-01,4.754518636163341,1.8161211675131739,4.754518636163341,6.208842187849717,6.296832892981286,,,,,,0.0,,,,,0.0,0.35565431648110973,0.0,0.0,0.10669629494433291,0.0,0.0,0.0,0.0,3.7996312795906295,,2.277538982017472,63.07241304601534,0.9548873565727112,2.3985668627103025,6.388547926904137,,110.20713761315267,100.0,UK
1965-10-01,4.48867064827192,2.4837787962983526,4.48867064827192,7.181782488023769,9.214607910134198,,,,,,0.0,,,,,0.0,0.3568297134513598,0.0,0.0,0.10704891403540794,0.0,0.0,0.0,0.0,3.9374391533268875,,1.6287502936716995,64.75512032447433,0.5512314949450321,2.4544628482732547,6.428340694285759,,110.20713761315267,100.0,UK
1966-01-01,4.224372390867903,2.692102141627206,4.224372390867903,6.886414082287251,6.578163332053322,,,,,,0.0,,,,,0.0,0.3580051104216098,0.0,0.0,0.10740153312648294,0.0,0.0,0.0,0.0,3.9948258008350908,,1.0420993315518028,65.72663562208085,0.22954659003281241,2.49516122551987,6.471750985974803,,110.20713761315267,100.0,UK
1966-04-01,3.740318777146956,7.969273003149091,3.740318777146956,7.5792909206519266,8.2275595474389,,,,,,0.0,,,,,0.0,0.3591549552838109,0.0,0.0,0.10774648658514327,0.0,0.0,0.0,0.0,3.9439243960974637,,0.17940933669950399,65.79120725815329,-0.20360561895050777,2.5470154079546314,6.601981861041932,,115.50178657321517,100.0,UK
1966-07-01,3.614516351060537,1.3129114631674987,3.614516351060537,6.199266457604713,0.7767350407924312,,,,,,0.0,,,,,0.0,0.3603175762000365,0.0,0.0,0.10809527286001096,0.0,0.0,0.0,0.0,3.878042787090078,,-0.18511492853009237,65.65716315255953,-0.26352643602954107,2.5519661034142764,6.623687006886452,,115.50178657321517,100.0,UK
1966-10-01,3.755272831997636,3.0468047200467474,3.755272831997636,3.2395857935508143,-2.6241147460813963,,,,,,0.0,,,,,0.0,0.36149297317028656,0.0,0.0,0.10844789195108596,0.0,0.0,0.0,0.0,3.8534887960715896,,-0.1821663213292517,64.23943328602749,-0.09821596407395372,2.5352792687631003,6.674332347190336,,115.50178657321517,100.0,UK
1967-01-01,3.5688662617081146,1.9464758604691212,3.5688662617081146,1.332094543723894,-1.0518016672543595,,,,,,0.0,,,,,0.0,0.3626683701405366,0.0,0.0,0.10880051104216097,0.0,0.0,0.0,0.0,3.7965642891988947,,-0.42595953912697615,63.48986390409663,-0.22769802749078005,2.528621498511959,6.706890065957117,,115.50178657321517,100.0,UK
1967-04-01,2.4893060257497712,3.6510320593157175,2.4893060257497712,1.1953076244197725,7.6804118702224144,,,,,,0.0,,,,,0.0,0.36381821500273775,0.0,0.0,0.10914546450082133,0.0,0.0,0.0,0.0,3.53511263650907,,-1.4546183703476925,64.49720885682329,-1.045806610759299,2.5776427581886585,6.768387979183262,,119.81594498511797,100.0,UK
1967-07-01,1.5714222032736203,-2.358623826737105,1.5714222032736203,3.630133169924976,10.516037222813246,,,,,,0.0,,,,,0.0,0.36498083591896335,0.0,0.0,0.109494250775689,0.0,0.0,0.0,0.0,3.14237454986198,,-2.306620583816458,67.71587411921087,-1.57095234658836,2.6463078774691664,6.728595211801639,,119.81594498511797,100.0,UK
1967-10-01,2.09178986616807,5.128275371624547,2.09178986616807,6.47589043980239,8.758914333428258,,,,,,0.0,,,,,0.0,0.3661562328892134,0.0,0.0,0.10984686986676402,0.0,0.0,0.0,0.0,2.9322576131231983,,-1.7616989299035195,68.6235338596618,-0.8404677469551283,2.7048939343431937,6.815415795179726,,119.81594498511797,100.0,UK
1968-01-01,2.975777491487519,5.482426361746917,2.975777491487519,8.999952018008273,9.044444645569172,,,,,,0.0,,,,,0.0,0.36733162985946344,0.0,0.0,0.11019948895783903,0.0,0.0,0.0,0.0,2.9409615887960623,-0.9831191774707975,-0.8207867977113756,69.51403843061736,0.034815902691456735,2.7667512893532247,6.909471427172651,,119.81594498511797,100.0,UK
1968-04-01,4.4428524320673235,9.519331821634935,4.4428524320673235,8.510662889984033,5.723255358125456,,,,,,0.0,,,,,0.0,0.36849425077568904,0.0,0.0,0.1105482752327067,0.0,0.0,0.0,0.0,3.2413397574503144,0.7186286132369446,0.9077397955582533,68.56501931474004,1.201512674617009,2.8066229138504024,7.075877545313983,,122.8113436097459,100.0,UK
1968-07-01,5.491575759611456,1.8362694834394233,5.491575759611456,7.618018005971416,6.945457686762779,,,,,,0.0,,,,,0.0,0.3696568716919146,0.0,0.0,0.11089706150757438,0.0,0.0,0.0,0.0,3.6913869578825427,-0.11109252480783027,2.3492012097494754,69.84231636557084,1.800188801728913,2.8557816680448265,7.108435264080765,,122.8113436097459,100.0,UK
1968-10-01,5.423482371766397,4.855901820244313,5.423482371766397,7.673633169018634,8.98137498561713,,,,,,0.0,,,,,0.0,0.3708322686621647,0.0,0.0,0.1112496805986494,0.0,0.0,0.0,0.0,4.037806040659314,-0.5534260043107793,2.491224758643199,70.8736846569141,1.3856763311070832,2.9206290824046053,7.19525584745885,,122.8113436097459,100.0,UK
1969-01-01,6.043981878513938,7.964424388737079,6.043981878513938,7.222868878737199,7.241387484443429,,,,,,0.0,,,,,0.0,0.3720076656324147,0.0,0.0,0.11160229968972442,0.0,0.0,0.0,0.0,4.439041208230239,0.2904927893346496,3.1030202897178754,70.69292543084065,1.6049406702836988,2.9739840978542746,7.33995681975566,,122.8113436097459,100.0,UK
1969-04-01,5.2774813982142454,6.453329900436167,5.2774813982142454,7.578113801285946,7.144235048320446,,,,,,0.0,,,,,0.0,0.3731575104946158,0.0,0.0,0.11194725314838475,0.0,0.0,0.0,0.0,4.60672924622704,0.6477438162999789,2.036141640763931,70.86565171781174,0.6707521519872053,3.027578389477648,7.459335121900527,,130.15224783197627,100.0,UK
1969-07-01,4.963798109177153,0.5815363272910545,4.963798109177153,7.7696844023747325,7.711740091117925,,,,,,0.0,,,,,0.0,0.3743201314108414,0.0,0.0,0.11229603942325242,0.0,0.0,0.0,0.0,4.678143018817063,-0.6606853311436822,1.2724111512946106,72.64820265876844,0.2856550903600903,3.0865144323967932,7.470187694822789,,130.15224783197627,100.0,UK
1969-10-01,5.001042057466121,5.004877613400183,5.001042057466121,8.143601121459332,10.477041861955527,,,,,,0.0,,,,,0.0,0.37549552838109146,0.0,0.0,0.11264865851432743,0.0,0.0,0.0,0.0,4.742722826546874,-1.3626086685706866,0.9632360168068068,74.01624372090726,0.2583192309192466,3.16842634492072,7.564243326815714,,130.15224783197627,100.0,UK
1970-01-01,4.857891887765575,7.391823709934897,4.857891887765575,9.57417076467153,12.963666057292222,,,,,,0.0,,,,,0.0,0.3766709253513415,0.0,0.0,0.11300127760540245,0.0,0.0,0.0,0.0,4.765756638790615,-1.9874289234172693,0.4188506795353364,75.40920430774659,0.0921352489749605,3.2727945049110145,7.705326774805104,,130.15224783197627,100.0,UK
1970-04-01,5.610710162472365,9.464602999263327,5.610710162472365,11.152324979083028,13.456851905966438,,,,,,0.0,,,,,0.0,0.37782077021354266,0.0,0.0,0.11334623106406279,0.0,0.0,0.0,0.0,4.934747343526965,-2.1278125349968633,1.0039809162453253,76.40726653442236,0.6759628189454006,3.3847712900964577,7.889820514483536,,136.6995407869385,100.0,UK
1970-07-01,6.6503900861603515,4.740256022042999,6.6503900861603515,13.064687711619705,15.36119102126463,,,,,,0.0,,,,,0.0,0.3789833911297682,0.0,0.0,0.11369501733893045,0.0,0.0,0.0,0.0,5.277875892053642,-3.9020810527060235,1.9722470673432886,79.06250028422777,1.3725141941067092,3.517284756429379,7.9838761464764625,,136.6995407869385,100.0,UK
1970-10-01,7.462024100361075,8.251413670203078,7.462024100361075,13.520922381385336,12.301980541018054,,,,,,0.0,,,,,0.0,0.38015878810001824,0.0,0.0,0.11404763643000547,0.0,0.0,0.0,0.0,5.714705533715129,-3.800243724125238,2.7193012738142013,80.07514200193148,1.747318566645946,3.6271393048055214,8.150282264617791,,136.6995407869385,100.0,UK
1971-01-01,8.285564905015086,10.685986928550939,8.285564905015086,12.546691686460854,9.066743277594291,8.59735079332955,,,,,0.0,,,,,0.0,0.38133418507026834,0.0,0.0,0.11440025552108049,0.0,0.0,0.0,0.0,6.228877407975121,-2.285816332277605,3.519808266224471,79.67033108919235,2.056687497039965,3.7102940249182357,8.370951247370424,,136.6995407869385,100.0,UK
1971-04-01,9.443446823275536,14.09613067230513,9.443446823275536,11.675298748188467,9.971280152876894,9.188586383064568,,,,,0.0,,,,,0.0,0.38248402993246944,0.0,0.0,0.11474520897974083,0.0,0.0,0.0,0.0,6.871791291035204,-0.321356748603975,4.5086994797485715,78.6391184593353,2.5716555322403325,3.8039474335629575,8.671205764886308,,146.42127881097332,100.0,UK
1971-07-01,9.625713007785786,5.4693207600839955,9.625713007785786,10.174302924359147,9.357207725947347,8.997990679698775,,,,,0.0,,,,,0.0,0.38364665084869504,0.0,0.0,0.1150939952546085,0.0,0.0,0.0,0.0,7.42257563438532,-0.587119889533426,4.347837115732143,79.61109020080117,2.203137373400465,3.8939822364911874,8.790584067031174,,146.42127881097332,100.0,UK
1971-10-01,8.74921017839485,4.7454023526393385,8.74921017839485,8.727546142237808,6.514953412532698,8.10171729964182,,,,,0.0,,,,,0.0,0.3848220478189451,0.0,0.0,0.11544661434568351,0.0,0.0,0.0,0.0,7.687902543187226,-0.2923860282025714,3.0345046446797213,80.05347796577449,1.0613076352076245,3.9579243298056848,8.895492271946361,,146.42127881097332,100.0,UK
1972-01-01,7.651278293190122,6.294259387732026,7.651278293190122,9.953410151834685,13.970199315981802,7.048664483281097,,,,,0.0,,,,,0.0,0.3859974447891951,0.0,0.0,0.11579923343675853,0.0,0.0,0.0,0.0,7.680577693187805,-1.5060656544427786,1.4224008852150014,81.97246294783692,-0.02929939999768294,4.098599077869287,9.036575719935751,,146.42127881097332,100.0,UK
1972-04-01,5.991269455023884,7.456095319640177,5.991269455023884,10.918168861838407,13.830314992891779,5.825667507359178,,,,,0.0,,,,,0.0,0.3871600657054207,0.0,0.0,0.11614801971162621,0.0,0.0,0.0,0.0,7.342716045555021,-2.262667590630926,-0.8805218360113196,83.5660178661498,-1.351446590531137,4.242789757171856,9.206599362384502,,160.90468443861704,100.0,UK
1972-07-01,6.260764585143486,6.547301280562401,6.260764585143486,11.99306324378524,13.656785253734682,6.00502247521062,,,,,0.0,,,,,0.0,0.3883226866216463,0.0,0.0,0.1164968059864939,0.0,0.0,0.0,0.0,7.126325753472714,-3.1213009518243666,-1.1618110492418348,85.34338885944292,-0.8655611683292284,4.390148167311366,9.358535383296152,,160.90468443861704,100.0,UK
1972-10-01,7.480487676407499,9.624294717695392,7.480487676407499,13.61290736445393,12.994329895207457,7.523032025473864,,0.07708333333333339,,3.4871630893481775,0.0,,,,,0.0,0.38949808359189636,0.0,0.0,0.1168494250775689,0.0,0.0,0.0,0.0,7.197158138059671,-2.953953621469296,-0.2074148667797271,86.1858976538209,0.2833295383478278,4.535107565963035,9.586439414663626,,160.90468443861704,100.0,UK
1973-01-01,7.627878134667521,6.883821220772113,7.627878134667521,12.288348342510158,8.671963228206714,7.297928403323439,,0.3055555555555558,,4.413065795779669,0.0,,,,,0.0,0.3906734805621464,0.0,0.0,0.11720204416864391,0.0,0.0,0.0,0.0,7.283302137381241,-2.403866063743493,-0.05269955852028474,86.6329331556796,0.3445759972862792,4.634501817133548,9.752845532804958,,160.90468443861704,100.0,UK
1973-04-01,8.903944349876491,12.56036018047606,8.903944349876491,12.132003824709248,13.204936921688137,8.471667188494525,,0.42500000000000027,,4.656711534433204,0.0,,,,,0.08136986301369864,0.3918233254243475,0.0,0.0,0.19077987433963303,0.0,0.0,0.0,0.0,7.607430579880291,-1.7052035246735358,1.56122830432147,86.79407734098255,1.2965137699962002,4.7900509721146785,10.063952623243098,,172.21364499718817,100.0,UK
1973-07-01,8.800946139451238,6.1353084388613865,8.800946139451238,12.497585814210987,15.119113211741642,8.608945790616884,,0.5378787878787881,,4.714992379222828,0.0,,,,,0.16364383561643836,0.3929859463405731,0.0,0.0,0.26517523595696646,0.0,0.0,0.0,0.0,7.84613369179448,-3.0974526681316092,1.6746203859785238,89.04002853420265,0.9548124476567574,4.974569507723241,10.21950616846217,,172.21364499718817,100.0,UK
1973-10-01,9.770867333037714,13.503979492041296,9.770867333037714,12.476323388785326,12.909280193504813,8.650090817907996,,0.615277777777778,,4.562451896336755,0.0,,,,,0.2468219178082192,0.39416134331082314,0.0,0.0,0.3403881290206442,0.0,0.0,0.0,0.0,8.231080420043128,-1.8611541147317183,2.5737091949780426,88.89135370956852,1.539786912994586,5.137733537650324,10.57040602628193,,172.21364499718817,100.0,UK
1974-01-01,12.107467786477333,16.23022303453059,12.107467786477333,9.210133964728584,-4.392794468020256,10.145963579309836,,0.44487179487179507,,3.7370349619086585,0.0,,,,,0.33,0.39533674028107324,0.0,0.0,0.41560102208432204,0.0,0.0,0.0,0.0,9.00635789332997,4.367935834025772,4.824165649096091,83.73559933393084,3.1011098931473633,5.081619703630717,11.00812646747978,,172.21364499718817,100.0,UK
1974-04-01,14.745273114313084,23.111581491819067,14.745273114313084,13.033315261480638,28.497662108696353,12.866546704654791,,0.3821428571428571,,3.014367550988994,0.0,,,,,0.24863013698630138,0.39648658514327434,0.0,0.0,0.34271309883065354,0.0,0.0,0.0,0.0,10.154140937526593,3.4833906087495876,7.137842534432793,85.08211948815016,4.591132176786491,5.456863670219432,11.66289836712284,,188.08587034255115,100.0,UK
1974-07-01,15.692810870524498,9.925459463707043,15.692810870524498,17.952843522776085,34.79722625692343,13.566967390344375,,0.26333333333333275,,2.686970453041976,0.0,,,,,0.16635616438356166,0.39764920605949994,0.0,0.0,0.2690153097630555,0.0,0.0,0.0,0.0,11.261874924126174,-2.2592132780413436,7.846677178730018,91.30006118645424,4.430935946398325,5.9528331803000025,11.955917836023882,,188.08587034255115,100.0,UK
1974-10-01,16.697510507934776,17.522778041682407,16.697510507934776,21.633312276735772,27.63115520934356,14.976826837343715,,0.21562500000000018,,2.1239913316243753,0.0,,,,,0.08317808219178083,0.39882460302975,0.0,0.0,0.19450765488152774,0.0,0.0,0.0,0.0,12.349002040887894,-3.7055407573198096,8.466430087891649,93.82715547836956,4.348508467046882,6.378577811863277,12.491311433522078,,188.08587034255115,100.0,UK
1975-01-01,18.489246322326515,23.397166292097538,18.489246322326515,27.955374635709962,20.895454967876503,16.099753445778965,,-0.04803921568627434,,1.3647505313504393,0.0,,,,,0.0,0.4,0.0,0.0,0.12,0.0,0.0,0.0,0.0,13.577050897175619,-1.8368947837692673,9.482888428996546,93.20172764731429,4.912195425150896,6.720642744246157,13.243756489465488,,188.08587034255115,100.0,UK
1975-04-01,21.74200070096255,36.12259900636321,21.74200070096255,23.81904518507918,11.952344306173224,19.67259986166212,,-0.36018518518518494,,0.4761279006862351,0.0,,,,,0.0,0.3975355969331873,0.0,0.0,0.11926067907995619,0.0,0.0,0.0,0.0,15.210040857933006,5.318155978550635,11.587859763435956,87.1591639722668,6.531959843029544,6.9244917590967,14.495419899832887,,220.22712666691115,100.0,UK
1975-07-01,23.55922191564117,17.19434432242153,23.55922191564117,22.7301681573433,30.441718145979912,22.06055947566199,,-0.6885964912280702,,-0.41181448715667535,0.0,,,,,0.0,0.3950438116100767,0.0,0.0,0.118513143483023,0.0,0.0,0.0,0.0,16.879877069474638,2.3387349457332363,12.297346991514997,90.47100742815634,6.679344846166533,7.472046712327389,15.132104177938851,,220.22712666691115,100.0,UK
1975-10-01,22.5631042834892,13.538307513074521,22.5631042834892,19.878382602917767,16.224012991641423,21.41013916418433,,-0.9391666666666669,,-0.7569063395160891,0.0,,,,,0.0,0.39252464403066817,0.0,0.0,0.11775739320920045,0.0,0.0,0.0,0.0,18.01652251227755,2.2942828916045954,10.214102242601305,91.14243379779808,4.546581771211649,7.781343308414524,15.653027678207362,,220.22712666691115,100.0,UK
1976-01-01,20.25561310352031,14.167201572221977,20.25561310352031,18.045141779028384,13.562491672318977,20.251702855584462,,-1.1349999999999998,,-0.1061841566602606,0.0,,,,,0.0,0.3900054764512596,0.0,0.0,0.11700164293537788,0.0,0.0,0.0,0.0,18.464340630526102,3.124805424889445,6.678562206344692,90.99125632282235,1.7912724729942084,8.049703143902882,16.21736147016492,,220.22712666691115,100.0,UK
1976-04-01,14.817901844883385,14.371753971815515,14.817901844883385,18.266683280602038,12.838510312467832,14.211109435636393,,-1.201666666666668,,0.41490700959339044,0.0,,,,,0.0,0.387513691128149,0.0,0.0,0.11625410733844468,0.0,0.0,0.0,0.0,17.73505287339756,4.123166345511692,-0.3921390130496203,90.6079454079854,-2.9171510285141746,8.312259639357393,16.81063545658184,,278.75595762793705,100.0,UK
1976-07-01,12.79576764779411,9.105807534064425,12.79576764779411,13.662249023056106,12.02398111579619,11.888836592642527,,-1.206666666666666,,0.8754149150895285,0.0,,,,,0.0,0.38502190580503837,0.0,0.0,0.11550657174151151,0.0,0.0,0.0,0.0,16.74719582827687,3.8766471805505773,-4.0841094216805285,91.33748880341838,-3.9514281804827593,8.56591916812924,17.197710557475805,,278.75595762793705,100.0,UK
1976-10-01,13.914881848985416,18.01476431783975,13.914881848985416,12.090511906981716,9.937064527343864,11.928750946095645,,-1.1866666666666665,,1.500201701632503,0.0,,,,,0.0,0.3825027382256298,0.0,0.0,0.11475082146768893,0.0,0.0,0.0,0.0,16.18073303241858,6.349383945773766,-4.101640663292134,89.31806385579439,-2.2658511834331634,8.781384684084463,17.989948380800836,,278.75595762793705,100.0,UK
1977-01-01,15.277948428085919,19.619467888623987,15.277948428085919,11.237653009554105,10.151056082608534,14.247845215255728,,-1.1366666666666667,,1.5347138065236465,0.0,,,,,0.0,0.37998357064622124,0.0,0.0,0.11399507119386637,0.0,0.0,0.0,0.0,16.000176111552047,8.79274643633633,-3.1863922024401834,86.95096090429055,-0.7222276834661283,9.007087291859397,18.894329457655893,,278.75595762793705,100.0,UK
1977-04-01,16.049407043831955,17.457588434799653,16.049407043831955,9.38813653936541,5.440444431713054,15.147788472325452,,-1.1150000000000002,,2.017217641583696,0.0,,,,,0.0,0.37751916757940857,0.0,0.0,0.11325575027382256,0.0,0.0,0.0,0.0,16.01002229800803,11.499763981336372,-1.6856458295656047,83.94667490351887,0.03938474582392715,9.130430588117292,19.73721262128481,,318.6349238081615,100.0,UK
1977-07-01,15.336907750278428,6.255810359850322,15.336907750278428,8.265244536593075,7.532413104706848,14.831729316105724,,-1.1783333333333337,,2.5764774909317163,0.0,,,,,0.0,0.37502738225629795,0.0,0.0,0.11250821467688937,0.0,0.0,0.0,0.0,15.875399388462109,10.546922902111803,-1.410288077998441,84.26582558973298,-0.5384916381836806,9.30399509620658,20.04831971172295,,318.6349238081615,100.0,UK
1977-10-01,12.284204957746292,5.803953147711205,12.284204957746292,10.119743968552664,17.35506225518222,13.451849522892667,,-1.1350000000000007,,2.710479019961232,0.0,,,,,0.0,0.3725082146768894,0.0,0.0,0.11175246440306681,0.0,0.0,0.0,0.0,15.157160502318945,7.155877407111618,-3.896528074672288,87.15360286660078,-2.872955544572653,9.716559003320663,20.341339180623986,,318.6349238081615,100.0,UK
1978-01-01,9.07220154790176,6.771454249245856,9.07220154790176,11.618850658246638,16.14748284138443,10.461822143561461,,-0.9499999999999984,,2.6980340312306224,0.0,,,,,0.0,0.3699890470974808,0.0,0.0,0.11099671412924424,0.0,0.0,0.0,0.0,13.940168711435508,4.58260009515358,-6.927974563650288,89.49761001463547,-4.8679671635337485,10.116828757778425,20.688621514136333,,318.6349238081615,100.0,UK
1978-04-01,7.399013948906186,10.76483803881736,7.399013948906186,14.066766134035191,15.232106334867268,8.858931628616196,,-0.8249999999999993,,2.7583299671321115,0.0,,,,,0.0,0.3675246440306681,0.0,0.0,0.11025739320920043,0.0,0.0,0.0,0.0,12.631937758929643,3.4475943219691914,-8.611008349101843,90.61442708864786,-5.232923810023458,10.509509529114997,21.25295530609389,,368.43403082923777,100.0,UK
1978-07-01,7.556332340133043,6.885083924757751,7.556332340133043,14.704811137596252,10.08459311895109,8.710057187823672,,-0.6616666666666671,,2.7161589646962305,0.0,,,,,0.0,0.3650328587075575,0.0,0.0,0.10950985761226724,0.0,0.0,0.0,0.0,11.616816675170323,2.6132491116258763,-8.319067048329066,91.41430438719617,-4.06048433503728,10.77783811584933,21.621942785450756,,368.43403082923777,100.0,UK
1978-10-01,7.781036518453677,6.70276986099374,7.781036518453677,14.027182292933382,14.64454687653074,8.707295139391258,,-0.43166666666666664,,2.498333219327886,0.0,,,,,0.0,0.36251369112814896,0.0,0.0,0.10875410733844469,0.0,0.0,0.0,0.0,10.849660643826994,0.6572967947926145,-7.376123983865268,93.39974864108048,-3.068624125373317,11.179741733732005,21.987312740500194,,368.43403082923777,100.0,UK
1979-01-01,9.150380630935917,12.248830699174817,9.150380630935917,13.457816482180895,13.870019598374483,9.447308776131491,,-0.3099999999999996,,2.3322375012948706,0.0,,,,,0.0,0.3599945235487404,0.0,0.0,0.10799835706462212,0.0,0.0,0.0,0.0,10.509804641248778,0.45260196342134407,-4.789788080499591,93.8050458658804,-1.3594240103128605,11.574199219940478,22.671024834602623,,368.43403082923777,100.0,UK
1979-04-01,10.063447186817154,14.417104262342306,10.063447186817154,14.590197415831785,19.761630069470826,10.233824195102237,,-0.19166666666666643,,2.5309331201149696,0.0,,,,,0.0,0.35753012048192767,0.0,0.0,0.1072590361445783,0.0,0.0,0.0,0.0,10.420533150362452,-0.7387692691797838,-2.5684905721124895,95.14117731766251,-0.3570859635452983,12.160372276221034,23.503055425309277,,397.20243926770814,100.0,UK
1979-07-01,14.82296020112428,25.923135981986256,14.82296020112428,12.878238450863755,3.2367572590789706,14.392858868653091,,-0.1750000000000007,,2.3101678096659084,0.0,,,,,0.0,0.35503833515881705,0.0,0.0,0.10651150054764512,0.0,0.0,0.0,0.0,11.301018560514818,5.131606651223748,3.206143525953957,89.46958263693568,3.5219416406094624,12.259171908243463,25.076678499037083,,397.20243926770814,100.0,UK
1979-10-01,15.921469402513244,11.096806666549597,15.921469402513244,16.647326759849346,29.720900112473103,15.189343924792986,,-0.22000000000000064,,2.237872366715477,0.0,,,,,0.0,0.35251916757940854,0.0,0.0,0.10575575027382256,0.0,0.0,0.0,0.0,12.225108728914503,0.1098211673989482,5.071808758686251,94.12560599841659,3.6963606735987415,13.20475027692804,25.782095738984026,,397.20243926770814,100.0,UK
1980-01-01,17.465970690671195,18.426835851806622,17.465970690671195,15.965950854367872,11.144515976448588,17.512536328630944,,-0.461666666666666,,2.1732456274666854,0.0,,,,,0.0,0.35,0.0,0.0,0.105,0.0,0.0,0.0,0.0,13.27328112126584,2.0392074842417998,6.956166049422418,92.30502602957706,4.1926895694053545,13.577824687165638,26.99758390627722,,397.20243926770814,100.0,UK
1980-04-01,19.51424086170497,22.610184946477396,19.51424086170497,16.28828457804934,21.050964964196694,19.727369359820514,,-0.8299999999999992,,1.251959408948733,0.0,,,,,0.0,0.3472597864768683,0.0,0.0,0.10417793594306048,0.0,0.0,0.0,0.0,14.521473069353666,2.3534226999246357,9.093707711342518,91.91522103400685,4.992767792351303,14.311527575322087,28.56758945569761,,462.6753688173304,100.0,UK
1980-07-01,15.150932459781652,8.469902374292992,15.150932459781652,19.172889843170182,14.775178319562343,15.402627269360725,,-1.5100000000000007,,0.6848905297918484,0.0,,,,,0.0,0.34451957295373664,0.0,0.0,0.10335587188612098,0.0,0.0,0.0,0.0,14.647364947439263,0.6512913166691163,3.8499138992668342,93.49154002032424,0.5035675123423893,14.850050745817017,29.17895106365162,,462.6753688173304,100.0,UK
1980-10-01,14.219308410652332,7.370310470032315,14.219308410652332,13.972393101487235,8.918913145741314,14.583159807978596,,-2.26,,0.09623727926140191,0.0,,,,,0.0,0.34174924719408706,0.0,0.0,0.10252477415822611,0.0,0.0,0.0,0.0,14.561753640081877,0.3792882955804089,1.994199681737829,93.87869068925153,-0.34244522942954525,15.184885609339265,29.72157970976466,,462.6753688173304,100.0,UK
1981-01-01,11.958289483105,9.382760141617297,11.958289483105,14.140760030121147,11.817983690984235,11.373023838003515,,-2.946666666666667,,-0.20712263229957228,0.0,,,,,0.0,0.3389789214344374,0.0,0.0,0.10169367643033123,0.0,0.0,0.0,0.0,14.0410608086865,-0.07662432198479507,-1.3149916381608406,94.48749657659324,-2.0827713255815006,15.640215668395102,30.426996949711608,,462.6753688173304,100.0,UK
1981-04-01,11.065230176118623,19.03794771853189,11.065230176118623,11.084882570472221,8.827455125600991,10.49990503082232,,-3.4383333333333335,,-0.6126570691634137,0.0,,,,,0.0,0.33626882014782367,0.0,0.0,0.1008806460443471,0.0,0.0,0.0,0.0,13.445894682172925,2.614884602198373,-3.456242893235043,91.9348734283605,-2.380664506054302,15.989210681599943,31.91018191575391,,536.0844110396341,100.0,UK
1981-07-01,10.667381110261553,6.878506110864713,10.667381110261553,11.902052506238281,18.043858062626583,9.86961448542747,,-3.5500000000000007,,-0.38065077379649814,0.0,,,,,0.0,0.333528606624692,0.0,0.0,0.10005858198740761,0.0,0.0,0.0,0.0,12.890191967790651,-0.4053458565587533,-3.979983837177709,94.72621141630096,-2.2228108575290975,16.726993764210956,32.46366313478921,,536.0844110396341,100.0,UK
1981-10-01,11.246762475777894,9.687835932097677,11.246762475777894,12.524614665031208,11.409161780913024,10.45959707881643,,-3.615,,-0.0967214822922835,0.0,,,,,0.0,0.3307582808650424,0.0,0.0,0.09922748425951271,0.0,0.0,0.0,0.0,12.5615060693881,-0.7842365699717817,-3.314991164303983,95.15654287850478,-1.3147435936102063,17.2109655383877,33.25951848242165,,536.0844110396341,100.0,UK
1982-01-01,10.551506322014603,6.601735526564134,10.551506322014603,11.444586666741507,7.497871697825431,10.185449128467061,,-3.6016666666666657,,0.24266899443686207,0.0,,,,,0.0,0.3279879551053928,0.0,0.0,0.09839638653161784,0.0,0.0,0.0,0.0,12.1595061199134,-0.9481109197216142,-3.4895544866718975,95.38057692132014,-1.6079997978987972,17.53662219644103,33.81299970145695,,536.0844110396341,100.0,UK
1982-04-01,8.940807937015016,12.59515417853354,8.940807937015016,12.045681391190666,11.231834023397624,8.392138380438086,,-3.4833333333333325,,1.383051155725612,0.0,,,,,0.0,0.32527785381877905,0.0,0.0,0.09758335614563371,0.0,0.0,0.0,0.0,11.515766483333724,-0.47947653422080805,-4.505086745157909,95.03974688253616,-2.574958546318708,18.036021926892378,34.894639469375605,,597.1924786192815,100.0,UK
1982-07-01,7.676291834888316,1.8204417023579111,7.676291834888316,8.804567089022797,5.079400853955107,7.668350497338183,,-3.46,,1.9800121980933116,0.0,,,,,0.0,0.3225376402956474,0.0,0.0,0.09676129208869422,0.0,0.0,0.0,0.0,10.747871553644643,-1.1662578451167178,-5.213900132902335,95.85448667043549,-3.071579718756327,18.26651273660601,35.05381053890209,,597.1924786192815,100.0,UK
1982-10-01,5.984375680879195,2.920171316061193,5.984375680879195,8.033520087613244,8.324973775274813,5.448769890186256,,-3.49,,2.7956060042811592,0.0,,,,,0.0,0.31976731453599777,0.0,0.0,0.09593019436079933,0.0,0.0,0.0,0.0,9.795172379091554,-2.2564511391662165,-6.577130388508905,97.20568728523882,-3.810796698212359,18.650667062200544,35.31065476472893,,597.1924786192815,100.0,UK
1983-01-01,4.844876898080708,2.043740395370186,4.844876898080708,7.894679808672844,6.942510582063832,4.3016036456515305,,-3.373333333333332,,3.637586890556582,0.0,,,,,0.0,0.3169969887763482,0.0,0.0,0.09509909663290446,0.0,0.0,0.0,0.0,8.805113282889385,-3.080077744719688,-7.314629221832693,98.4303798319122,-3.9602363848086775,18.97719868536667,35.49153098009994,,597.1924786192815,100.0,UK
1983-04-01,3.714116679056634,8.072113302437245,3.714116679056634,8.176165700221016,12.357777589590313,3.5700642419159934,,-3.215,,4.073339178051039,0.0,,,,,0.0,0.31428688748973443,0.0,0.0,0.09428606624692033,0.0,0.0,0.0,0.0,7.786913962122835,-3.646271284587627,-7.8016498042770905,99.50179590370048,-4.072797283066201,19.572639229270507,36.21503584158399,,640.6426955022125,100.0,UK
1983-07-01,4.5393572260362,5.121403890276177,4.5393572260362,8.560858673348992,6.61817274646701,4.3879245125170385,,-3.046666666666665,,4.314177180891004,0.0,,,,,0.0,0.3115466739666028,0.0,0.0,0.09346400218998084,0.0,0.0,0.0,0.0,7.137402614905508,-3.4447971598515323,-6.208514327608443,99.8759881177482,-2.5980453888693074,19.899170852436637,36.681696477241196,,640.6426955022125,100.0,UK
1983-10-01,4.9273019168680765,4.471950079388698,4.9273019168680765,9.42800800154533,11.793571088060162,5.026240810651661,,-2.865,,4.346920933784476,0.0,,,,,0.0,0.30877634820695316,0.0,0.0,0.09263290446208594,0.0,0.0,0.0,0.0,6.695382475298022,-4.590056858975572,-4.867870462223477,101.7063933699161,-1.7680805584299453,20.49461139634047,37.09409424828711,,640.6426955022125,100.0,UK
1984-01-01,5.028881493698556,2.450058702692104,5.028881493698556,9.088391906185844,5.584046200625892,5.115381958902354,,-2.706666666666667,,4.117392132159364,0.0,,,,,0.0,0.30600602244730357,0.0,0.0,0.09180180673419107,0.0,0.0,0.0,0.0,6.362082278978129,-4.555049990307708,-3.7762317891908292,102.48989024439953,-1.3332007852795726,20.78272490848251,37.32199827965458,,640.6426955022125,100.0,UK
1984-04-01,5.01638984942403,8.022146725339141,5.01638984942403,7.739689800097427,6.962969165236643,4.860982735747177,,-2.4116666666666653,,3.5419256156460133,0.0,,,,,0.0,0.3032658089241719,0.0,0.0,0.09097974267725156,0.0,0.0,0.0,0.0,6.092943793067309,-3.720308327064245,-2.770524112698805,102.22509585437389,-1.0765539436432787,21.147665714457286,38.078060859905406,,673.5775630938407,100.0,UK
1984-07-01,4.60626759984426,3.4809148919570987,4.60626759984426,8.596501098066067,10.045417938341572,4.964946386464497,,-1.9600000000000009,,3.0867489979489293,0.0,,,,,0.0,0.30052559540104024,0.0,0.0,0.09015767862031207,0.0,0.0,0.0,0.0,5.795608554422699,-4.81759321118129,-2.5311350150612473,103.86622161597003,-1.189340954578439,21.685483555932716,38.41087309618807,,673.5775630938407,100.0,UK
1984-10-01,4.723788121216277,4.942032164876764,4.723788121216277,8.011481978780033,9.453494610916024,5.413330172574948,,-1.5533333333333328,,2.637945060636515,0.0,,,,,0.0,0.29775526964139065,0.0,0.0,0.0893265808924172,0.0,0.0,0.0,0.0,5.581244467781415,-4.968627648244478,-1.9715943540817449,104.99408722747978,-0.8574563465651384,22.204096806003825,38.888386304767536,,673.5775630938407,100.0,UK
1985-01-01,5.368453989376931,5.028722175334721,5.368453989376931,8.500676257827866,7.5408233168172245,6.090617947606347,,-1.1050000000000004,,2.096862323385884,0.0,,,,,0.0,0.294984943881741,0.0,0.0,0.0884954831645223,0.0,0.0,0.0,0.0,5.538686372100519,-4.41929227625883,-0.9936282896011974,105.62211251285049,-0.17023238272358743,22.626660314407008,39.38036961057669,,673.5775630938407,100.0,UK
1985-04-01,6.731942188940643,13.476099523593987,6.731942188940643,9.522792721640716,11.051435020488043,7.581576304173021,,-0.7516666666666669,,1.9719057990368882,0.0,,,,,0.0,0.29227484259512726,0.0,0.0,0.08768245277853817,0.0,0.0,0.0,0.0,5.7773375354685435,-2.64958958529607,0.6389983958733341,105.01594638707392,0.9546046534720993,23.26051896933493,40.72970617724444,,705.3220137845667,100.0,UK
1985-07-01,6.127812611793049,1.0643965833667224,6.127812611793049,8.486865094109053,5.90170742821492,6.826362619049453,,-0.4750000000000032,,1.8043309222608217,0.0,,,,,0.0,0.2895346290719956,0.0,0.0,0.08686038872159868,0.0,0.0,0.0,0.0,5.847432550733444,-3.1291368681927736,0.3322040573703493,106.22527409828606,0.28038006105960456,23.606255183905375,40.83823190646705,,705.3220137845667,100.0,UK
1985-10-01,5.378321521610019,1.9440678041446446,5.378321521610019,8.137264246055498,8.055091218701804,6.028885521780225,,-0.31000000000000405,,1.6595318547827143,0.0,,,,,0.0,0.286764303312346,0.0,0.0,0.0860292909937038,0.0,0.0,0.0,0.0,5.7536103449087594,-3.696529422519774,-0.2029229461713964,107.75302995192528,-0.3752888232987406,24.086450322952405,41.03719574337517,,705.3220137845667,100.0,UK
1986-01-01,4.823884558522007,2.8109743229826734,4.823884558522007,7.362267991829796,4.440838299914418,5.686753206080697,,-0.18833333333333435,,1.762011134606034,0.0,,,,,0.0,0.2839939775526964,0.0,0.0,0.08519819326580892,0.0,0.0,0.0,0.0,5.567665187631409,-3.0152961378271073,-0.7148018135785117,108.16049594615822,-0.743780629109402,24.355350315474684,41.326597687968786,,705.3220137845667,100.0,UK
1986-04-01,2.7334159073207243,5.114224918788857,2.7334159073207243,7.39898808981625,11.198315412433857,3.9869286176460683,,-0.13333333333333286,,2.0921228807092462,0.0,,,,,0.0,0.28128387626608264,0.0,0.0,0.0843851628798248,0.0,0.0,0.0,0.0,5.000815331569272,-3.478900116750239,-3.043921628147819,109.68151856956952,-2.2673994242485476,25.046831672831015,41.858373761159555,,746.9866053161444,100.0,UK
1986-07-01,2.5796035363950587,0.4491470996640601,2.5796035363950587,7.143068882785286,4.878030600091066,3.6288049099639785,,-0.09333333333333194,,2.5900428396258612,0.0,,,,,0.0,0.278543662742951,0.0,0.0,0.0835630988228853,0.0,0.0,0.0,0.0,4.516572972534429,-3.4632754405317314,-3.2678290143383855,110.78873944467624,-1.9369694361393703,25.35414977637738,41.90540157715603,,746.9866053161444,100.0,UK
1986-10-01,3.3545940733811452,5.044029952088991,3.3545940733811452,7.524651018667949,9.581419762232457,4.43860009913446,,0.0600000000000005,,3.137777422528021,0.0,,,,,0.0,0.27577333698330136,0.0,0.0,0.0827320010949904,0.0,0.0,0.0,0.0,4.284177192703773,-3.3981320450990893,-2.399016271527614,111.92308689721212,-0.9295831193226274,25.968803839900986,42.43717765034679,,746.9866053161444,100.0,UK
1987-01-01,3.8718944323476556,4.880175758848715,3.8718944323476556,7.663967422489559,4.998103915200858,4.732371929227419,,0.26000000000000156,,3.4848143893030925,0.0,,0.024680862733268433,,,0.0,0.2730030112236518,0.0,0.0,0.08190090336709553,0.0,0.0,0.0,0.0,4.20172064063255,-2.2982392598419352,-1.6957707552837533,111.95256893630017,-0.32982620828489395,26.295326534851668,42.958101150615306,,746.9866053161444,100.0,UK
1987-04-01,4.106049342999363,6.050844561395685,4.106049342999363,7.38889284215869,10.098017091110378,4.558699054642945,,0.6349999999999998,,3.4835640315097227,0.0,,0.023079882036158482,,,0.0,0.27029290993703803,0.0,0.0,0.0810878729811114,0.0,0.0,0.0,0.0,4.182586381105912,-2.3921111500261247,-0.8947659885699091,112.96436206872889,-0.0765370381065491,26.967603300803678,43.612873050258365,,769.4061236164697,100.0,UK
1987-07-01,4.225742788106501,0.9279208800926142,4.225742788106501,8.144037718723762,7.898610106351356,4.848374202226147,,1.1383333333333336,,3.6339260075621493,0.0,,0.022811664364378318,,,0.0,0.26755269641390633,0.0,0.0,0.0802658089241719,0.0,0.0,0.0,0.0,4.19121766250603,-3.3736121781911947,-0.29083018442792774,114.70703437529357,0.03452512560047172,27.505412214063668,43.71416373086614,,769.4061236164697,100.0,UK
1987-10-01,4.026604766536801,4.24747786581019,4.026604766536801,8.027017520069801,9.113338967616613,4.599976532579442,,1.5683333333333334,,3.677753882384427,0.0,,0.022867015600386197,,,0.0,0.26478237065425675,0.0,0.0,0.07943471119627703,0.0,0.0,0.0,0.0,4.158295083312184,-3.749060396733597,-0.2575724261669716,115.92349965074513,-0.13169031677538268,28.139270868991595,44.18082436652334,,769.4061236164697,100.0,UK
1988-01-01,4.174681689087345,5.472483449050891,4.174681689087345,8.066062932660412,5.154285565563299,5.06171824508308,,1.9649999999999999,,3.729102874804857,0.0,,0.02340420290212116,-0.0012766598311472733,0.010966684060034494,0.0,0.26201204489460717,0.0,0.0,0.07860361346838214,0.0,0.0,0.0,0.0,4.161572404467216,-2.6684332141359306,-0.027038951545204526,115.84395017987322,0.01310928462012928,28.504211674966367,44.78942514601905,,769.4061236164697,100.0,UK
1988-04-01,4.565495052897983,7.614098016638238,4.565495052897983,8.724861703496423,12.733212174454422,5.276370781590023,,2.298333333333334,,3.6511449532878104,0.0,,0.020833333333333336,-0.0022465487028251463,0.006500642466670377,0.0,0.25927183137147547,0.0,0.0,0.07778154941144264,0.0,0.0,0.0,0.0,4.242356934153369,-2.9395266686116486,0.38290867179207133,117.12372871932732,0.3231381187446143,29.426183842036338,45.65016907470027,,801.5473799408297,100.0,UK
1988-07-01,5.1383481511576345,3.2193332731312196,5.1383481511576345,8.497279658180101,6.988281925086071,5.619368524661805,,2.4749999999999996,,3.3550866108714494,0.0,,0.019493847970919766,-0.0033178163934585525,0.00115505477409908,0.0,0.25653161784834383,0.0,0.0,0.07695948535450314,0.0,0.0,0.0,0.0,4.421555177554222,-2.7862966662498394,0.947130488651605,118.06596588231596,0.7167929736034129,29.94479709210744,46.01905932984937,,801.5473799408297,100.0,UK
1988-10-01,5.205683642481684,4.516819831106389,5.205683642481684,8.752302946537505,10.133432121046226,5.711123266441431,,2.66,,2.918242714527297,0.0,,0.017275732203116543,-0.005591283397269654,-0.0020089876148296475,0.0,0.25376129208869425,0.0,0.0,0.07612838762660827,0.0,0.0,0.0,0.0,4.578380870539714,-3.0596473934355686,1.0473885591695007,119.470118954801,0.6273027719419701,30.713096815081066,46.54165385797725,,801.5473799408297,100.0,UK
1989-01-01,4.888820819127648,4.205032155634747,4.888820819127648,8.397439211114754,3.7348306238722984,5.010682005417877,-4.192615586764781,2.913333333333334,,2.481601860513649,0.0,,0.015616285554935862,-0.007787917347185298,-0.003966046376785498,0.0,0.2509909663290446,0.0,0.0,0.07529728989871338,0.0,0.0,0.0,0.0,4.640468860257301,-1.6664772115652795,0.7272484146604326,119.3525685718603,0.2483519588703471,31.001210327223113,47.03350753150937,,801.5473799408297,100.0,UK
1989-04-01,5.183186986845634,8.79156268751018,5.183186986845634,8.565069188956986,13.40373208582335,4.977405306936511,-6.184004319585101,3.0150000000000015,,2.0873941057404033,0.0,,0.01373394185260311,-0.007099391480730225,-0.002841889660866432,0.0,0.24828086504243085,0.0,0.0,0.07448425951272926,0.0,0.0,0.0,0.0,4.749012485574967,-1.6341017588409272,0.9408300526922648,120.50561092143867,0.43417450127066637,32.05764141876965,48.07869658776514,,848.3704447096505,100.0,UK
1989-07-01,5.015704455772019,2.5494031488367597,5.015704455772019,8.658338212311012,7.361358018502173,4.9338760690459615,-6.28198876709245,2.9166666666666687,,1.4462402648374062,0.0,,0.015301906617564549,-0.004191941353355217,-0.00044921185723793226,0.0,0.2455406515192992,0.0,0.0,0.07366219545578977,0.0,0.0,0.0,0.0,4.8023508796143775,-1.5626826020006064,0.5941492782177971,121.70859963885496,0.21335357615764128,32.65307303445805,48.386105133722715,,848.3704447096505,100.0,UK
1989-10-01,5.3997692328825675,6.053078939548584,5.3997692328825675,7.989833248241851,7.459412264769583,5.170382286978148,-4.87067200044109,2.785,,0.9788345710444291,0.0,,0.018533390992771976,0.0012576587896554337,0.0010135437410699062,0.0,0.24277032575964957,0.0,0.0,0.07283109772789487,0.0,0.0,0.0,0.0,4.921834550268016,-0.922508260899761,0.8213883623428533,122.06018297016021,0.47793468261455185,33.26771816976622,49.1238856440209,,848.3704447096505,100.0,UK
1990-01-01,5.592308323195594,4.975188516886853,5.592308323195594,8.886837598191555,7.3228480236711135,5.426506477670845,-6.5611513817648515,2.656666666666667,,0.618544543093702,0.0,,0.022727721891736993,0.007111436336801129,0.0032163132299894127,0.0,0.24,0.0,0.0,0.072,0.0,0.0,0.0,0.0,5.055929304853532,-0.3557944010637044,0.9518394629382927,122.64709784685625,0.5363790183420623,33.88236330507438,49.738702735936066,,848.3704447096505,100.0,UK
1990-04-01,6.437866181343521,12.173794120101888,6.437866181343521,8.661173521338927,12.50107577841284,6.426958516192149,-1.110418270524427,2.4333333333333327,,0.5118611069589107,0.0,,0.02662533400530605,0.012891392152702942,0.009598613610489543,0.0,0.23852135815991238,0.0,0.0,0.07155640744797372,0.0,0.0,0.0,0.0,5.332316680151529,0.5692334988083303,1.6888536957685538,122.72891826143398,1.1055495011919918,34.957998988025246,51.27574546572394,,912.6529573583704,100.0,UK
1990-07-01,7.229111118882026,5.7143828989907774,7.229111118882026,9.15599476970197,9.340643011954342,6.830199709700668,-0.8961424154290132,2.0233333333333325,,0.3942490454465708,0.0,,0.031441306478758625,0.016139399861194077,0.012858287890085161,0.0,0.237026286966046,0.0,0.0,0.07110788608981379,0.0,0.0,0.0,0.0,5.711675567897629,0.5400090504931256,2.426760239267648,123.63548328967495,1.5174355509843966,35.783930341642716,52.01352597602213,,912.6529573583704,100.0,UK
1990-10-01,7.589432489741865,7.4943644229879425,7.589432489741865,8.9942136168907,6.812287653524507,6.951263240863437,-1.0637926424214683,1.4650000000000025,,0.23460974270599344,0.0,,0.037376021003500584,0.018842630010728605,0.011463993555691835,0.0,0.23551478641840087,0.0,0.0,0.07065443592552026,0.0,0.0,0.0,0.0,6.087226952266477,1.6448898201512634,2.6675979394738496,123.46496409730905,1.5022055374753887,36.39857547695089,52.997233323086384,,912.6529573583704,100.0,UK
1991-01-01,6.6930589873387625,1.3896945072744415,6.6930589873387625,8.161156838898886,3.990620911703857,6.490937224510329,0.6357204556967755,0.7666666666666675,,0.12726015746286068,0.0,,0.04267083892647281,0.01994311703473582,0.0074113206884430065,0.0,0.23400328587075575,0.0,0.0,0.07020098576122673,0.0,0.0,0.0,0.0,6.208393359280934,1.8168762082365646,1.6371296824852308,124.11519569841644,0.48466562805782853,36.763525211141086,53.18167845066092,,912.6529573583704,100.0,UK
1991-04-01,8.059595803343012,17.639941384118885,8.059595803343012,8.122532761975698,12.346579470720087,7.866734420554966,7.032457050744423,-0.033333333333333215,,-0.005876122078429802,0.0,,0.047023581455292764,0.020398247449986716,0.004737691175774567,0.0,0.2325246440306681,0.0,0.0,0.06975739320920044,0.0,0.0,0.0,0.0,6.578633848093349,3.9464463321002228,2.727279123191482,122.79185522006668,1.4809619552496622,37.91597925970925,55.579465109130034,,1012.0527685837061,100.0,UK
1991-07-01,7.566872585042361,3.7434900257881765,7.566872585042361,6.945807063670983,4.633740218735483,7.455506302222581,7.616211930681649,-0.6433333333333309,,0.2323839229415814,0.0,,0.04969634689734756,0.018255040418588938,0.00432982366672123,0.0,0.23102957283680176,0.0,0.0,0.06930887185104052,0.0,0.0,0.0,0.0,6.776281595483152,4.146377753861174,1.8551970171447323,123.0144177683036,0.7905909895592096,38.35776521594762,56.102059637257916,,1012.0527685837061,100.0,UK
1991-10-01,6.7289952892900295,4.142855239978616,6.7289952892900295,7.275017522119409,8.12912948731821,7.12659808482714,7.224013520740025,-1.0333333333333332,,0.6737855786325797,0.0,,0.052898946219404684,0.015522925215904098,0.006701923252032362,0.0,0.2295180722891566,0.0,0.0,0.06885542168674698,0.0,0.0,0.0,0.0,6.766824334244527,3.626181532384308,0.641768337023553,124.01098633013838,-0.03782904495449735,39.145278458541014,56.68613587457732,,1012.0527685837061,100.0,UK
1992-01-01,6.760462508167286,1.5155633827834691,6.760462508167286,8.172911026584195,7.582194929563002,7.032679787416374,6.940951909142479,-1.3366666666666678,,1.0627938772687417,0.0,,0.04962491832565526,0.0069540793991824425,0.00473296979064865,0.0,0.22800657174151148,0.0,0.0,0.06840197152245345,0.0,0.0,0.0,0.0,6.765551969029079,2.599923742687878,0.5520691488863525,125.52764421683335,-0.005089460861792183,39.89437359011033,56.901321856747614,,1012.0527685837061,100.0,UK
1992-04-01,4.170655892998898,7.2807149234453306,4.170655892998898,5.7580568286822675,2.687162679112376,4.68347818025503,3.772961151750165,-1.5150000000000006,,1.5395405438125676,0.0,,0.04893427565239016,0.001910694197097395,0.0052305160928496925,0.0,0.22651150054764513,0.0,0.0,0.06795345016429354,0.0,0.0,0.0,0.0,6.246572753823043,4.291462432315228,-2.4079779550944513,124.37925615575011,-2.0759168608241447,40.163282510848035,57.94651091300339,,1053.5189572984668,100.0,UK
1992-07-01,3.0755054128732695,-0.6371118947143373,3.0755054128732695,6.306644293610297,6.828090078447602,3.885492640287591,3.054305618620523,-1.6600000000000001,,2.1808085520458986,0.0,,0.04794859910176291,-0.0017477477955846513,0.0008462514242122269,0.0,0.22501642935377875,0.0,0.0,0.06750492880613362,0.0,0.0,0.0,0.0,5.612359285633088,2.7191711159278924,-3.700776182609882,126.24555664904058,-2.536853872759819,40.85476386820438,57.854288349216105,,1053.5189572984668,100.0,UK
1992-10-01,2.6753869629485116,2.542381440279584,2.6753869629485116,5.44285771378652,4.673983168023099,3.1292627680881147,3.360477234745707,-2.0266666666666673,,2.9236119479344236,0.0,,0.04671528223156528,-0.006183663987839404,-0.00840241027436656,0.0,0.22350492880613362,0.0,0.0,0.06705147864184008,0.0,0.0,0.0,0.0,5.024964821096173,2.597936247752486,-4.091437371296015,126.77845708097651,-2.3495778581476614,41.334950079035956,58.223178604365195,,1053.5189572984668,100.0,UK
1993-01-01,2.4020370241469635,0.42216362757727666,2.4020370241469635,4.4263425067955,3.5161341015989223,2.5084499276927907,4.237080690494732,-2.221666666666666,,3.703062923356204,0.0,,0.05228592478748941,0.002661006461834154,-0.002110127550885744,0.0,0.2219934282584885,0.0,0.0,0.06659802847754655,0.0,0.0,0.0,0.0,4.500379261706331,2.2452674616960167,-4.363514944882115,127.5519496994819,-2.0983422375593674,41.699899813226175,58.284660313556714,,1053.5189572984668,100.0,UK
1993-04-01,2.5145379326220407,7.730718557345639,2.5145379326220407,4.808399186432588,4.215389397660729,2.609279992377811,2.0530019985588233,-1.9366666666666674,,4.3126294597301,0.0,,0.051205976038615326,0.002271700386225167,-0.00016794521505530654,0.0,0.22051478641840086,0.0,0.0,0.06615443592552026,0.0,0.0,0.0,0.0,4.103210995889473,3.57447640690782,-3.732034821201002,126.67311740956069,-1.5886730632674322,42.14167684124911,59.42207193359976,,1091.0170896768868,100.0,UK
1993-07-01,2.777228531855691,0.4136505022202641,2.777228531855691,4.639176681826385,6.151200060022788,2.904560719643001,3.266846165392412,-1.6766666666666676,,4.661402630243683,0.0,,0.04876511718632776,0.0008165180845648488,0.003945248504517447,0.0,0.2190197152245345,0.0,0.0,0.06570591456736034,0.0,0.0,0.0,0.0,3.8380145030827166,2.448268040438222,-2.8351307537773973,128.10750479901128,-1.0607859712270256,42.79474008758136,59.483553642791264,,1091.0170896768868,100.0,UK
1993-10-01,2.3996978311349615,1.0322586373966658,2.3996978311349615,4.542112744415316,4.285727418378826,2.5923685009791697,4.0653481327089125,-1.5649999999999995,,4.714196105425683,0.0,,0.04739196113859187,0.0006766789070265897,0.009803216020689275,0.0,0.21750821467688936,0.0,0.0,0.0652524644030668,0.0,0.0,0.0,0.0,3.5503511686931657,2.0021623359295972,-2.6252669899612116,128.9208719942568,-1.1506533375582042,43.25572170700862,59.63725791577006,,1091.0170896768868,100.0,UK
1994-01-01,2.4486766562472617,0.6180789280264776,2.4486766562472617,5.03024973775279,5.468682074948816,2.6934296515714884,5.837202297033528,-1.1133333333333333,,4.609407403623766,0.0,,0.05090734862550158,-0.0013785761619878266,0.007346620636757282,0.0,0.21599671412924423,0.0,0.0,0.06479901423877327,0.0,0.0,0.0,0.0,3.3300162662039847,1.228087285803042,-2.0517026054590692,130.1335227809874,-0.881339609956723,43.85116225091246,59.72948047955733,,1091.0170896768868,100.0,UK
1994-04-01,1.946782794438917,5.723143110112261,1.946782794438917,4.761741642190476,3.1413570154114723,1.718677217566622,2.649055573181691,-0.7249999999999996,,4.4052692746738735,0.0,,0.049796055859457955,-0.001409920179157374,0.0017525991980625118,0.0,0.21451807228915662,0.0,0.0,0.06435542168674699,0.0,0.0,0.0,0.0,3.053369571850971,2.3708918463647137,-2.156428201450556,129.48807625731223,-1.106586777412054,44.1968984654829,60.59022440823855,,1118.2925169188088,100.0,UK
1994-07-01,1.7418473175244031,-0.40609140543779176,1.7418473175244031,4.647904768513911,5.695852565316528,1.1288463430270568,1.6994030578215469,-0.3433333333333337,,4.168707919595049,0.0,,0.05089687565893277,0.0021317584726050103,0.007547636596495492,0.0,0.21302300109529024,0.0,0.0,0.06390690032858706,0.0,0.0,0.0,0.0,2.7910651209856576,1.1576394151299496,-2.0961671855583135,131.01356225000075,-1.0492178034612545,44.830748192195394,60.52874269904704,,1118.2925169188088,100.0,UK
1994-10-01,1.737396793605317,1.014456541720321,1.737396793605317,5.107124974668675,6.1226082429978845,1.2714107695622978,-0.08094149657975613,0.1566666666666663,,3.8683488916334996,0.0,,0.05051562015140253,0.0031236590128106614,0.012247909968712278,0.0,0.21151150054764511,0.0,0.0,0.06345345016429353,0.0,0.0,0.0,0.0,2.5803314555095893,0.3288943438385843,-1.8129543750878487,132.29060017532012,-0.8429346619042724,45.52222954955173,60.68244697202582,,1118.2925169188088,100.0,UK
1995-01-01,2.3901468341097853,3.229079090044351,2.3901468341097853,4.705740087925037,3.8631425279742615,1.756142692994711,0.8445383443437482,0.38833333333333186,,3.6287294890986477,0.0,,0.0512656199935918,0.0003582713680902157,0.003130251896204829,0.0,0.21,0.0,0.0,0.063,0.0,0.0,0.0,0.0,2.5422945312296283,0.702693507558763,-0.9398694320941994,132.4491160348026,-0.152147697119843,45.96400657757467,61.17430064555794,,1118.2925169188088,100.0,UK
1995-04-01,2.3565893760833845,5.5889132780066575,2.3565893760833845,4.75269966027243,3.329195304801047,2.1195398467739324,1.8011640016140085,0.6133333333333351,,3.394831416123212,0.0,,0.05106124589439983,0.0012651900349418743,0.003200578508563867,0.0,0.20852135815991238,0.0,0.0,0.06255640744797371,0.0,0.0,0.0,0.0,2.5051535002003797,1.7446197678855242,-0.6967801957675865,131.88418654150124,-0.14856412411699527,46.34816090316921,62.035044574239166,,1146.249829841779,100.0,UK
1995-07-01,2.656132094129049,0.7920794667448661,2.656132094129049,4.236340374885383,3.6304154237683406,2.6013027463799965,2.309720136368476,0.8216666666666672,,3.1577416032147143,0.0,,0.05003392711496152,-0.0008629485439712531,-0.0009038655001797936,0.0,0.207026286966046,0.0,0.0,0.062107886089813796,0.0,0.0,0.0,0.0,2.5353492189861138,1.3197190990832155,-0.13493302685660868,132.59377053075713,0.12078287514293518,46.77073333978782,62.15800799262218,,1146.249829841779,100.0,UK
1995-10-01,2.89585887049455,1.9733636471823246,2.89585887049455,3.645813945921361,3.760502527141796,2.779287658419527,3.220788123221485,1.036666666666667,,2.89822238200389,0.0,,0.04796033477664669,-0.0025552853747558358,-0.004626797769928102,0.0,0.20551478641840087,0.0,0.0,0.06165443592552026,0.0,0.0,0.0,0.0,2.607451149287801,1.190354359251586,0.3155274149849605,133.04055525074696,0.28840772120674885,47.21251036781075,62.46541653857977,,1146.249829841779,100.0,UK
1996-01-01,2.6284677099084774,2.1595144477000616,2.6284677099084774,3.9333338231969606,5.013222037076659,2.6248226074936376,2.432451354000831,1.216666666666665,,2.6732166778918987,0.0,,0.046886093584642796,-0.004379526408949003,-0.001964175996810558,0.0,0.20400328587075575,0.0,0.0,0.06120098576122672,0.0,0.0,0.0,0.0,2.6116544614119364,0.8198723968280319,0.0861731786788491,133.7539821480911,0.01681324849654109,47.807950911714606,62.803565939133115,,1146.249829841779,100.0,UK
1996-04-01,2.350744876603006,4.478021944784771,2.350744876603006,4.179959461145177,4.315697856593914,2.4948340311487627,1.970665216459988,1.1966666666666672,,2.396726806828764,0.0,,0.043609311870711216,-0.007451934023688613,-0.006391138259999652,0.0,0.20250821467688937,0.0,0.0,0.06075246440306681,0.0,0.0,0.0,0.0,2.5594725444501503,1.1994218074553373,-0.15440862359737384,133.71340112604344,-0.20872766784714436,48.32655523357027,63.510605594835546,,1190.5367550856658,100.0,UK
1996-07-01,2.249483604790292,0.3870343794940112,2.249483604790292,4.339763434622057,4.269631317675859,2.442582683514871,2.0204388505854265,1.3100000000000005,,2.0918511230210157,0.0,,0.043734684820848586,-0.006299242294112933,-0.005412000911404777,0.0,0.201013143483023,0.0,0.0,0.060303943044906896,0.0,0.0,0.0,0.0,2.4974747565181787,0.5471475920765556,-0.28586561419582157,134.68405036058886,-0.24799115172788655,48.84515955542594,63.57208730402706,,1190.5367550856658,100.0,UK
1996-10-01,2.3828017695262105,2.5066363061259977,2.3828017695262105,4.4946870065435185,4.380196814827642,2.4738717848683756,2.0377955126372527,1.4950000000000019,,1.9361340123021042,0.0,,0.04254825358759138,-0.0054120811890553105,-0.0035647696404973897,0.0,0.19950164293537787,0.0,0.0,0.05985049288061336,0.0,0.0,0.0,0.0,2.474540159119785,0.4613866755800018,-0.2246493797615905,135.15244048776432,-0.09173838959357461,49.382977396901374,63.971718413771896,,1190.5367550856658,100.0,UK
1997-01-01,1.842923157601195,0.0,1.842923157601195,3.9390542207165424,2.7906908937687547,2.0974900856280954,2.2528913404058937,1.876666666666666,,1.8009287474834879,0.0,,0.03528512339991767,-0.011600970184725124,-0.005244245922726933,0.0,0.19799014238773274,0.0,0.0,0.05939704271631982,0.0,0.0,0.0,0.0,2.348216758816067,0.16235738099427977,-0.7687313038107413,135.85011321120646,-0.5052936012148721,49.728713611471825,63.97171841377191,,1190.5367550856658,100.0,UK
1997-04-01,1.6322974031930393,3.635518927152148,1.6322974031930393,4.050395637021786,4.76106352181489,1.8425210327736252,2.5592461245277143,1.8466666666666685,,1.903429485024788,0.0,,0.035139417178859635,-0.008469894691851578,0.00011695464436770227,0.0,0.19651150054764513,0.0,0.0,0.058953450164293535,0.0,0.0,0.0,0.0,2.2050328876914618,0.2616257602856251,-0.927175141257111,136.1314993598722,-0.5727354844984225,50.32415415537566,64.5557946510913,,1220.3001739628073,100.0,UK
1997-07-01,1.9157674032933336,1.5209143798951885,1.9157674032933336,4.121512665755489,4.55409943261067,1.7935638297327472,3.374190579185843,2.0583333333333336,,2.03378100718562,0.0,,0.030362177401865104,-0.013372507418983479,-0.007193633127429208,0.0,0.19501642935377875,0.0,0.0,0.05850492880613362,0.0,0.0,0.0,0.0,2.147179790811836,-0.1253098232268144,-0.5817073532248451,136.889795623051,-0.23141238751850235,50.900381179659746,64.80172148785736,,1220.3001739628073,100.0,UK
1997-10-01,1.8095731874664622,2.081859442818512,1.8095731874664622,4.450255692913085,5.695168923458027,1.7820896570111877,3.6776092070936794,2.2316666666666674,,2.324892745753415,0.0,,0.025706154175719927,-0.016842099411871456,-0.012207717103237432,0.0,0.19350492880613362,0.0,0.0,0.058051478641840085,0.0,0.0,0.0,0.0,2.0796584701427614,-0.5767150604765163,-0.6649669716533229,137.79312299321091,-0.27008528267629917,51.63028064804016,65.13987088841068,,1220.3001739628073,100.0,UK
1998-01-01,1.6206265086744054,-0.7557867151682274,1.6206265086744054,4.862465023310669,4.43952821535909,1.7375837253911008,3.9507561464542373,2.1516666666666673,,2.571842892915732,0.0,,0.029190262128553916,-0.006094861271363754,-0.005652037027938659,0.0,0.1919934282584885,0.0,0.0,0.057598028477546546,0.0,0.0,0.0,0.0,1.9878520778490902,-1.353105259303021,-0.7275902501416618,139.09195172584273,-0.36722556917468485,52.20650767232423,65.01690747002766,,1220.3001739628073,100.0,UK
1998-04-01,1.793346787347616,4.326400041844991,1.793346787347616,4.733507061057374,4.245231672801708,1.5848192240023096,4.1029028939067125,2.0116666666666676,,2.7612821882454397,0.0,,0.027453180391267505,-0.007686236787592132,-0.003978443016240913,0.0,0.19051478641840086,0.014794520547945205,0.0,0.062332518117301075,0.0,0.0,0.0,0.0,1.9489510197487954,-0.7688891289532478,-0.4116861003438457,139.07165963358196,-0.15560423240117927,52.76353010520399,65.72394712573009,,1263.9469743171717,100.0,UK
1998-07-01,1.366334565789451,-0.18713450633747186,1.366334565789451,4.573084123922833,3.9124076840725053,1.4030553765165266,3.423470891719882,1.876666666666666,,2.8547703326457396,0.0,,0.02446348519041765,-0.005898692211447454,-0.008901798562324727,0.0,0.1890197152245345,0.029753424657534246,0.0,0.06711961319749733,0.0,0.0,0.0,0.0,1.8324277289569264,-1.2523840861297515,-0.780845225022385,140.09654518118438,-0.4660931631674754,53.282143355275096,65.69320627113433,,1263.9469743171717,100.0,UK
1998-10-01,1.4058338374211665,2.2398565293453743,1.4058338374211665,3.616825920005695,1.8701361077894774,1.3942209201768918,3.9914047257382457,1.7383333333333342,,2.6937886035736547,0.0,,0.02772583280732906,0.0020196786316091335,-0.0017716948602715102,0.0,0.18750821467688938,0.044876712328767124,0.0,0.0719593137181353,0.0,0.0,0.0,0.0,1.7471089506497743,-0.5497541072177228,-0.6738246327215949,140.00411507579545,-0.3412751132286078,53.531838756393064,66.06209652628341,,1263.9469743171717,100.0,UK
1999-01-01,1.5482364148376782,-0.18617640550218084,1.5482364148376782,3.5776109785071952,4.28266844936509,1.2612779815698083,5.21826855605978,1.5183333333333335,,2.486659686594006,0.0,,0.031171078328466828,0.001980816199912913,0.0007496082213398537,0.0,0.18599671412924423,0.06,0.0,0.07679901423877326,0.0,0.0,0.0,0.0,1.7073344434873552,-1.0751332128890851,-0.4396156630114121,141.1213262895122,-0.15909802864967704,54.10806578067714,66.03135567168768,,1263.9469743171717,100.0,UK
1999-04-01,1.4395419241883367,3.8916220792476253,1.4395419241883367,3.4702155996002126,3.8156501571737778,1.1168309071242,7.270088195766267,1.503333333333332,,2.196548696098233,0.0,3.6,0.02876010128067039,0.0013069208894028858,0.0019517041269892777,0.0,0.18451807228915662,0.06057980351103237,0.0,0.07655835291560831,0.0,0.0,0.0,0.0,1.6537759396275515,-0.4378935471157206,-0.5094090955604587,141.10233330899376,-0.21423401543921483,54.62667903074825,66.67691361819858,43.848964677222895,1304.5767147392069,100.0,UK
1999-07-01,1.2555384647225054,-0.923148344200797,1.2555384647225054,3.888786104228892,5.586689702587222,0.9839077584987699,8.463995857098672,1.493333333333334,,2.0668459770648684,0.0,3.6,0.028355661005179247,0.0038921758147615953,0.005937053320335465,0.0,0.18302300109529024,0.06116604928329843,0.0,0.07631501757774152,0.0,0.0,0.0,0.0,1.5741284446465422,-1.4706447670849627,-0.576889264234421,142.72979282069082,-0.3185899799240368,55.394987681937316,66.5232093452198,43.848964677222895,1304.5767147392069,100.0,UK
1999-10-01,1.1106083613919182,1.6601361160230255,1.1106083613919182,4.867050986578203,5.783195637186722,0.6233323833489735,6.544279690163934,1.368333333333335,,1.9918836979384236,0.0,3.6,0.02933168042857459,0.001605847621245532,0.0038369703982724214,0.0,0.18151150054764512,0.06175873731679819,0.0,0.0760690082251729,0.0,0.0,0.0,0.0,1.4814244279956175,-1.7583972519541646,-0.6365005892578561,143.7605577009817,-0.37081606660369926,56.20170551593502,66.79987703658162,43.848964677222895,1304.5767147392069,100.0,UK
2000-01-01,0.742118433761707,-1.6601361160230255,0.742118433761707,3.9095739144298314,0.45276016077160364,0.3128494171781071,2.8043563693330498,1.2800000000000002,,2.043312742589154,0.0,3.6,0.030544215689153865,-0.0006268626393129615,0.002229953245779996,0.0,0.18,0.06235142535029795,0.0,0.07582299887260428,0.0,0.0,0.0,0.0,1.3335632291488353,-1.5024517705618905,-0.9652160097256481,144.28878177018035,-0.5914447953871282,56.26535626535627,66.5232093452198,43.848964677222895,1304.5767147392069,100.0,UK
2000-04-01,0.6433845723069709,3.4966866334286806,0.6433845723069709,4.579952635430029,6.4971650411745685,0.22187717112176486,4.738363958217007,1.416666666666667,,2.1192307583280945,0.0,3.6,0.029262107196852696,0.0005020059161823067,0.0018405537296262598,0.0,0.17937722419928825,0.06293767112256402,0.0,0.07584135215268388,0.0,0.0,0.0,0.0,1.1955274977804624,-1.4674392859763543,-1.0103913673205807,145.03890137211687,-0.5521429254734915,57.186732186732186,67.10728558253919,43.848964677222895,1337.191132607687,100.0,UK
2000-07-01,0.7825126235256441,-0.36663613932610417,0.7825126235256441,4.675845231450815,5.970260086670365,0.22227170742521452,3.49195786997587,1.3866666666666676,,2.196997345513685,0.0,3.6,0.027214587018641993,-0.0011410739865372528,0.001258254958787894,0.0,0.17875444839857652,0.06352391689483008,0.0,0.07585970543276348,0.0,0.0,0.0,0.0,1.1129245229294988,-2.2703508269875954,-0.7916158211208981,146.62312542861594,-0.33041189940385474,58.04668304668305,67.04580387334768,43.848964677222895,1337.191132607687,100.0,UK
2000-10-01,1.0073345252841648,2.559423723057108,1.0073345252841648,4.90899446980908,6.715792590619785,0.5753501155706608,3.7717163063987202,1.326666666666667,,2.354589530052442,2.7398974188114655,3.7,0.02525943545161766,-0.004072244976956933,0.0001279302105584362,0.0,0.17812482890774706,0.06411660492832984,0.0,0.07587826039723956,0.0,0.0,0.0,0.0,1.091806523400432,-2.406700710107117,-0.4740899027114527,147.66221764550664,-0.08447199811626716,59.02948402948403,67.47617583768829,45.06699147381242,1337.191132607687,100.0,UK
2001-01-01,0.8741716583571701,-2.192787583731004,0.8741716583571701,5.933943978630829,4.552558196058598,0.7557270908680636,3.2866754080424387,1.3016666666666659,,2.476570785403409,2.7398974188114655,3.7,0.024330227542923497,-0.006213988146230368,-0.00364068733381143,0.0,0.1774952094169176,0.0647092929618296,0.0,0.07589681536171564,0.0,0.0,0.0,0.0,1.0482795503917797,-3.1839814104868935,-0.45939157079166515,149.3485540904541,-0.17410789203460952,59.70515970515971,67.10728558253919,45.06699147381242,1337.191132607687,100.0,UK
2001-04-01,1.4552325929291676,5.8209303717166705,1.4552325929291676,5.231318228829629,3.686662041969768,1.3647581404831577,-0.9151721132189872,1.2699999999999996,0.17147472184505574,2.60290116956009,2.7398974188114655,3.7,0.028337223261253743,-0.0009248839355989556,-0.002040516929465664,0.0,0.17687927730632355,0.06528909647286198,0.0,0.07591496695739876,0.0,0.0,0.0,0.0,1.1296701588992573,-1.6307788279595457,0.2597050951487052,148.81498700801728,0.32556243402991036,60.25798525798526,68.09099292960344,45.06699147381242,1381.4446747421796,100.0,UK
2001-07-01,1.5920281665545488,0.1805461551754206,1.5920281665545488,4.652001563489261,3.6529934253088925,1.6733107288704474,-0.7328308587398968,0.9866666666666672,0.04497664910414529,2.5939456806144734,2.7398974188114655,3.7,0.033002781663025886,0.005788194644383891,0.004884746060494556,0.0,0.1762565015056118,0.06587534224512803,0.0,0.07593332023747836,0.0,0.0,0.0,0.0,1.2221417604303155,-1.7009200270650808,0.47910364362505,149.6830988255507,0.3698864061242333,60.810810810810814,68.1217337841992,45.06699147381242,1381.4446747421796,100.0,UK
2001-10-01,0.9972884107039448,0.18046469965469214,0.9972884107039448,4.078037034492876,4.419934474634246,1.358776110114679,-0.040791505454085275,0.7866666666666671,-0.15116819830998832,2.399306525695577,10.265415406008316,4.1,0.03122456605531355,0.0059651306036958935,0.0033330551515033903,0.0,0.17562688201478235,0.0664680302786278,0.0,0.07595187520195443,0.0,0.0,0.0,0.0,1.1771710904850414,-1.9641105018310725,-0.09451811269648713,150.74296626929552,-0.17988267978109662,61.4864864864865,68.15247463879494,49.939098660170515,1381.4446747421796,100.0,UK
2002-01-01,1.5003691317230228,-0.18046469965469214,1.5003691317230228,2.9398974854782267,0.0,1.625337778503777,0.12156609648255046,0.6783333333333337,-0.13326892032290552,2.0769680028303705,10.265415406008316,4.1,0.0344842450105608,0.010154017467637302,0.006263556134918925,0.0,0.17499726252395292,0.06706071831212755,0.0,0.07597043016643051,0.0,0.0,0.0,0.0,1.2418106987326376,-1.1554734295129094,0.4520895813312431,150.78808244420918,0.25855843299038517,61.4864864864865,68.1217337841992,49.939098660170515,1381.4446747421796,100.0,UK
2002-04-01,0.9436151795753744,3.593914563126077,0.9436151795753744,3.6039936483196477,6.343046693335452,1.2168772497553881,-1.1578285136779165,0.543333333333333,-0.1706657290055502,1.7255307436141565,10.265415406008316,4.1,0.03516296299964837,0.006825739738394628,0.0035800650693309805,0.0,0.17438133041335888,0.06764052182315992,0.0,0.07598858176211364,0.0,0.0,0.0,0.0,1.182171594901185,-1.005640710901389,-0.18605497932388282,151.4753654767616,-0.23855641532581062,62.46928746928747,68.73655087611435,49.939098660170515,1452.3738682574956,100.0,UK
2002-07-01,0.9878841004696604,0.35762183875256426,0.9878841004696604,3.3766862470817394,2.743763820357259,1.2584240707246508,-0.16556482921981086,0.4283333333333337,-0.20977101268433315,1.4961278943446454,10.265415406008316,4.1,0.0340897527220922,0.0010869710590663128,0.002200433906571083,0.0,0.17375855461264714,0.068226767595426,0.0,0.07600693504219325,0.0,0.0,0.0,0.0,1.1433140960148802,-0.8553239637393801,-0.23425765996065517,152.0719009721628,-0.15542999554521986,62.899262899262894,68.79803258530588,49.939098660170515,1452.3738682574956,100.0,UK
2002-10-01,1.4775285582154574,2.13904253063788,1.4775285582154574,2.6615666699889573,1.559456166263118,1.5979610157403457,0.3152654695963486,0.49166666666666625,-0.17368073184521673,1.3311714893208815,2.4097551579060683,4.2,0.031726831976680775,0.0005022659213672236,0.0020136308103839142,0.0,0.17312893512181768,0.06881945562892575,0.0,0.0760254900066693,0.0,0.0,0.0,0.0,1.2101569884549956,0.09235571786183527,0.30035746773041594,151.92700438106903,0.2673715697604617,63.14496314496316,69.16692284045496,51.15712545676004,1452.3738682574956,100.0,UK
2003-01-01,1.5226447331291304,0.0,1.5226447331291304,2.758795651882817,0.38891592757543947,1.4276686356683221,0.28138193095348374,0.3966666666666665,-0.23700382720542187,1.2841633977385802,2.4097551579060683,4.2,0.03386439653645372,-0.0006198484741070807,3.487049306647827e-05,0.0,0.17249931563098822,0.06941214366242551,0.0,0.07604404497114539,0.0,0.0,0.0,0.0,1.2726545373898226,0.7127827124581358,0.2808340343964928,152.02423336296295,0.2499901957393078,63.20638820638821,69.16692284045496,51.15712545676004,1452.3738682574956,100.0,UK
2003-04-01,1.2444605048083979,2.481177649843147,1.2444605048083979,2.6202372394024565,5.7888130434140095,1.2449184176568373,0.9403483060190343,0.46499999999999986,-0.22592992841682338,1.3223295072505192,2.4097551579060683,4.2,0.031441064933054715,-0.003721898066593653,-0.0014352816634300388,0.0,0.1718833835203942,0.06999194717345789,0.0,0.07606219656682853,0.0,0.0,0.0,0.0,1.2670157308735377,0.5581771593566316,0.06228890990721281,152.8511422113556,-0.022555226065139822,64.12776412776414,69.59729480479557,51.15712545676004,1507.039652047265,100.0,UK
2003-07-01,1.3315775975772048,0.7060902098277921,1.3315775975772048,3.2663806818791663,5.328337590264098,1.2853647403381352,0.7258907065319509,0.37166666666666615,-0.1981226986290018,1.3536703078552037,2.4097551579060683,4.2,0.030360754317837923,-0.003728998404254274,-0.0023753100459526577,0.0,0.17126060771968243,0.07057819294572396,0.0,0.07608054984690811,0.0,0.0,0.0,0.0,1.2799281042142712,0.016163587753339925,0.18826350156232463,154.00670405646477,0.051649493362933674,64.987714987715,69.7202582231786,51.15712545676004,1507.039652047265,100.0,UK
2003-10-01,1.368372708592247,2.286222974698049,1.368372708592247,4.004348144084169,4.511326015083128,1.1078085173154228,-0.6398014693633325,0.4733333333333336,-0.06123882912150064,1.524737946922028,6.8992871486951435,4.5,0.027432376826263188,-0.004294455150417588,-0.0042593435540839485,0.0,0.170630988228853,0.07117088097922371,0.0,0.0760991048113842,0.0,0.0,0.0,0.0,1.2976170250898664,0.1655438189451104,0.15821572013725138,154.56297981656095,0.0707556835023806,65.72481572481574,70.11988933292346,54.811205846528615,1507.039652047265,100.0,UK
2004-01-01,1.280653404721832,-0.35087721548165973,1.280653404721832,4.5591941322339125,2.608299880174414,1.238009408480245,-1.4735876662709702,0.47000000000000064,0.00901511249942988,1.6214028618692145,6.8992871486951435,4.5,0.028933020058564424,-0.004931376477889294,-0.002239638672882972,0.0,0.17000136873802354,0.07176356901272346,0.0,0.07611765977586027,0.0,0.0,0.0,0.0,1.2942243010162595,0.13121750262089904,0.007998867332009496,155.30277409047503,-0.013570896294427426,66.15479115479116,70.05840762373192,54.811205846528615,1507.039652047265,100.0,UK
2004-04-01,1.40353181163837,2.9726912775092984,1.40353181163837,4.220035449037596,4.432178310628743,1.1874609420712723,-0.45108330615857284,0.4083333333333341,0.0893235366424102,1.7442294884171372,6.8992871486951435,4.5,0.03215123943028003,0.0007101744972253183,0.0004889162331538791,0.0,0.1693785929373118,0.07234981478498953,0.0,0.07613601305593987,0.0,0.0,0.0,0.0,1.3160858031406817,0.5124662185220075,0.13651608076483224,155.66764584875492,0.08744600849768824,66.8918918918919,70.58100215185982,54.811205846528615,1548.7704103254794,100.0,UK
2004-07-01,1.2705537841455339,0.17417809985644794,1.2705537841455339,3.9838524304435907,4.383605515888078,1.0586590510699878,-0.470067013916986,0.4500000000000002,0.18433401077156608,1.7758911301838487,6.8992871486951435,4.5,0.03209257545243555,0.0017318211345976255,0.0037502960658044827,0.0,0.16875581713660004,0.0729360605572556,0.0,0.07615436633601946,0.0,0.0,0.0,0.0,1.306979399341652,0.11115738898101313,-0.009374320068737285,156.72000270276274,-0.0364256151961182,67.62899262899263,70.61174300645557,54.811205846528615,1548.7704103254794,100.0,UK
2004-10-01,1.3931439947051594,2.776583816936551,1.3931439947051594,4.298787161324835,5.771064938608106,1.0537505302785632,-0.4572552042168443,0.39333333333333353,0.17387305159882083,1.7092244976017246,7.490130817311758,4.85,0.031293794304529436,0.0038614174782662485,0.002274316689125114,0.0,0.1681261976457706,0.07352874859075535,0.0,0.07617292130049555,0.0,0.0,0.0,0.0,1.3242123184143535,0.10027171960842907,0.09552696961529294,157.4686229831807,0.06893167629080588,68.6117936117936,71.1035966799877,59.074299634591945,1548.7704103254794,100.0,UK
2005-01-01,1.653649518669198,0.6911448803744946,1.653649518669198,4.449213154324738,3.210003852174026,1.264772340269893,0.42658788022886807,0.30833333333333357,0.10110302906331153,1.6452892607560665,7.490130817311758,4.85,0.03041434796865421,0.0014813279100897852,0.0007400744491251074,0.0,0.16749657815494115,0.07412143662425512,0.0,0.07619147626497164,0.0,0.0,0.0,0.0,1.3900997584653223,0.25304627152149806,0.35942521765293844,158.09833772613052,0.26354976020387566,69.16461916461915,71.22656009837073,59.074299634591945,1548.7704103254794,100.0,UK
2005-04-01,1.8982450912290005,3.9510735677485087,1.8982450912290005,4.489084051422232,4.5916618990187175,1.5063046311095896,0.030729786275518478,0.2400000000000002,0.07319915129195748,1.5516507408327662,7.490130817311758,4.85,0.028654053005589746,-0.00349718642469029,-0.004260254943117402,0.0,0.1668806460443471,0.07470124013528749,0.0,0.07620962786065476,0.0,0.0,0.0,0.0,1.491728825018058,0.850056877957627,0.5821592880883188,158.25848480894808,0.4065162662109425,69.96314496314498,71.93359975407316,59.074299634591945,1613.8029860302288,100.0,UK
2005-07-01,2.3662106329418897,2.0460402667080047,2.3662106329418897,4.874691250964247,5.926034314056139,1.7536983885092283,-1.5431852004531343,0.2116666666666669,-0.0387218540944684,1.458473734402721,7.490130817311758,4.85,0.0338398927809713,0.0017473173285357472,-0.0006128023404274215,0.0,0.16625787024363536,0.07528748590755355,0.0,0.07622798114073434,0.0,0.0,0.0,0.0,1.6666251866028243,0.5241606305885114,1.0592312336002376,159.2284833207851,0.6995854463390654,71.007371007371,72.30249000922224,59.074299634591945,1613.8029860302288,100.0,UK
2005-10-01,2.1386614955468453,1.866387267356373,2.1386614955468453,4.464636431897162,4.130845662339766,1.6219943866763842,-0.14101324203383836,-0.12833333333333297,-0.21434930719999604,1.4488409552351422,4.040953833787664,5.05,0.030396720628083095,-0.000897073676446342,-0.00462256464540174,0.0,0.1656282507528059,0.07588017394105331,0.0,0.07624653610521043,0.0,0.0,0.0,0.0,1.7610324483916284,0.6359169074255533,0.8144491771324918,159.79459791953101,0.37762904715521683,71.74447174447174,72.64063940977559,61.510353227771006,1613.8029860302288,100.0,UK
2006-01-01,1.9235472324932168,-0.16931217184001923,1.9235472324932168,4.769000749772712,4.427461123676224,1.3730192811902242,-1.1689909044487745,-0.2549999999999999,-0.3077378548649096,1.5049320869065297,4.040953833787664,5.05,0.02810019987400233,-0.002314148094651879,-0.006975754068262906,0.0,0.16499863126197645,0.07647286197455307,0.0,0.0762650910696865,0.0,0.0,0.0,0.0,1.793535405211946,0.1428223547341645,0.5334474740278945,160.94379124341003,0.1300118272812707,72.54299754299755,72.60989855517983,61.510353227771006,1613.8029860302288,100.0,UK
2006-04-01,2.281467776617152,5.38275574424425,2.281467776617152,4.6320458650733976,4.043842360221461,1.2791591787208567,-0.3681933204080723,-0.46333333333333293,-0.3991085605849165,1.4784626995933081,4.040953833787664,5.05,0.03111178379832837,0.0024577307927386247,-0.0035969706345346407,0.0,0.16438269915138243,0.07705266548558544,0.0,0.07628324266536962,0.0,0.0,0.0,0.0,1.8911218794929874,1.1840839346770338,0.789738951599094,160.60906289740436,0.3903458971241647,73.2800982800983,73.59360590224408,61.510353227771006,1689.1692360605045,100.0,UK
2006-07-01,2.394569359635401,2.498446598781001,2.394569359635401,4.068357663644306,3.6712815083397743,1.3974744484067436,1.208940382397139,-0.47666666666666657,-0.37653568268010945,1.479953926505706,4.040953833787664,5.05,0.031290302120552234,-0.0025495906604190645,-0.007048789188998414,0.0,0.1637599233506707,0.07763891125785151,0.0,0.07630159594544923,0.0,0.0,0.0,0.0,1.9918113755214701,1.4571742858393577,0.7279441730325769,160.90227162479408,0.40275798411393104,73.95577395577395,74.05471872118045,61.510353227771006,1689.1692360605045,100.0,UK
2006-10-01,2.672392853969363,2.9776812446922207,2.672392853969363,4.683129968409894,6.589934881402115,1.8394142155973903,-0.41939035984026596,-0.4283333333333328,-0.3590294271466275,1.4766926793775115,5.7708317620646765,5.35,0.02607389258383998,-0.004322828044243113,-0.0014022958025958587,0.0,0.16313030385984123,0.07823159929135126,0.0,0.0763201509099253,0.0,0.0,0.0,0.0,2.1279276712110486,1.0985517030001404,0.9113604055777347,161.80533503397157,0.5444651827583145,75.1842751842752,74.60805410390408,65.16443361753957,1689.1692360605045,100.0,UK
2007-01-01,2.8382539577286536,0.4941322431971429,2.8382539577286536,5.678201409898431,8.407746889630374,2.045061047129071,0.22357123311476101,-0.4449999999999994,-0.30589583779863994,1.545136730665142,5.7708317620646765,5.35,0.0299230976390676,0.001822897765065267,0.0032191894621831267,0.0,0.16250068436901177,0.07882428732485103,0.0,0.07633870587440139,0.0,0.0,0.0,0.0,2.2699929285145695,-0.3207230970588455,1.0447185525167075,163.78373869557984,0.5682610292140842,76.7813267813268,74.70027666769136,65.16443361753957,1689.1692360605045,100.0,UK
2007-04-01,2.4753739152938437,3.93123557450501,2.4753739152938437,4.346727724948174,-1.282052379579568,2.18986853076375,1.4127957215345432,-0.3033333333333337,-0.18575344284201425,1.5964916220562508,5.7708317620646765,5.35,0.025889194248615924,-0.005222589549712446,-0.0006416475461781933,0.0,0.16188475225841775,0.0794040908358834,0.0,0.07635685747008451,0.0,0.0,0.0,0.0,2.311069125870424,1.6746239791030462,0.5842520358008563,162.48041670705874,0.16430478942341953,76.53562653562653,75.43805717798955,65.16443361753957,1771.937058506289,100.0,UK
2007-07-01,1.7692294441230771,-0.32613128590206486,1.7692294441230771,5.021297683535586,6.369561342689423,1.77998227012095,-0.35027929009445735,-0.2016666666666671,-0.08701703343644031,1.6743881732067867,5.7708317620646765,5.35,0.03003556210553295,-0.0012547400150192834,0.001284610600372604,0.0,0.16126197645770599,0.07999033660814947,0.0,0.07637521075016411,0.0,0.0,0.0,0.0,2.2027011895209547,0.47010825150147184,-0.222581931398393,164.15433986420652,-0.4334717453978776,77.76412776412776,75.37657546879802,65.16443361753957,1771.937058506289,100.0,UK
2007-10-01,2.0795856462486384,4.219106053194466,2.0795856462486384,4.08219945202557,2.833541955362051,1.7664048198413163,0.40704165886644716,-0.13000000000000078,-0.05219679407151089,1.5666278944075906,3.12812993810887,5.52,0.025558653176940588,-0.0005152394068993929,0.0015574311770394332,0.0,0.16063235696687653,0.08058302464164922,0.0,0.07639376571464018,0.0,0.0,0.0,0.0,2.1780780808664915,1.3927883686717166,-0.048342024962410246,163.80794883974843,-0.09849243461785306,78.31695331695332,76.17583768828773,67.23507917174177,1771.937058506289,100.0,UK
2008-01-01,2.3587917524475976,1.6109566679929799,2.3587917524475976,3.9989648216158358,8.074808367991437,1.7259107921569594,0.013034557326685459,-0.15833333333333321,-0.05156209252424128,1.3986598321405252,3.12812993810887,5.52,0.028731563913155726,-0.0011915337259118728,0.0004917318511618836,0.0,0.1600027374760471,0.08117571267514898,0.0,0.07641232067911627,0.0,0.0,0.0,0.0,2.2142208151827125,0.2622525067887693,0.08879882393302818,165.42391176474808,0.14457093726488512,79.91400491400493,76.48324623424531,67.23507917174177,1771.937058506289,100.0,UK
2008-04-01,3.3657023003476283,7.958877766105132,3.3657023003476283,4.165631732320119,-0.6153847367624365,2.2606554628914033,0.24725962264136037,-0.27333333333333343,-0.21170492873549848,1.1909888128657675,3.12812993810887,5.52,0.028197995655984454,0.0023088014073685296,-0.0009558053619956189,0.0,0.15937996167533533,0.08176195844741505,0.0,0.07643067395919587,0.0,0.0,0.0,0.0,2.4445171122156957,3.022721397392729,1.0546331744772042,163.28034613903122,0.9211851881319326,79.7911547911548,78.0202889640332,67.23507917174177,1853.230284067347,100.0,UK
2008-07-01,4.661270005378171,4.856139534220105,4.661270005378171,3.034071705267216,1.8433212344778127,3.0018051649283173,1.3192942700603671,-0.7316666666666674,-0.5339213090681266,0.8492146314304394,3.12812993810887,5.52,0.03662746748338126,0.006591905377848314,-0.0016527906367224746,0.0,0.1587571858746236,0.08234820421968111,0.0,0.07644902723927546,0.0,0.0,0.0,0.0,2.8878676908481906,4.0761032541416,2.458568815857216,162.5271415640956,1.7734023145299802,80.15970515970517,78.97325545650168,67.23507917174177,1853.230284067347,100.0,UK
2008-10-01,3.7232023168422224,0.4668352990506719,3.7232023168422224,2.631730831737311,1.2241784612424311,2.514867310877289,1.8283171566908285,-1.1566666666666672,-0.9039017191653486,0.339367792434464,3.7337670437644466,5.73,0.05098341339617511,0.025424760219234524,0.012761889947982124,0.0,0.15812756638379413,0.08294089225318087,0.0,0.07646758220375155,0.0,0.0,0.0,0.0,3.054934616046997,4.073700100070994,1.545124235975731,162.71647735464353,0.6682677007952256,80.4054054054054,79.06547802028896,69.79293544457977,1853.230284067347,100.0,UK
2009-01-01,2.9699272505000707,-1.4021435973756269,2.9699272505000707,-2.9643356162014634,-14.30945742376366,2.398385061247943,7.4681170712895595,-1.711666666666667,-1.198343917046507,-0.508863726550679,3.7337670437644466,5.73,0.053218490559858514,0.02448692664670279,0.008719379405002128,0.0,0.15749794689296467,0.08353358028668062,0.0,0.07648613716822761,0.0,0.0,0.0,0.0,3.0379331429376117,7.415146241975577,0.7557064353173581,159.48964889804657,-0.06800589243754107,77.57985257985258,78.78881032892714,69.79293544457977,1853.230284067347,100.0,UK
2009-04-01,2.0667532287776957,4.346181679215633,2.0667532287776957,1.0719857632197183,15.52990078092229,2.1339316034994837,2.2598646144160073,-2.296666666666666,-1.367674032271219,-1.2141291978642,3.7337670437644466,5.73,0.0533649351892063,0.025166939533221844,0.008061880537847906,0.0,0.15688201478237065,0.08411338379771299,0.0,0.07650428876391074,0.0,0.0,0.0,0.0,2.8436971601056285,4.383953593555361,-0.37776388343799994,162.2855786734732,-0.7769439313279327,80.65110565110567,79.64955425760837,69.79293544457977,1945.8240467370533,100.0,UK
2009-07-01,1.5066925936659814,2.615896993773248,1.5066925936659814,0.6872879287762146,0.30452989670379793,2.0031486434379353,3.1170819143063078,-2.238333333333334,-1.3811916493725973,-1.8113889920655213,3.7337670437644466,5.73,0.04573493393002934,0.00910746644664807,0.0017651834656438672,0.0,0.15625923898165892,0.08469962956997906,0.0,0.07652264204399034,0.0,0.0,0.0,0.0,2.576296246817699,4.934455378772583,-1.3811750971822092,161.7077368992058,-1.0696036531517175,80.71253071253072,80.17214878573624,69.79293544457977,1945.8240467370533,100.0,UK
2009-10-01,2.1158704328029465,2.9035466555985323,2.1158704328029465,0.7610386807415104,1.5191814691036143,2.2636684970033016,3.194581238440697,-1.9850000000000003,-1.3323662361571338,-2.095273792981267,1.2142386825725326,5.8,0.034132985077949346,-0.016850428318225762,-0.01600828471868601,0.0,0.15562961949082946,0.08529231760347883,0.0,0.07654119700846643,0.0,0.0,0.0,0.0,2.484211084014748,5.201580923532077,-0.9390641832440503,161.36164560258203,-0.3683406512118017,81.01965601965604,80.75622502305563,70.64555420219244,1945.8240467370533,100.0,UK
2010-01-01,3.2248475863029924,3.0337650166245567,3.2248475863029924,4.867704839531672,2.1172072113969875,2.9098530824195556,1.8308797831867452,-2.0233333333333325,-1.3267259758996546,-1.9250543506499795,1.2142386825725326,5.8,0.030561987939769376,-0.02265650262008914,-0.014988922984048799,0.0,0.155,0.08588500563697858,0.0,0.0765597519729425,0.0,0.0,0.0,0.0,2.632338384472397,5.299656125025933,0.18691444336538066,161.1325061512752,0.5925092018305955,81.44963144963145,81.3710421149708,70.64555420219244,1945.8240467370533,100.0,UK
2010-04-01,3.4145957673849203,5.105174403543344,3.4145957673849203,1.0606160029411171,0.30154543456006877,2.9502896238157383,6.715715883566742,-1.7683333333333335,-1.2894640161612423,-1.6609075813599716,1.2142386825725326,5.8,0.029949524094757374,-0.023415411094448925,-0.012804968240524316,0.0,0.15461498973305954,0.08646480914801095,0.0,0.0766471801217217,0.0,0.0,0.0,0.0,2.7887898610549016,6.3073315148942015,0.5708986072792919,159.93159890902936,0.6258059063300188,81.51105651105651,82.41623117122657,70.64555420219244,1994.4696479054794,100.0,UK
2010-07-01,3.0585733222321387,1.1918072131621216,3.0585733222321387,1.5106027431013302,2.1044768573446504,2.7460819019452742,5.395694324632139,-1.581666666666666,-1.3371255641100996,-1.2491842065321501,1.2142386825725326,5.8,0.03315662219705465,-0.012578311732974686,-0.011276392128849268,0.0,0.1542257015742642,0.08705105492027702,0.0,0.07673557969437622,0.0,0.0,0.0,0.0,2.842746553290349,5.741449027423386,0.48227707541443987,160.15976632007502,0.21582676894178965,81.94103194103195,82.6621580079926,70.64555420219244,1994.4696479054794,100.0,UK
2010-10-01,3.2949442682496333,3.8490304396685104,3.2949442682496333,1.877636836577956,2.9873178430101177,3.0633699088690847,6.078242930557187,-1.5083333333333337,-1.2899423834855523,-0.5700885155993207,2.2166295457260343,5.93,0.028976789225035944,-0.005156195852913404,-0.006591126907164556,0.0,0.15383213552361397,0.08764374295377678,0.0,0.07682495069090606,0.0,0.0,0.0,0.0,2.933186096282206,5.670003607629127,0.810733184234885,159.94433817091047,0.36175817196742743,82.55528255528256,83.46142022748232,72.22898903775882,1994.4696479054794,100.0,UK
2011-01-01,3.999051935991371,5.850195687591508,3.999051935991371,2.8254667657599875,5.908526928125113,3.522143496336394,4.484827928589796,-1.248333333333333,-1.2814786215992588,0.14068279148147234,2.2166295457260343,5.93,0.023482906401048904,-0.007079081538720471,-0.003232205890840132,0.0,0.15343856947296372,0.08823643098727654,0.0,0.07691432168743591,0.0,0.0,0.0,0.0,3.146359264224039,5.350891529562887,1.3667135515189743,159.95892098104383,0.8526926717673322,83.7837837837838,84.69105441131262,72.22898903775882,1994.4696479054794,100.0,UK
2011-04-01,4.307235127949394,6.337907171375434,4.307235127949394,2.4563944397890225,-1.174743869323791,3.731230193575996,8.289705318894725,-1.259999999999999,-1.34998260095342,0.6495394721479641,2.2166295457260343,5.93,0.03128168619075356,0.0013321620959961893,-0.0007222846485701309,0.0,0.15305355920602326,0.08881623449830892,0.0,0.07700174983621509,0.0,0.0,0.0,0.0,3.37853443696911,6.96954710937149,1.518445266894492,158.08075822086897,0.9287006909802837,83.53808353808354,86.04365201352597,72.22898903775882,2086.984486765234,100.0,UK
2011-07-01,4.5792884304925785,2.280020423334861,4.5792884304925785,2.2239611927838077,1.174743869323791,3.8578291917010787,9.5652457147396,-1.5199999999999996,-1.3830019714892101,1.1309015218689766,2.2166295457260343,5.93,0.031077928820574318,-0.0020786933764803286,-0.007141171115807908,0.0,0.15266427104722793,0.08940248027057497,0.0,0.07709014940886962,0.0,0.0,0.0,0.0,3.6186852356738037,6.729003152856961,1.7365418772022294,157.80443908236626,0.9606031948187748,83.7837837837838,86.53550568705809,72.22898903775882,2086.984486765234,100.0,UK
2011-10-01,4.571607628901031,3.8183072333023205,4.571607628901031,1.9160497739076021,1.7556721675052955,3.5776173165283254,10.066412246568124,-1.4733333333333336,-1.3923714915620704,1.2975384714983051,2.4980482968441686,6.08,0.0320302884165521,0.0030534991915161583,-0.0023789650435680947,0.0,0.1522707049965777,0.08999516830407474,0.0,0.07717952040539947,0.0,0.0,0.0,0.0,3.809269714319249,6.7112738113333705,1.6384215326188252,157.28878031591702,0.7623379145817819,84.15233415233416,87.36550876114356,74.05602923264311,2086.984486765234,100.0,UK
2012-01-01,3.4252367325657396,1.2647121022503427,3.4252367325657396,0.5118841158907372,0.2918642960576534,2.872728963690996,7.943854686915608,-1.17,-1.3704507863895892,1.1993034990036344,2.4980482968441686,6.08,0.027989983317969938,0.004507076916921037,-0.0005470578658113975,0.0,0.15187713894592744,0.09058785633757449,0.0,0.0772688914019293,0.0,0.0,0.0,0.0,3.732463117968547,6.3953656396316205,0.2788774683417006,157.0455683643688,-0.30722638540280744,84.21375921375922,87.64217645250538,74.05602923264311,2086.984486765234,100.0,UK
2012-04-01,2.6442577123516386,3.2139910905190305,2.6442577123516386,1.5323174679194196,2.9069895387909384,2.4823969728726247,5.912980351555541,-0.836666666666666,-1.3401304251610453,1.0015037845936603,2.4980482968441686,6.08,0.03025479349384418,-0.001026892696909384,0.0033868975907605384,0.0,0.1514878507871321,0.09117410210984056,0.0,0.07735729097458383,0.0,0.0,0.0,0.0,3.5148220368451653,5.865927833782564,-0.7342767246174713,156.96881797643675,-0.8705643244935266,84.82800982800983,88.3492161082078,74.05602923264311,2203.684676900509,100.0,UK
2012-07-01,2.3522235985677042,1.1118839681991233,2.3522235985677042,1.816250435093636,2.3104757380206564,2.2242752820427647,6.305365659456363,-0.5083333333333329,-1.2938375306171856,0.8047117857780783,2.4980482968441686,6.08,0.031104968665278725,2.7039844704404483e-05,0.011382058392777387,0.0,0.15109856262833676,0.09176034788210663,0.0,0.07744569054723835,0.0,0.0,0.0,0.0,3.2823023491896732,4.965356953120391,-1.2664616371060995,157.26846591889222,-0.930078750621969,85.31941031941032,88.59514294497386,74.05602923264311,2203.684676900509,100.0,UK
2012-10-01,2.6390420425684624,4.965581009305353,2.6390420425684624,1.1611160927677666,-0.8648652017981817,2.7657985629234716,7.432621746231427,-0.34499999999999975,-1.2672337604022619,0.5264433953455772,1.7930390718429168,6.19,0.029484404484404488,-0.0025458839321476157,0.003112869388313735,0.0,0.15070499657768652,0.09235303591560638,0.0,0.07753506154376819,0.0,0.0,0.0,0.0,3.153650287865431,5.863002840534932,-1.1702276717507867,155.81085436611633,-0.5146082452969685,85.13513513513514,89.70181371042113,75.3958587088916,2203.684676900509,100.0,UK
2013-01-01,2.7332613098440817,1.6415891713528197,2.7332613098440817,0.5092772011288993,-2.315491270497816,2.5857485341114206,8.509530709476486,-0.27999999999999936,-1.2528003578042908,0.4236267600839283,1.7930390718429168,6.19,0.02824506445010161,0.00025508113213166964,-0.0009724887415236128,0.0,0.15031143052703627,0.09294572394910613,0.0,0.07762443254029802,0.0,0.0,0.0,0.0,3.069572492261161,6.118757217966163,-0.9992018081244654,154.82158425565365,-0.33631118241707947,84.64373464373465,90.07070396557025,75.3958587088916,2203.684676900509,100.0,UK
2013-04-01,2.643930830396979,2.8566691727306193,2.643930830396979,2.219926464389488,9.749586591833292,2.3538643021135286,5.051002437487528,0.0033333333333329662,-1.1851299597755978,0.5232865164547573,1.7930390718429168,6.19,0.028384330513823167,-0.0018704629800210114,-0.0037704716550249176,0.0,0.14992642026009584,0.09352552746013851,0.0,0.07771186068907723,0.0,0.0,0.0,0.0,2.9844441598883247,3.5533826412722647,-0.8708912064481864,156.54481361042934,-0.34051332949134583,86.73218673218675,90.71626191208117,75.3958587088916,2262.152176585989,100.0,UK
2013-07-01,2.704255154212376,1.353181263460712,2.704255154212376,0.6458580039411466,-3.9857981037727086,2.380654089691525,5.890890983322294,0.2216666666666658,-1.1363345348691951,0.4535456377006697,1.7930390718429168,6.19,0.02975832229934866,-0.0013466463659300633,-0.0019883643668777732,0.0,0.14953713210130049,0.09411177323240458,0.0,0.07780026026173174,0.0,0.0,0.0,0.0,2.928406358753135,4.252072015812303,-0.5780471949772972,155.210068768621,-0.22415120454075899,85.87223587223588,91.02367045803874,75.3958587088916,2262.152176585989,100.0,UK
2013-10-01,2.0689223630551368,2.424249844676396,2.0689223630551368,1.0050335853502013,0.5718371238380371,1.9491128238315447,5.810162529851315,0.6616666666666662,-1.0103605052035625,0.5171347608824206,1.920058985661699,6.31,0.026904122892783787,-0.0025802815916207,0.003327061345389917,0.0,0.14914356605065024,0.09470446126590434,0.0,0.0778896312582616,0.0,0.0,0.0,0.0,2.7565095596135354,3.9936613770052816,-1.0847279248102941,154.74696558841134,-0.6875871965583986,85.99508599508601,91.57700584076237,76.85749086479902,2262.152176585989,100.0,UK
2014-01-01,1.7591793313570747,0.40261704456057146,1.7591793313570747,1.726661602093138,0.5710207964739311,1.8117056798707232,5.347567168565126,1.080000000000001,-0.8255907291373261,0.44113008246772223,1.920058985661699,6.31,0.027917268381453284,-0.00032779606864832616,0.010369327873848642,0.0,0.14875,0.0952971492994041,0.0,0.07797900225479143,0.0,0.0,0.0,0.0,2.557043513962243,3.2090612863323713,-1.3103931609040864,154.78906652638972,-0.7978641826051684,86.11793611793611,91.66922840454964,76.85749086479902,2262.152176585989,100.0,UK
2014-04-01,1.7467693040391197,2.807029063458799,1.7467693040391197,-0.283688133519977,1.7081876493808323,1.9312814388204202,7.167811130241253,1.4716666666666658,-0.5999475042738287,0.47403896362888664,1.920058985661699,6.31,0.03044013227038528,0.0020558017565621106,0.0119239091590801,0.0,0.14836498973305956,0.09587695281043647,0.0,0.07806643040357063,0.0,0.0,0.0,0.0,2.3949886719776186,2.784610019658743,-1.237674855849205,154.5143561728703,-0.6482193679384989,86.48648648648648,92.31478635106056,76.85749086479902,2333.2993749984403,100.0,UK
2014-07-01,1.4417684782434215,0.13317796027791928,1.4417684782434215,0.8547060578458776,0.5677786616907099,1.6903715537297082,6.93203144991692,1.6766666666666667,-0.43691420212057575,0.5429172340033372,1.920058985661699,6.31,0.026624768265905836,-0.003133554033442825,0.006555351251598207,0.0,0.1479757015742642,0.09646319858270253,0.0,0.07815482997622514,0.0,0.0,0.0,0.0,2.2043446332307792,1.970949927914404,-1.4866378805097136,154.62300634822344,-0.7625761549873578,86.60933660933661,92.3455272056563,76.85749086479902,2333.2993749984403,100.0,UK
2014-10-01,0.9022617599637073,0.26622297155753927,0.9022617599637073,1.9802627296179764,5.074063810926432,1.2786176886025125,5.635382628401464,1.8083333333333336,-0.3086799606521606,0.7112922714440861,2.9666500348469516,6.5,0.027293277505201777,0.0003891546124179903,0.003781157756272844,0.0,0.14758213552361396,0.09705588661620229,0.0,0.07824420097275499,0.0,0.0,0.0,0.0,1.9439280585773648,0.13594591780102405,-1.854247799649828,155.82496655806557,-1.0416662986136576,87.71498771498771,92.40700891484784,79.17174177831912,2333.2993749984403,100.0,UK
2015-01-01,0.1005530502018459,-2.804217794486874,0.1005530502018459,2.256795356503094,1.6771513040144015,0.9775907957708441,4.963378882004843,1.8866666666666658,-0.19111022236727637,0.8252114400356336,2.9666500348469516,6.5,0.024112605869410147,-0.003804662512043138,-0.003274230327418776,0.0,0.14718856947296372,0.09764857464970206,0.0,0.07833357196928484,0.0,0.0,0.0,0.0,1.5752530569022611,-1.448868442725228,-2.4564904637603973,156.9453088326909,-1.4747000067004152,88.08353808353809,91.76145096833692,79.17174177831912,2333.2993749984403,100.0,UK
2015-04-01,-0.033305578992326446,2.2715945466821097,-0.033305578992326446,2.5246782734784645,2.7797193172823143,0.5688487817213428,3.316899865785361,1.7383333333333333,-0.18146319559498145,0.8360164809735893,2.9666500348469516,6.5,0.026819946725833092,-0.0036201855445521848,-0.0069536062040813605,0.0,0.14680355920602328,0.09822837816073443,0.0,0.07842100011806402,0.0,0.0,0.0,0.0,1.2535413297233435,-1.8881080214044346,-2.428294250969945,157.072340025341,-1.28684690871567,88.6977886977887,92.2840454964648,79.17174177831912,2391.631859373401,100.0,UK
2015-07-01,0.03328340852828404,0.39953391036036123,0.03328340852828404,2.866326951197351,1.934373372566256,0.73480624545601,1.7967604722888275,1.8783333333333347,-0.049065223691120194,0.8123985808553558,2.9666500348469516,6.5,0.026838923759157255,0.0002141554932514212,-0.0005292048278383978,0.0,0.14641427104722793,0.09881462393300049,0.0,0.07850939969071855,0.0,0.0,0.0,0.0,1.0094897454843317,-2.5582651227474287,-2.171061224702495,157.45604989089256,-0.9762063369560476,89.12776412776414,92.37626806025209,79.17174177831912,2391.631859373401,100.0,UK
2015-10-01,0.0997506317125918,0.5320918642947703,0.0997506317125918,1.873103670606291,1.101170688562192,0.8655180529113515,2.2363771893090467,1.9383333333333344,0.046053469522373054,0.6478347636755033,3.030534949532915,6.7,0.02255496645324656,-0.0047383110519552156,-0.0036996581733940714,0.0,0.14602070499657768,0.09940731196650024,0.0,0.07859877068724838,0.0,0.0,0.0,0.0,0.8275419227299837,-2.891818293630024,-1.844177426864773,157.59831959695933,-0.7277912910173919,89.37346437346439,92.4992314786351,81.60779537149817,2391.631859373401,100.0,UK
2016-01-01,0.33444847228478736,-1.8654264321980918,0.33444847228478736,2.1387500291601746,2.7397367382299365,0.9348982951974172,2.11862719157474,1.836666666666667,0.04792886583620397,0.6247077572408943,3.030534949532915,6.7,0.023446809467371998,-0.0006657964020381481,0.0006672626734568538,0.0,0.14562713894592744,0.1,0.0,0.07868814168377822,0.0,0.0,0.0,0.0,0.7289232326409445,-4.182865435014179,-1.2408045846174738,158.74961038956636,-0.39447476035615714,89.98771498771498,92.06885951429449,81.60779537149817,2391.631859373401,100.0,UK
2016-04-01,0.33255767263762337,2.2640313480934537,0.33255767263762337,2.530049481502683,4.344917126652348,0.9299303148278426,2.1325717389815813,1.8533333333333326,0.12331907896382824,0.5214145690186966,10.22788491204183,7.2,0.027542906220846722,0.0007229594950136284,0.00492750987732656,0.0,0.1452378507871321,0.10348659003831419,0.0,0.0797916617495496,0.0,0.0,0.0,0.0,0.6496501206402803,-4.6573872843360675,-0.9209836570857202,159.26983183420603,-0.3170924480026569,90.97051597051599,92.59145404242237,87.69792935444579,2459.642566696815,100.0,UK
2016-07-01,0.6964047378993143,1.8549221714071251,0.6964047378993143,2.316179835261245,1.078894787600504,1.059261807644063,3.0572810242054382,1.7149999999999999,0.1696561612316842,0.4714810138177872,10.22788491204183,7.2,0.029388506972953483,0.0025495832137962266,0.0008858216071519582,0.0,0.14484856262833676,0.10697318007662836,0.0,0.08089518181532096,0.0,0.0,0.0,0.0,0.659001044092087,-4.375243375488225,-0.31308500758501734,159.07582498825442,0.0374036938072273,91.21621621621622,93.02182600676299,87.69792935444579,2459.642566696815,100.0,UK
2016-10-01,1.1893103513951786,2.5037143182782273,1.1893103513951786,2.444113515914559,1.612905411175447,1.1206445557608191,2.193008202297664,1.665,0.21595074706586104,0.465631869868266,7.197349962508914,7.2,0.026672660522963965,0.004117694069717402,0.003869705403613516,0.0,0.1444549965776865,0.11049808429118775,0.0,0.08201082847522166,0.0,0.0,0.0,0.0,0.7650629055527054,-4.062865719462792,0.3617684286651949,158.85312276147866,0.4242474458424732,91.5847665847666,93.60590224408239,87.69792935444579,2459.642566696815,100.0,UK
2017-01-01,2.147068439687594,1.9656059209715693,2.147068439687594,2.1607862968460623,1.6064278619559502,1.680711831638071,3.2887722898034877,1.6483333333333334,0.37417011834083724,0.5442574306191994,7.197349962508914,7.2,0.02056105992263901,-0.002885749544732986,-5.0661734531415314e-05,0.0,0.14406143052703627,0.11402298850574713,0.0,0.08312647513512238,0.0,0.0,0.0,0.0,1.041464012379683,-3.8500147121174564,1.4181452070466494,158.76332824672477,1.1056044273079109,91.95331695331696,94.06701506301874,87.69792935444579,2459.642566696815,100.0,UK
2017-04-01,2.718359619891242,4.549196068908046,2.718359619891242,2.137689952055677,4.252531747490806,2.4491020008295727,3.8291546924222875,1.665,0.545233648084303,0.6025348999073366,4.082199452025503,7.5,0.02303901945933181,-0.004503886761514911,-0.002389962094388113,0.0,0.14367642026009583,0.1174712643678161,0.0,0.08421786860676439,0.0,0.0,0.0,0.0,1.3768431338819949,-3.5438875001278234,2.0687094992509616,158.6891621663705,1.341516486009247,92.93611793611794,95.14294497387029,91.35200974421436,2521.133630864235,100.0,UK
2017-07-01,2.770260254933543,2.06252471157633,2.770260254933543,2.3295562603522058,1.8463600207866193,2.6000814721587773,2.979252736005167,1.586666666666667,0.6863260058481782,0.8007686459231111,4.082199452025503,7.5,0.021711512676296018,-0.007676994296657466,-0.0037328486320277942,0.0,0.14328713210130048,0.12095785440613027,0.0,0.08532138867253573,0.0,0.0,0.0,0.0,1.6555265580923044,-3.316171409178338,2.111259210841456,158.63512099367307,1.1147336968412387,93.36609336609338,95.63479864740239,91.35200974421436,2521.133630864235,100.0,UK
2017-10-01,2.9766028046680937,3.3290845172164296,2.9766028046680937,2.6474080892945118,2.884312726944671,2.7797523474008656,3.415054092348968,1.3466666666666676,0.6795982557506891,1.0411234759125532,4.082199452025503,7.5,0.022347136987949736,-0.004325523535014228,-0.004342643913171118,0.0,0.14289356605065023,0.12448275862068967,0.0,0.08643703533243645,0.0,0.0,0.0,0.0,1.9197418074074624,-2.931991588548243,2.2115398991153885,158.5239280461051,1.0568609972606313,94.04176904176904,96.4340608668921,91.35200974421436,2521.133630864235,100.0,UK
2018-01-01,2.6762841851141417,0.7643314427557613,2.6762841851141417,2.6369359118967317,1.56453915236483,2.612630459222043,4.387670972565649,1.2966666666666669,0.7252391424729956,1.0691768412046332,4.082199452025503,7.5,0.02176068086752581,0.0011996209448867983,2.1566676465749725e-05,0.0,0.14250000000000002,0.12800766283524906,0.0,0.08755268199233718,0.0,0.0,0.0,0.0,2.0710502829487982,-2.867599997152354,1.6348201727344587,158.7239799735074,0.6052339021653435,94.41031941031942,96.61850599446663,91.35200974421436,2521.133630864235,100.0,UK
2018-04-01,2.3943681752630397,3.4215320295036378,2.3943681752630397,2.416049612493687,3.3689865498786276,2.1382656065402017,4.230818386610813,1.248333333333333,0.93246905249991,1.1581295325760799,4.305948946044724,7.83,0.022945727757334937,-9.32917019968733e-05,-0.0010275236030729323,0.0,0.14211498973305955,0.13145593869731803,0.0,0.08864407546397918,0.0,0.0,0.0,0.0,2.1357138614116464,-2.4626783705399475,1.0175250413810448,158.71084360360118,0.25865431385139326,95.2088452088452,97.44850906855211,95.37149817295979,2618.3601239970853,100.0,UK
2018-07-01,2.476317011242024,2.3903200554922677,2.476317011242024,3.045262851569852,4.36321297709128,2.0324611981807017,3.7144569332277833,1.0733333333333333,1.0163647237429714,1.130319190335194,4.305948946044724,7.83,0.023070153202906268,0.0013586405266102525,0.002082406655336725,0.0,0.1417257015742642,0.1349425287356322,0.0,0.08974759552975053,0.0,0.0,0.0,0.0,2.203834491377722,-2.6550837772579428,0.8207904531497197,159.2040668340009,0.27248251986430194,96.25307125307127,98.0325853058715,95.37149817295979,2618.3601239970853,100.0,UK
2018-10-01,2.238076079572693,2.3761207905391046,2.238076079572693,3.4032176716687346,4.316132007340201,1.8320158620957372,4.292886441944077,1.0133333333333328,1.0240860484083878,0.9237988425930044,4.305948946044724,7.83,0.025325166884591563,0.0029780298966418277,0.006005681336718311,0.0,0.14133213552361396,0.1384674329501916,0.0,0.09086324218965125,0.0,0.0,0.0,0.0,2.210682809016716,-2.8129285944044113,0.31833427216523047,159.68906963820118,0.027393270555976734,97.2972972972973,98.6166615431909,95.37149817295979,2618.3601239970853,100.0,UK
2019-01-01,1.8285503172295492,-0.8737716066168133,1.8285503172295492,3.2012976987813246,0.7568592608151903,1.8297040410871546,4.61928577212205,0.9700000000000002,1.0759716966963397,0.8032390636154796,4.305948946044724,7.83,0.026054311396392665,0.0042936305288668545,0.004267165437714069,0.0,0.14093856947296374,0.14199233716475096,0.0,0.09197888884955195,0.0,0.0,0.0,1.0,2.134256310659283,-2.821951983028015,-0.24249996571924903,160.0967273550592,-0.3057059934297337,97.48157248157248,98.40147556102059,95.37149817295979,2618.3601239970853,100.0,UK
2019-04-01,1.9988173265725884,4.1026000668757945,1.9988173265725884,3.860017326368226,6.003865060226232,1.6907102792559137,2.002367072393141,0.8500000000000001,1.082217660408823,0.6425475695371441,4.739041346162498,8.21,0.024807938540332905,0.0018622107829979685,0.001512937757483662,0.0,0.14055355920602328,0.14544061302681993,0.0,0.09307028232119395,0.0,0.0,0.0,1.0,2.107168513841944,-3.0199765571219928,-0.13689653483905806,160.57204360339682,-0.10835118726935544,98.95577395577396,99.4159237626806,100.0,2704.0062904044353,100.0,UK
2019-07-01,1.8332034271510977,1.7278644578063052,1.8332034271510977,3.7574864863016977,3.9530896168251672,1.7142386429238599,1.4932775706547385,0.7449999999999997,1.0265043495215853,0.5115919649662182,4.739041346162498,8.21,0.02889165085802752,0.005821497655121249,0.006544761991040184,0.0,0.14016427104722792,0.1489272030651341,0.0,0.09417380238696531,0.0,0.0,0.0,1.0,2.0523754965037746,-3.1032444001109525,-0.3706310642266244,161.1283498931515,-0.21917206935267686,99.93857493857494,99.8462957270212,100.0,2704.0062904044353,100.0,UK
2019-10-01,1.3929957486946698,0.6152900767133929,1.3929957486946698,2.7398974188114877,0.2457757373793612,1.6452334469932772,0.13239774209934385,0.7149999999999994,0.9487089394505958,0.36838458197926416,4.739041346162498,8.21,0.02281064249092216,-0.0025145243936694024,-0.0034848439196277616,0.0,0.13977070499657768,0.1524521072796935,0.0,0.09528944904686602,0.0,0.0,0.0,1.0,1.9204995469419537,-2.506720777111923,-0.8176870603220463,161.03597130831798,-0.5275037982472839,100.0,100.0,100.0,2704.0062904044353,100.0,UK
2020-01-01,1.6421747809119758,0.12294452225241059,1.6421747809119758,2.1814514148949193,-1.4769247548510833,1.6124380354387569,-0.9398557531320684,0.4066666666666663,0.5459696792303964,-0.059926805283982976,4.739041346162498,8.21,0.020188720649550143,-0.0058655907468425205,-0.00913007217667074,0.0,0.13937713894592746,0.1559770114942529,0.0,0.09640509570676674,0.0,0.0,0.0,0.0,1.864834593735958,-1.6282535517949555,-0.4920815297473071,160.6360039890421,-0.22265981282398228,99.63144963144964,100.03074085459575,100.0,2704.0062904044353,100.0,UK
2020-04-01,0.6779686985378675,0.2457757373793612,0.6779686985378675,-1.186401677264648,-7.467547308412037,1.4180262269871236,3.800246251791184,0.17166666666666686,-0.8163940478251481,-3.1331854467833375,6.0266314456551395,8.72,0.01928467438777949,-0.005523264152553414,-0.009358157386417968,0.0,0.1389878507871321,0.15946360153256706,0.0,0.0975086157725381,0.0,0.0,0.0,0.0,1.62746141469634,0.7274946990585818,-1.4291998153040764,158.70767322759428,-0.9494927161584725,97.78869778869779,100.09222256378727,106.21193666260658,2813.488984871449,100.0,UK
2020-07-01,0.6138754698325144,1.471491542984893,0.6138754698325144,1.4643336701090526,14.55603100631997,1.2895481125392294,1.974400560838574,-0.5800000000000001,-0.7484708213251069,-4.237771615607788,6.0266314456551395,8.72,0.03372314386728311,0.004831493009255591,-0.006094486414906407,0.0,0.13859856262833675,0.16295019157088125,0.0,0.09861213583830947,0.0,0.0,0.0,0.0,1.424744225723575,-2.3718103659342944,-1.4385000266712602,161.97880809342803,-0.8108687558910606,101.41277641277642,100.46111281893636,106.21193666260658,2813.488984871449,100.0,UK
2020-10-01,0.5823771249286125,0.4892966970977852,0.5823771249286125,4.445176257083361,12.169146085276594,1.2848142477849045,-0.19693320426956706,-0.8733333333333331,-0.5745311807856651,-4.932214459668926,6.0266314456551395,8.72,0.03636855951303295,0.01355791702211079,-0.00020947691022499097,0.0,0.13820499657768653,0.16647509578544062,0.0,0.09972778249821017,0.0,0.0,0.0,0.0,1.2562708055645824,-4.775836081569793,-1.3381224220133412,164.89877044047273,-0.6738936806359699,104.54545454545456,100.5840762373194,106.21193666260658,2813.488984871449,100.0,UK
2021-01-01,0.6432860290369824,0.36658013868589023,0.6432860290369824,4.106857324176083,-2.8302004864801944,1.0404010614805337,0.8608819272208468,-0.5483333333333329,-0.3048963792442121,-5.5121971187022,6.0266314456551395,8.72,0.02630827069796125,0.006119550048411105,0.003464102231324244,0.0,0.1378114305270363,0.17,0.0,0.10084342915811088,0.0,0.0,0.0,0.0,1.1336738502590624,-3.187304350940309,-1.2215485646989757,164.09957528418127,-0.49038782122208,103.80835380835381,100.67629880110668,106.21193666260658,2813.488984871449,100.0,UK
2021-04-01,2.00675630508087,5.699656841554912,2.00675630508087,8.601632597663134,10.511553785536165,1.6393809775676615,-5.527594027596483,-0.3583333333333334,0.6370521040663363,-2.57626492714782,2.155500356182971,8.91,0.02073589383222358,0.001451219444444088,0.006250128767965265,0.0,0.13742642026009583,0.17049288061336254,0.0,0.10090043429270563,0.0,0.0,0.0,0.0,1.308290341223424,-3.6991318087177945,0.3792948903845301,165.3025495201765,0.6984659638574462,106.57248157248158,102.1211189671073,108.52618757612666,2883.8262094932347,100.0,UK
2021-07-01,2.7167381657593026,4.311418985698623,2.7167381657593026,5.823462299743198,3.4433498146402286,2.3516308283322296,-3.1451819501165046,-0.08166666666666611,1.7328086195370391,-1.6532831705572182,2.155500356182971,8.91,0.02111211314007496,-0.012611030727208147,0.005973459611517528,0.0,0.13703713210130047,0.1709912376779847,0.0,0.10095807281768478,0.0,0.0,0.0,0.0,1.5899799061305997,-2.7877277485420393,1.2919939400357277,165.08553222741193,1.126758259628703,107.4938574938575,103.22778973255457,108.52618757612666,2883.8262094932347,100.0,UK
2021-10-01,4.774176288521481,8.7190491881465,4.774176288521481,4.8174452303125115,8.145077807553847,3.611793865922852,-0.2565556428170357,0.12333333333333307,2.3582087567344927,-0.7448677437062234,2.155500356182971,8.91,0.016327197028450143,-0.020041362484582808,-0.008065978526509237,0.0,0.13664356605065026,0.1714950711938664,0.0,0.10101634473304831,0.0,0.0,0.0,0.0,2.226819182608776,-2.0142047084834758,3.5179054829568988,164.94203938226372,2.547357105912705,109.70515970515972,105.50261297264063,108.52618757612666,2883.8262094932347,100.0,UK
2022-01-01,6.013954684487555,5.325693722550184,6.013954684487555,7.025440283773232,6.001779727362688,4.929739217929274,-1.2499392355714622,0.4199999999999995,2.846566616465512,0.7517424722451649,2.155500356182971,8.91,0.01559161991460169,-0.010716650783359557,-0.007639125127125029,0.0,0.13625,0.1719989047097481,0.0,0.10107461664841183,0.0,0.0,0.0,0.0,2.9842462829845315,-1.6233157449654811,4.8802808342284925,165.11106088346685,3.029708401503023,111.36363636363637,106.9166922840455,108.52618757612666,2883.8262094932347,100.0,UK
2022-04-01,8.756310114155674,16.66907856022739,8.756310114155674,5.112036877395454,2.857940160025052,6.018170885930552,2.774769188070203,0.52,3.097713496282984,4.042589540485331,6.411755712377731,9.5,0.013187038606276541,-0.007548855225947038,-0.0036772485389712293,0.0,0.13586498973305955,0.17249178532311063,0.0,0.10113162178300658,0.0,12.0,0.0,0.0,4.13865904921876,2.363749829972562,7.44801977293225,161.6582762834163,4.617651064936914,112.16216216216216,111.46633876421765,115.71254567600486,3128.5335491593737,102.930453023617,UK
2022-07-01,9.536432312169918,7.4319077777555975,9.536432312169918,5.826890812397512,6.30276555464846,6.795936183499318,2.0334411904321836,0.4916666666666667,2.8992118593165506,5.328293017496065,6.411755712377731,9.5,0.017926163850048867,-0.003185949290026094,-0.0036292688220800704,0.0,0.1354757015742642,0.17299014238773275,0.0,0.10118926030798572,0.0,11.428571428571429,0.0,0.0,5.218213701808992,2.79988406236194,7.9464524060393185,161.3759907276396,4.318218610360926,113.94348894348896,113.55671687672915,115.71254567600486,3128.5335491593737,102.80644443836383,UK
2022-10-01,10.212100838139637,11.421723292025376,10.212100838139637,5.9767921378522715,8.744683109372886,7.100394281581046,-0.7832720142312288,0.27,2.2446043488387644,6.09725887099275,6.411755712377731,9.5,0.023653270876330495,0.007326073847880354,0.0030225034608384353,0.0,0.13508213552361398,0.17349397590361446,0.0,0.10124753222334926,-1.2,36.42857142857143,0.0,0.0,6.2169911290751205,3.592862740165515,7.985281655530861,160.7067306819764,3.9951097090645167,116.46191646191647,116.84598831847525,115.71254567600486,3128.5335491593737,108.4475967415466,UK
2023-01-01,9.692944417652338,3.2490680406009886,9.692944417652338,5.994303596703343,6.071825562766975,6.993900928815222,-1.183803028133834,0.19166666666666643,1.9183304887586836,6.563099367034996,6.411755712377731,9.5,0.024896328168812192,0.009304708254210503,0.0012731081393027675,0.0,0.13468856947296373,0.17399780941949616,0.0,0.10130580413871276,-2.0,36.42857142857143,0.0,0.0,6.912181786790564,2.8496810389380585,6.708698134667807,161.41242006251787,2.7807626308617746,118.24324324324324,117.79895481094377,115.71254567600486,3128.5335491593737,109.16098655562354,UK
2023-04-01,8.1018089952261,10.30453687052244,8.1018089952261,7.995845102774357,10.864106184309108,7.84930134825057,2.778073623649746,-0.03500000000000014,1.4596836988835638,3.6188199939133026,9.243523771872564,10.42,0.0353097150572617,0.02212267645098516,0.015286297869483217,0.0,0.13430355920602327,0.17449069003285872,0.0,0.10136280927330753,-2.0,11.428571428571429,0.0,0.0,7.150107228477671,2.670766643773561,3.9631499460073405,161.5523123909646,0.95170176674843,121.49877149877153,120.87304027051954,126.91839220462849,3524.0332314459083,102.53798490977621,UK
2023-07-01,6.497832695348027,1.0160025782433024,6.497832695348027,7.57623595421979,4.624328960430191,7.040241955222193,3.619080406466768,0.03500000000000103,1.3494623725922792,,9.243523771872564,10.42,0.012228537783917208,-0.005697626066131659,-0.008546891146847362,0.0,0.13391427104722792,0.17498904709748084,0.0,0.10142044779828666,-2.0,11.428571428571429,0.0,0.0,7.019652321851742,1.8110921188152531,1.2796189935390352,162.45439398651135,-0.5218196265037154,122.91154791154791,121.1804488164771,126.91839220462849,3524.0332314459083,102.58805032463856,UK
2023-10-01,4.072727811688193,1.721303757386039,4.072727811688193,5.589765692570214,0.798802062774584,5.7825707382862745,6.934667462946842,0.16999999999999993,1.2982449963278013,,9.243523771872564,10.42,0.019307161403430907,-0.00434610947289959,-0.0013422575022795616,0.0,0.1335207049965777,0.17549288061336255,0.0,0.10147871971365019,-2.0,11.428571428571429,0.0,0.0,6.430267419819033,2.083202285819482,-2.144263317386928,162.22376856285848,-2.35753960813084,123.15724815724819,121.70304334460496,126.91839220462849,3524.0332314459083,102.53624451933412,UK
2024-01-01,3.487532931401205,0.9082885194530377,3.487532931401205,5.655216950492115,6.333630594454576,4.877729755122928,9.302950079723061,-0.10833333333333339,0.8620215243600476,,9.243523771872564,10.42,0.014016071762287422,-0.01088025640652477,-0.011211672517925054,0.0,0.13312713894592745,0.17599671412924425,0.0,0.10153699162901372,1.4,11.428571428571429,0.0,1.0,5.841720522135467,0.6924898536674391,-3.424648855389359,163.5801040816088,-2.354187590734262,125.12285012285014,121.9797110359668,126.91839220462849,3524.0332314459083,102.66972795472142,UK
2024-04-01,2.088914511380491,4.710063190439584,2.088914511380491,4.642809119671565,6.814474861026909,3.578706001200427,4.723882702540805,-0.054999999999999716,0.8063881458959496,,9.338894962643085,11.44,0.0163777120336289,-0.0189320030236328,-0.017344944786975857,0.0,0.1327378507871321,0.17649507119386637,0.0,0.10159463015399287,1.4,0.0,0.0,1.0,5.091159319984472,0.2411536135602148,-5.06119271709718,164.1062069992557,-3.0022448086039812,127.27272727272727,123.42453120196741,139.34226552984165,3836.269822724752,100.0,UK
2024-07-01,2.0339684237121958,0.7962182275701224,2.0339684237121958,4.542905684674903,4.224715220443542,3.2170249304170895,4.362364479611869,0.02833333333333332,0.7289345725603142,,9.338894962643085,11.44,0.0148578948485556,0.002629357064638392,0.00018814720974616927,0.0,0.13234856262833677,0.1769934282584885,0.0,0.10165226867897201,1.4,0.0,0.0,1.0,4.479721140730017,-0.5371974442170995,-4.985683898139547,164.96333124747397,-2.445752717017821,128.62407862407863,123.67045803873347,139.34226552984165,3836.269822724752,100.0,UK
2024-10-01,2.445231610031584,3.366356502663592,2.445231610031584,5.9068475459567615,6.254569507902019,3.245721014738212,3.924473726750377,-0.1416666666666675,0.4576128180398381,,9.338894962643085,11.44,0.016810305947568244,-0.002496855455862661,-0.0060179806156613926,0.0,0.13195499657768653,0.1774972617743702,0.0,0.10171054059433551,1.4,0.0,0.0,1.0,4.07282323459033,-1.1258064201540776,-3.9850358097874485,165.68538449878355,-1.6275916245587458,130.65110565110567,124.71564709498922,139.34226552984165,3836.269822724752,100.0,UK
2025-01-01,2.7589670912794517,2.1632304444445083,2.7589670912794517,5.398970489490207,4.302122368588357,3.5392976262351716,3.2699122661230318,-0.2816666666666663,0.24697057812256007,,9.338894962643085,11.44,0.017116711835767344,0.003100640073479922,0.004304483646281284,0.0,0.13156143052703628,0.1780010952902519,0.0,0.10176881250969905,0.0,0.0,0.0,0.0,3.810052005928154,-1.4299293466921483,-3.082753430856015,166.22010747981957,-1.0510849146487025,132.06388206388206,125.3919458960959,139.34226552984165,3836.269822724752,100.0,UK
2025-04-01,3.427508090868603,7.384227188796189,3.427508090868603,4.621284315513208,3.7037301651189125,3.7721593848316637,2.9837610589250163,-0.39000000000000057,0.006174149194690483,,6.513930217096142,12.21,0.015542152109847149,-0.0008355599237817526,-0.006179287292515723,0.0,0.13117642026009582,0.17849397590361446,0.0,0.1018258176442938,0.0,0.0,0.0,0.0,3.7335432229162437,-0.20333130007884392,-1.6636512291158692,165.29998322390026,-0.3060351320476409,133.2923832923833,127.7282508453735,148.721071863581,4004.290953143096,100.0,UK
2025-07-01,3.7325957612686977,2.016568909170502,3.7325957612686977,4.756141119893886,4.764142437966257,3.844731790978173,2.810721136303296,-0.6549999999999994,-0.12283282537479107,,6.513930217096142,12.21,0.018682800941941656,0.003824906093386057,-0.0029926093125102983,0.0,0.1307871321013005,0.17899233296823658,0.0,0.10188345616927294,0.0,0.0,0.0,0.0,3.7333537305867344,-0.7045954785219806,-0.7471253794613189,165.9868766060992,-0.000757969318036622,134.8894348894349,128.37380879188441,148.721071863581,4004.290953143096,100.0,UK
2025-10-01,3.3211148255418266,1.7204327597561075,3.3211148255418266,4.099123266693727,3.6264980951013825,3.4815970460043033,1.8637351564173787,-0.8583333333333334,-0.20106914615286217,,6.513930217096142,12.21,0.019156400033523698,0.002346094085955454,-0.000864675641600557,0.0,0.13039356605065025,0.17949616648411829,0.0,0.10194172808463647,0.0,0.0,0.0,0.0,3.6509059495777527,-0.9377767514627351,-0.7517084090485033,166.4633929399355,-0.32979112403592614,136.1179361179361,128.92714417460803,148.721071863581,4004.290953143096,100.0,UK
2026-01-01,3.0660216945086916,1.1428579203119682,3.0660216945086916,4.3237679054646705,5.20070092367213,3.1779746019380717,1.9847071178626052,-0.6233333333333331,-0.1609647107621308,,6.513930217096142,12.21,0.01705723357913244,-5.947825663490177e-05,0.00013379584655787347,0.0,0.13,0.18,0.0,0.10200000000000001,0.0,0.0,0.0,0.0,3.5339290985639407,-1.6864010035246224,-0.7440303114194626,167.47785369077553,-0.4679074040552491,137.89926289926294,129.29603442975716,148.721071863581,4004.290953143096,100.0,UK
2026-04-01,2.7301398933121668,6.0406999840100895,2.7301398933121668,4.019506993349786,2.4866865166593755,2.477577119169183,2.2940926429987574,-0.580000000000001,-0.16689386247859425,,4.0133797078749645,12.71,,,,0.0,0.13,0.18,0.0,0.10200000000000001,0.0,0.0,0.0,0.0,3.3731712575135857,-0.4027189176189836,-1.003403329604077,166.58935032393788,-0.6430313642014189,138.75921375921376,131.26344912388564,154.8112058465286,4198.910170507799,100.0,UK
2026-07-01,2.6233337035502124,1.5893441501226846,2.6233337035502124,,,2.247285585205905,3.45374627998567,,,,0.0,12.71,,,,0.0,0.13,0.18,0.0,0.10200000000000001,0.0,0.0,0.0,0.0,3.223203746720911,,-1.110020027036522,,-0.5998700431706987,138.75921375921376,131.78604365201352,154.8112058465286,4198.910170507799,100.0,UK
