,gp,gp_q,pi_yoy,gw,gw_q,gp_core,grpe,grpf,slack,gpty,dmw,minwage,transfer_share,h,h_disc,cov_automatic,cov_benchmark,cov_minwage,cov_public,lambda,wedge,scheme,populist,election,pistar,catchup,catchup_bb,real_wage,pigap,lvl_wage,lvl_price,lvl_minwage,lvl_benefit,lvl_handout,country
1960-01-01,1.9194482836092153,-0.3799434215448372,1.9194482836092153,7.663326218764133,6.611746890851045,,,,,,0.0,,,,,0.0,0.38,0.0,0.0,0.11399999999999999,0.0,0.0,0.0,0.0,1.6059882841807394,,,-351.44526029705423,0.3134599994284759,6.418211223360577,21.479743386597363,,100.0,100.0,DE
1960-04-01,2.197859763710408,2.2747874978387372,2.197859763710408,9.134988611810085,12.90432866966964,,,,,,0.0,,,,,0.0,0.3796262833675565,0.0,0.0,0.11388788501026695,0.0,0.0,0.0,0.0,1.724362580086673,,,-348.78787500409646,0.47349718362373494,6.628644109472792,21.602246020041772,,100.0,100.0,DE
1960-07-01,1.2363121930778487,0.0,1.2363121930778487,10.536051565782628,12.501002182029541,,,,,,0.0,,,,,0.0,0.37925256673511293,0.0,0.0,0.11377577002053388,0.0,0.0,0.0,0.0,1.6267525026849081,,,-345.66262445858905,-0.39044030960705944,6.839076995585007,21.602246020041772,,107.96460567463768,100.0,DE
1960-10-01,0.7568728968970095,1.132647511294138,0.7568728968970095,12.516315313771697,18.048183512536564,,,,,,0.0,,,,,0.0,0.3788747433264887,0.0,0.0,0.1136624229979466,0.0,0.0,0.0,0.0,1.4527765815273284,,,-341.43374045827846,-0.6959036846303188,7.154726871215862,21.663502031430696,,107.96460567463768,100.0,DE
1961-01-01,1.7899537972086765,3.752380179701831,1.7899537972086765,11.595977917245698,2.9303973047470455,,,,,,0.0,,,,,0.0,0.3784969199178645,0.0,0.0,0.11354907597535935,0.0,0.0,0.0,0.0,1.520212024663598,,0.18396551302793718,-341.63923617701715,0.2697417725450786,7.207334819512649,21.867682476504815,,107.96460567463768,100.0,DE
1961-04-01,1.9654563919192292,2.9767978766809478,1.9654563919192292,10.536046619408612,8.664603478321297,,,,,,0.0,,,,,0.0,0.37812731006160166,0.0,0.0,0.11343819301848049,0.0,0.0,0.0,0.0,1.6092608981147243,,0.24109381183255607,-340.2172847766071,0.3561954938045049,7.365159757328079,22.031028710430803,,107.96460567463768,100.0,DE
1961-07-01,2.6121026554055238,2.5865850539451785,2.6121026554055238,10.227880472988057,11.268337596347322,,,,,,0.0,,,,,0.0,0.3777535934291581,0.0,0.0,0.11332607802874742,0.0,0.0,0.0,0.0,1.8098292495728843,,0.9853501527206157,-338.0468466410066,0.8022734058326395,7.575592643440293,22.173953144116005,,121.23893008094808,100.0,DE
1961-10-01,2.696572089874749,1.4705252491710397,2.696572089874749,8.455728894330164,10.959577197904991,,,,,,0.0,,,,,0.0,0.3773757700205339,0.0,0.0,0.11321273100616017,0.0,0.0,0.0,0.0,1.9871778176332573,,1.2437955083474208,-335.6745836538231,0.7093942722414919,7.786025529552506,22.255621566412277,,121.23893008094808,100.0,DE
1962-01-01,3.30610926546826,6.190528882075874,3.30610926546826,11.697178293090252,15.896194899787396,,,,,,0.0,,,,,0.0,0.37699794661190966,0.0,0.0,0.11309938398357289,0.0,0.0,0.0,0.0,2.2509641072002577,-2.8348916855393895,1.785897240804662,-333.2481671493952,1.0551451582680023,8.101676498108436,22.602735834505044,,121.23893008094808,100.0,DE
1962-04-01,3.102427803476715,2.1620720287147677,3.102427803476715,12.095267240386812,10.256959267507536,,,,,,0.0,,,,,0.0,0.37662833675564683,0.0,0.0,0.11298850102669404,0.0,0.0,0.0,0.0,2.4212568464555493,-2.698065375722024,1.4931669053619907,-331.224445339697,0.6811709570211657,8.312109384220651,22.72523846794945,,121.23893008094808,100.0,DE
1962-07-01,2.365918527492328,-0.35945204999237035,2.365918527492328,10.536053008475122,5.031480668700561,,,,,,0.0,,,,,0.0,0.37625462012320326,0.0,0.0,0.11287638603696097,0.0,0.0,0.0,0.0,2.410189182662905,-1.8978556883766942,0.5560892779194435,-329.87671216002377,-0.04427065517057738,8.417325280814223,22.704826057042105,,136.2831913724034,100.0,DE
1962-10-01,2.4469204185352034,1.794532813342542,2.4469204185352034,9.653798301844681,7.430558371383228,,,,,,0.0,,,,,0.0,0.3758767967145791,0.0,0.0,0.11276303901437372,0.0,0.0,0.0,0.0,2.417535429837365,-1.2874218229926555,0.4597426009019461,-328.4677057705136,0.029384988697838565,8.57515021862965,22.80691627957917,,136.2831913724034,100.0,DE
1963-01-01,3.2002544643669584,9.203865065402894,3.2002544643669584,7.503509329998575,7.2950390124029765,3.1152501262598165,,,,,0.0,,,,,0.0,0.37549897330595483,0.0,0.0,0.11264969199178644,0.0,0.0,0.0,0.0,2.5740792367432834,1.114362256313541,0.9492903571667006,-328.94491228376353,0.626175227623675,8.732975156445079,23.337779803171827,,136.2831913724034,100.0,DE
1963-04-01,2.834553981448229,0.6992700970398502,2.834553981448229,6.730363132461055,7.1643744773574545,2.8730491901615807,,,,,0.0,,,,,0.0,0.375129363449692,0.0,0.0,0.1125388090349076,0.0,0.0,0.0,0.0,2.6261741856842726,1.0426696806780456,0.4132971349926797,-327.3286361886842,0.20837979576395638,8.890800094260507,23.37861401431996,,136.2831913724034,100.0,DE
1963-07-01,2.3990449061796593,-2.1014883510666493,2.3990449061796593,7.232070083428131,7.0383084725688665,2.562412761447108,,,,,0.0,,,,,0.0,0.37475564681724843,0.0,0.0,0.11242669404517452,0.0,0.0,0.0,0.0,2.58074832978335,0.3099048142913148,-0.011144276483245896,-325.0436869827753,-0.18170342360369052,9.048625032075938,23.256111380875552,,146.90264722050122,100.0,DE
1963-10-01,3.2587623739933402,5.233402684597266,3.2587623739933402,7.103569227539403,6.91655494782831,3.1773391921864125,,,,,0.0,,,,,0.0,0.37437782340862424,0.0,0.0,0.11231334702258727,0.0,0.0,0.0,0.0,2.716351138625348,1.5468882770981054,0.8412269441559754,-324.6228989169675,0.5424112353679922,9.206448876966295,23.56238204848674,,146.90264722050122,100.0,DE
1964-01-01,2.2492497978505277,5.165814760831644,2.2492497978505277,6.416189967264567,4.545521971303637,2.236574226837851,,,,,0.0,,,,,0.0,0.374,0.0,0.0,0.1122,0.0,0.0,0.0,0.0,2.622930870470384,3.1822012258305676,-0.32482943889275573,-324.7779721143495,-0.3736810726198563,9.311665866484937,23.86865271609792,,146.90264722050122,100.0,DE
1964-04-01,2.074432273590565,0.0,2.074432273590565,7.958751651142551,13.33462121286939,2.179357185928499,,,,,0.0,,,,,0.0,0.3736262833675565,0.0,0.0,0.11208788501026694,0.0,0.0,0.0,0.0,2.5132311510944203,1.0994151975939417,-0.5517419120937075,-321.4443168111321,-0.43879887750385516,9.627316835040865,23.86865271609792,,146.90264722050122,100.0,DE
1964-07-01,2.6852875589313374,0.34193279029643975,2.6852875589313374,7.825216183355506,6.504166601420687,2.6001225416850904,,,,,0.0,,,,,0.0,0.3732525667351129,0.0,0.0,0.11197577002053387,0.0,0.0,0.0,0.0,2.547642432661804,1.0801154184416646,0.10453922914798763,-319.9037583583511,0.1376451262695335,9.785140679931223,23.889065127005267,,156.637153010779,100.0,DE
1964-10-01,2.2280075199922145,3.404282528840774,2.2280075199922145,9.790427403031805,14.7773998265335,2.4575413766412257,,,,,0.0,,,,,0.0,0.3728747433264887,0.0,0.0,0.1118624229979466,0.0,0.0,0.0,0.0,2.483715450127886,-0.24177927202691762,-0.4883436186331336,-317.06047903392795,-0.2557079301356717,10.153398503858869,24.093245572079393,,156.637153010779,100.0,DE
1965-01-01,2.0322341261395316,4.3827211854209125,2.0322341261395316,10.196494821473571,6.16979164507071,2.2535353799248092,,,,,0.0,,,,,0.0,0.3724969199178645,0.0,0.0,0.11174907597535934,0.0,0.0,0.0,0.0,2.3934191853302154,0.9958969312704085,-0.5906967443308524,-316.6137114190155,-0.3611850591906838,10.311223441674294,24.35868202854244,,156.637153010779,100.0,DE
1965-04-01,3.033070718904085,4.003346371058214,3.033070718904085,8.38185691986466,6.076069606433743,3.1032581138987325,,,,,0.0,,,,,0.0,0.37212731006160166,0.0,0.0,0.11163819301848049,0.0,0.0,0.0,0.0,2.5213494920449895,2.0125964979488913,0.5198395678096648,-316.0955306101716,0.5117212268590956,10.469048379489724,24.603696684764703,,156.637153010779,100.0,DE
1965-07-01,3.774040076783791,3.305810221815264,3.774040076783791,10.212958291208466,13.828572086795909,3.7143753367594456,,,,,0.0,,,,,0.0,0.3717535934291581,0.0,0.0,0.11152607802874742,0.0,0.0,0.0,0.0,2.77188760899275,0.7953994761529657,1.2263976441219873,-313.46484014392644,1.0021524677910412,10.83730729634244,24.807877129838825,,173.4513144178744,100.0,DE
1965-10-01,3.905772693359033,3.931212995141742,3.905772693359033,7.964417327637582,5.783235972249967,3.721551093835096,,,,,0.0,,,,,0.0,0.3713757700205339,0.0,0.0,0.11141273100616017,0.0,0.0,0.0,0.0,2.998664625866007,1.8816128922649114,1.422057243231147,-313.0018343996494,0.9071080674930263,10.99513223415787,25.052891786061082,,173.4513144178744,100.0,DE
1966-01-01,4.02517652894856,4.860336527779019,4.02517652894856,6.899244751192696,1.9091013392911638,4.036468194157372,,,,,0.0,,,,,0.0,0.37099794661190966,0.0,0.0,0.11129938398357289,0.0,0.0,0.0,0.0,3.203967006482517,4.046687931356814,1.6317573436183443,-313.73964319677134,0.8212095224660425,11.047734717829297,25.35916245367227,,173.4513144178744,100.0,DE
1966-04-01,3.9858803143210775,3.846161512548285,3.9858803143210775,8.659238352774093,13.116044012759332,4.118965941251274,,,,,0.0,,,,,0.0,0.3706283367556468,0.0,0.0,0.11118850102669404,0.0,0.0,0.0,0.0,3.360349668050229,2.919596137302676,1.464530822276088,-311.42217257171853,0.6255306462708483,11.415995820532157,25.60417710989453,,173.4513144178744,100.0,DE
1966-07-01,2.999817835188656,-0.6384396947144211,2.999817835188656,6.575153341938209,5.492232043452372,3.3625161135272474,,,,,0.0,,,,,0.0,0.37025462012320326,0.0,0.0,0.11107638603696098,0.0,0.0,0.0,0.0,3.2882433014779147,2.690191962392248,0.2279302261959062,-309.8895046371769,-0.28842546628925847,11.573825130047869,25.5633428987464,,185.84061522735504,100.0,DE
1966-10-01,2.8917878828101706,3.4990931856277996,2.8917878828101706,5.129344348875716,0.0,3.3244323446906865,,,,,0.0,,,,,0.0,0.36987679671457907,0.0,0.0,0.11096303901437372,0.0,0.0,0.0,0.0,3.2089522177443657,4.887817575995598,-0.10687674305583617,-310.76427793358386,-0.31716433493419505,11.573825130047869,25.787945144061307,,185.84061522735504,100.0,DE
1967-01-01,2.465352744431515,3.154595974264396,2.465352744431515,5.557046610951735,3.6199103875952376,2.84563440162402,,,,,0.0,,,,,0.0,0.3694989733059548,0.0,0.0,0.11084969199178644,0.0,0.0,0.0,0.0,3.0602323230817956,5.871129764444561,-0.7386142620510023,-310.6479493302511,-0.5948795786502807,11.679041026641439,25.99212558913543,,185.84061522735504,100.0,DE
1967-04-01,1.8175242526923263,1.2548475455915309,1.8175242526923263,3.6202827406735527,5.368988531646601,2.284613474327424,,,,,0.0,,,,,0.0,0.369129363449692,0.0,0.0,0.1107388090349076,0.0,0.0,0.0,0.0,2.811690709003902,5.898035338831505,-1.5428254153579029,-309.6194140837374,-0.9941664563115755,11.836859406906441,26.073794011431705,,185.84061522735504,100.0,DE
1967-07-01,1.7419245262989325,-0.9408386002879965,1.7419245262989325,3.132180969752718,3.5398249597690334,2.0862209827242406,,,,,0.0,,,,,0.0,0.36875564681724843,0.0,0.0,0.11062669404517453,0.0,0.0,0.0,0.0,2.597737472462908,5.7966864157827445,-1.5463187751789822,-308.4992481937231,-0.8558129461639754,11.942075303500012,26.01253800004278,,196.46019976871983,100.0,DE
1967-10-01,1.1023608799639817,0.9408386002879965,1.1023608799639817,3.132180969752718,0.0,1.5162062865567538,,,,,0.0,,,,,0.0,0.36837782340862424,0.0,0.0,0.11051334702258726,0.0,0.0,0.0,0.0,2.2986621539631225,6.996193187834024,-2.106591337780384,-308.7344578437951,-1.1963012739991408,11.942075303500012,26.073794011431705,,196.46019976871983,100.0,DE
1968-01-01,1.4814968914140803,4.67114002006479,1.4814968914140803,2.227203372853909,0.0,1.7281841091857153,,,,,0.0,,,,,0.0,0.368,0.0,0.0,0.1104,0.0,0.0,0.0,0.0,2.135229101453314,8.932144145248401,-1.5787354316677153,-309.90224284881134,-0.6537322100392338,11.942075303500012,26.380064679042892,,196.46019976871983,100.0,DE
1968-04-01,1.245168817089759,0.30953524829424595,1.245168817089759,3.0637236111319437,8.715069484758741,1.5146302642758958,,,,,0.0,,,,,0.0,0.3676262833675565,0.0,0.0,0.11028788501026694,0.0,0.0,0.0,0.0,1.957217044580603,7.310978463822153,-1.5665218919141428,-307.8008592896952,-0.712048227490844,12.205120509609296,26.400486479283682,,196.46019976871983,100.0,DE
1968-07-01,1.3255509140926325,-0.6193102122765026,1.3255509140926325,5.151410500683048,11.890572517973453,1.717543334896332,,,,,0.0,,,,,0.0,0.3672525667351129,0.0,0.0,0.11017577002053387,0.0,0.0,0.0,0.0,1.830883818483009,4.778651996940084,-1.2721865583702754,-304.67338860713267,-0.5053329043903765,12.573381612312154,26.3596428788021,,200.88485813405796,100.0,DE
1968-10-01,1.7850791293855917,2.778951461459833,1.7850791293855917,5.9847432464074455,3.3333309828975866,1.9355307946738343,,,,,0.0,,,,,0.0,0.3668747433264887,0.0,0.0,0.1100624229979466,0.0,0.0,0.0,0.0,1.8217228806635255,5.451084103540097,-0.5135830245775308,-304.5347937267733,-0.036643751277933845,12.678597508905725,26.543410912968874,,200.88485813405796,100.0,DE
1969-01-01,1.6123009422323253,3.980027271451725,1.6123009422323253,7.630860396422653,6.584468600060833,1.7541856184682736,,,,,0.0,,,,,0.0,0.3664969199178645,0.0,0.0,0.10994907597535934,0.0,0.0,0.0,0.0,1.7798384929772855,5.455329107458738,-0.5229281592209887,-303.8836833946209,-0.16753755074496013,12.88902930209287,26.808837980098485,,200.88485813405796,100.0,DE
1969-04-01,1.9908598412340606,1.8237708443011869,1.9908598412340606,8.269204276062853,11.268445003319538,1.9392212393468444,,,,,0.0,,,,,0.0,0.36612731006160165,0.0,0.0,0.1098381930184805,0.0,0.0,0.0,0.0,1.8220427626286404,3.6468567088264763,0.033642796653457596,-301.5225148548664,0.16881707860542017,13.257290404795725,26.93135000287634,,200.88485813405796,100.0,DE
1969-07-01,2.069829529811873,-0.30343145796525306,2.069829529811873,7.261207636041966,7.8585859578899075,2.0194841704655797,,,,,0.0,,,,,0.0,0.3657535934291581,0.0,0.0,0.10972607802874743,0.0,0.0,0.0,0.0,1.8716001160652869,2.268982374893369,0.238945711328864,-299.4820105009026,0.1982294137465861,13.5203246816543,26.910928202635542,,216.81414302234305,100.0,DE
1969-10-01,1.9047881281117451,2.118785854659322,1.9047881281117451,11.732193828342902,21.21727575210133,1.996636982503075,,,,,0.0,,,,,0.0,0.3653757700205339,0.0,0.0,0.10961273100616016,0.0,0.0,0.0,0.0,1.8782377184745784,-1.8063655236735485,0.08306524744821964,-294.7073880265421,0.026550409637166705,14.256846887060012,27.05385263632074,,216.81414302234305,100.0,DE
1970-01-01,2.853058887014459,7.773110307062581,2.853058887014459,12.995354088416967,11.63710964035709,2.9961125983421155,,,,,0.0,,,,,0.0,0.36499794661190965,0.0,0.0,0.1094993839835729,0.0,0.0,0.0,0.0,2.0732019521825547,-1.7137509181691826,1.0732203940371736,-293.7413881932185,0.7798569348319044,14.677710473434301,27.584725549246844,,216.81414302234305,100.0,DE
1970-04-01,3.281420480058994,3.537217216479327,3.281420480058994,12.305969357616275,8.510906080116776,3.504440668581088,,,,,0.0,,,,,0.0,0.3646283367556468,0.0,0.0,0.10938850102669405,0.0,0.0,0.0,0.0,2.3148456577578425,-1.932785168668886,1.4593777174303537,-292.49796597730915,0.9665748223011517,14.993358163215015,27.829740205469108,,216.81414302234305,100.0,DE
1970-07-01,3.503899485707418,0.5864845646284422,3.503899485707418,13.789989894874328,13.794668106922114,3.630762167068813,,,,,0.0,,,,,0.0,0.36425462012320325,0.0,0.0,0.10927638603696098,0.0,0.0,0.0,0.0,2.5526564233477576,-4.164948859558933,1.632299369642131,-289.1959200917357,0.9512430623596604,15.519448575433584,27.870574416617234,,246.90262883574883,100.0,DE
1970-10-01,3.9220859986712764,3.7915319065147557,3.9220859986712764,11.81929104859416,13.33448036698066,4.129442222350788,,,,,0.0,,,,,0.0,0.36387679671457906,0.0,0.0,0.10916303901437371,0.0,0.0,0.0,0.0,2.8265423384124615,-5.198816119856474,2.043848280196698,-286.8101829766192,1.0955436602588149,16.04552805840144,28.136010873080288,,246.90262883574883,100.0,DE
1971-01-01,4.345369494734097,9.466244291313863,4.345369494734097,12.136079318007976,12.90426271801235,4.539856562751554,,,,,0.0,,,,,0.0,0.3634989733059548,0.0,0.0,0.10904969199178645,0.0,0.0,0.0,0.0,3.1303077696767887,-4.457347653902559,2.2721675425515424,-285.95067836994457,1.2150617250573084,16.571607541369303,28.809808219691583,,246.90262883574883,100.0,DE
1971-04-01,4.938388166148311,5.909291902136182,4.938388166148311,11.895189517373462,7.54734687757872,5.107687102523517,,,,,0.0,,,,,0.0,0.363129363449692,0.0,0.0,0.10893880903490759,0.0,0.0,0.0,0.0,3.4919238489710933,-3.4010936242516436,2.6235425083904684,-285.54116462608397,1.4464643171772176,16.887255231150018,29.23858152074718,,246.90262883574883,100.0,DE
1971-07-01,5.6262595035843965,3.337969914372785,5.6262595035843965,10.60378956355193,8.629068291635988,5.981342402797152,,,,,0.0,,,,,0.0,0.3627556468172484,0.0,0.0,0.10882669404517452,0.0,0.0,0.0,0.0,3.918790979893754,-3.354769217598175,3.073603080236639,-284.21839003176814,1.7074685236906424,17.255516333852874,29.48359617696944,,278.7610147647947,100.0,DE
1971-10-01,5.5059944039173025,3.31047150784638,5.5059944039173025,7.878070240795177,2.4316030759536478,5.849049195799738,,,,,0.0,,,,,0.0,0.36237782340862423,0.0,0.0,0.10871334702258727,0.0,0.0,0.0,0.0,4.2362316646984635,-1.727098673270575,2.679452065504841,-284.43810713974136,1.269762739218839,17.360732230446445,29.728620222525144,,278.7610147647947,100.0,DE
1972-01-01,5.178936553872404,8.15801289113427,5.178936553872404,8.223790732424607,14.287144684530073,5.4238434159655124,,,,,0.0,,,,,0.0,0.362,0.0,0.0,0.10859999999999999,0.0,0.0,0.0,0.0,4.424772642533251,-1.9526951837112847,2.0486287841956154,-282.9058241913924,0.7541639113391527,17.992027610007877,30.34116155774752,,278.7610147647947,100.0,DE
1972-04-01,4.772557759286222,4.283776723791455,4.772557759286222,8.649241227049542,9.24914885607846,4.954552311853044,,,,,0.0,,,,,0.0,0.3616262833675565,0.0,0.0,0.10848788501026695,0.0,0.0,0.0,0.0,4.494329665883845,-1.8005336588556702,1.280633910315129,-281.6644811583206,0.27822809340237686,18.412902125632872,30.667844636266043,,278.7610147647947,100.0,DE
1972-07-01,5.326501838717723,5.5537462320987885,5.326501838717723,8.19172078670568,6.798986530260542,5.291364299102108,,,,,0.0,,,,,0.0,0.3612525667351129,0.0,0.0,0.10837577002053388,0.0,0.0,0.0,0.0,4.660764100450621,-0.6788596322469402,1.407710858823969,-281.35317108378024,0.6657377382671026,18.72854981541359,31.09661793732164,,302.6547582496981,100.0,DE
1972-10-01,6.062454750235657,6.2542831539181165,6.062454750235657,8.144041986455331,2.2408878749522465,5.715255797817331,,,,,0.0,,,,,0.0,0.3608747433264887,0.0,0.0,0.10826242299794661,0.0,0.0,0.0,0.0,4.941102230407628,1.6705592973825105,1.826223085537194,-282.35651990352164,1.1213525198280294,18.83376571200716,31.5866566390996,,302.6547582496981,100.0,DE
1973-01-01,6.260185380315075,8.948935411451941,6.260185380315075,8.944565155942396,17.489237362478338,5.877134350094959,,,,,0.0,,,,,0.0,0.3604969199178645,0.0,0.0,0.10814907597535935,0.0,0.0,0.0,0.0,5.204918860389117,0.6704596082200851,1.835412737781824,-280.22144441576506,1.0552665199259579,19.675503814006447,32.30128819685903,,302.6547582496981,100.0,DE
1973-04-01,7.129820537177922,7.762317351242842,7.129820537177922,10.049118271412649,13.66736131795947,6.589531697733175,,,,,0.0,,,,,0.0,0.36012731006160165,0.0,0.0,0.10803819301848049,0.0,0.0,0.0,0.0,5.589899195746878,0.3396355137089131,2.6354908712940768,-278.7451834240859,1.539921341431044,20.35940167723931,32.93424194298875,,302.6547582496981,100.0,DE
1973-07-01,6.728450222685467,3.9482649741289677,6.728450222685467,10.900567183908338,10.2047821802433,6.232949539269805,,,,,0.0,,,,,0.0,0.3597535934291581,0.0,0.0,0.10792607802874742,0.0,0.0,0.0,0.0,5.817609401134596,-0.03179849354876296,2.0676861222348464,-277.1810541225573,0.9108408215508712,20.885492089457877,33.26093441084073,,330.973527794988,100.0,DE
1973-10-01,7.049993461688819,7.540456109931526,7.049993461688819,10.591889932425346,1.00617886902028,6.082097875585291,,,,,0.0,,,,,0.0,0.3593757700205339,0.0,0.0,0.10781273100616016,0.0,0.0,0.0,0.0,6.0640862132454405,2.8870553338648506,2.1088912312811914,-278.81462343278514,0.9859072484433788,20.938094573129305,33.893888156970455,,330.973527794988,100.0,DE
1974-01-01,7.193829040903532,9.524277728310793,7.193829040903532,7.715858556876243,5.985111860281922,6.363637982489179,,,,,0.0,,,,,0.0,0.35899794661190965,0.0,0.0,0.10769938398357289,0.0,0.0,0.0,0.0,6.290034778777059,4.732345156500799,1.9889101805144147,-279.6994148997923,0.903794262126473,21.253742262910023,34.71060993726694,,330.973527794988,100.0,DE
1974-04-01,6.829002148188401,6.303009780382318,6.829002148188401,11.231333871376492,27.72926257596047,6.603969321849101,,,,,0.0,,,,,0.0,0.3586283367556468,0.0,0.0,0.10758850102669404,0.0,0.0,0.0,0.0,6.397828252659328,0.0632653963515395,1.239102952441523,-274.3428517008978,0.43117389552907337,22.77938915739288,35.26189526110039,,330.973527794988,100.0,DE
1974-07-01,6.764144955071449,3.688836201661161,6.764144955071449,10.96332790953609,9.132758332881696,6.636343777258258,,,,,0.0,,,,,0.0,0.35825462012320325,0.0,0.0,0.10747638603696097,0.0,0.0,0.0,0.0,6.471091593141752,-0.06844992770163572,0.9465355539368536,-272.9818711680927,0.29305336192969733,23.305468640360736,35.58858772895236,,357.52202952958936,100.0,DE
1974-10-01,6.246565634428158,5.470138827358362,6.246565634428158,10.485819328741075,-0.9038554541597854,6.783292632227189,,,,,0.0,,,,,0.0,0.35787679671457906,0.0,0.0,0.10736303901437372,0.0,0.0,0.0,0.0,6.4261864013990335,2.792205570974602,0.18247942118271787,-274.57536973847226,-0.17962076697087515,23.252866156689304,36.078617041396875,,357.52202952958936,100.0,DE
1975-01-01,5.715851903565827,7.401422804861468,5.715851903565827,10.783299734126828,7.175033481824933,6.187308394086211,,,,,0.0,,,,,0.0,0.3574989733059548,0.0,0.0,0.10724969199178644,0.0,0.0,0.0,0.0,6.284119501832392,3.929240832037351,-0.5741828752112319,-274.6319670692314,-0.5682675982665648,23.67372974306359,36.752414388008184,,357.52202952958936,100.0,DE
1975-04-01,6.0658845298895425,7.703140285677179,6.0658845298895425,7.344767034805932,13.975131778676886,5.918345930610114,,,,,0.0,,,,,0.0,0.357129363449692,0.0,0.0,0.10713880903490759,0.0,0.0,0.0,0.0,6.2404725074438225,3.2966736072200433,-0.33194372276978523,-273.06396919598143,-0.17458797755428002,24.515456915812162,37.467045945767616,,357.52202952958936,100.0,DE
1975-07-01,5.9037139493540725,3.0401538795192806,5.9037139493540725,6.552565612194794,5.9639526424371425,5.437707261129399,,,,,0.0,,,,,0.0,0.3567556468172484,0.0,0.0,0.10702669404517452,0.0,0.0,0.0,0.0,6.173120795825873,3.5243881483023074,-0.5673776437876796,-272.33301950525197,-0.26940684647180024,24.883718018515022,37.752894813138006,,398.2300998843599,100.0,DE
1975-10-01,5.290484673548512,3.017221724136121,5.290484673548512,6.77852947573474,0.0,4.752622087507685,,,,,0.0,,,,,0.0,0.35637782340862423,0.0,0.0,0.10691334702258727,0.0,0.0,0.0,0.0,5.996593571370401,5.286599338348765,-1.1357017278505213,-273.08732493628594,-0.7061088978218883,24.883718018515022,38.03874368050841,,398.2300998843599,100.0,DE
1976-01-01,5.090407870282565,6.601115591797679,5.090407870282565,6.2452840198225505,5.042051658176172,4.57034717079603,,,,,0.0,,,,,0.0,0.356,0.0,0.0,0.10679999999999999,0.0,0.0,0.0,0.0,5.815356431152834,6.475572306052641,-1.193711631549827,-273.47709091969136,-0.7249485608702688,25.199365708295737,38.67169742663812,,398.2300998843599,100.0,DE
1976-04-01,4.215078782566906,4.201823934814541,4.215078782566906,6.037239232686364,13.142952630132143,3.786971119599647,,,,,0.0,,,,,0.0,0.3556262833675565,0.0,0.0,0.10668788501026694,0.0,0.0,0.0,0.0,5.495300901435648,4.807275008092347,-2.025393724876917,-271.241808745862,-1.2802221188687426,26.041103810295024,39.080067706119806,,398.2300998843599,100.0,DE
1976-07-01,3.71593317540726,1.0435714508806981,3.71593317540726,6.1494814788901735,6.412921627252377,3.620783289545404,,,,,0.0,,,,,0.0,0.3552525667351129,0.0,0.0,0.10657577002053387,0.0,0.0,0.0,0.0,5.13942735622997,4.225381466765498,-2.4571876204186127,-269.8994712017691,-1.4234941808227104,26.461967396669312,39.18215792865687,,423.8937434849034,100.0,DE
1976-10-01,3.636761772415431,2.7005361121688054,3.636761772415431,6.744107073715233,2.37850237930024,3.6863839486397154,,,,,0.0,,,,,0.0,0.35487474332648866,0.0,0.0,0.1064624229979466,0.0,0.0,0.0,0.0,4.838894239467063,5.128556069687761,-2.3598317989549695,-269.9799796349862,-1.2021324670516318,26.619785776934314,39.447584995786485,,423.8937434849034,100.0,DE
1977-01-01,3.731028877566267,6.978184012401023,3.731028877566267,7.440632104634171,7.828151781851922,3.6859359507684264,,,,,0.0,,,,,0.0,0.3544969199178645,0.0,0.0,0.10634907597535934,0.0,0.0,0.0,0.0,4.617321167086904,5.529768455304179,-2.084327553586567,-269.7674876926235,-0.8862922895206369,27.14587618915288,40.14180414263857,,423.8937434849034,100.0,DE
1977-04-01,3.7430550711756716,4.24992870925216,3.7430550711756716,7.3963587580123225,12.96585924364475,3.7441097804624235,,,,,0.0,,,,,0.0,0.35412731006160164,0.0,0.0,0.10623819301848049,0.0,0.0,0.0,0.0,4.442467947904658,3.8351405060292905,-1.7522458302599766,-267.58850505902535,-0.699412876728986,28.040216774823598,40.57057744369416,,423.8937434849034,100.0,DE
1977-07-01,3.783656701753779,1.2059779731931286,3.783656701753779,7.467594564358526,6.697864852637192,3.7253582926485507,,,,,0.0,,,,,0.0,0.3537535934291581,0.0,0.0,0.10612607802874742,0.0,0.0,0.0,0.0,4.310705698674482,3.0625718562113207,-1.3557706544761912,-266.2155333391643,-0.5270489969207031,28.513693774120025,40.69308007713857,,456.6371713955314,100.0,DE
1977-10-01,3.409133913631024,1.2024449596777842,3.409133913631024,6.872968969533466,0.0,3.4150762421600867,,,,,0.0,,,,,0.0,0.3533757700205339,0.0,0.0,0.10601273100616017,0.0,0.0,0.0,0.0,4.13039134166579,3.9995426206041316,-1.429760325836039,-266.51614457908374,-0.7212574280347663,28.513693774120025,40.81559209991643,,456.6371713955314,100.0,DE
1978-01-01,2.956841270258037,5.169013438909076,2.956841270258037,4.915931024070486,0.0,3.166604197627043,,,,,0.0,,,,,0.0,0.35299794661190964,0.0,0.0,0.10589938398357289,0.0,0.0,0.0,0.0,3.8956813273842394,5.722799573291297,-1.6604798968288668,-267.808397938811,-0.9388400571262023,28.513693774120025,41.34645562350907,,456.6371713955314,100.0,DE
1978-04-01,2.828271669753457,3.73565030723384,2.828271669753457,4.762812150470319,12.353383749244085,3.1047593405713503,,,,,0.0,,,,,0.0,0.3526283367556468,0.0,0.0,0.10578850102669404,0.0,0.0,0.0,0.0,3.682199395858083,3.644885610795484,-1.6141962781512005,-265.6539645783085,-0.8539277261046259,29.408034359790744,41.73440410274998,,456.6371713955314,100.0,DE
1978-07-01,2.4778324298202925,-0.19577898653952985,2.4778324298202925,5.037003930118478,7.794631971229826,2.807363890859005,,,,,0.0,,,,,0.0,0.35225462012320324,0.0,0.0,0.10567638603696097,0.0,0.0,0.0,0.0,3.441326002650525,1.8904976243239844,-1.8328732688541898,-263.65636183886613,-0.9634935728302323,29.98671632643003,41.713982302509194,,479.64605674637687,100.0,DE
1978-10-01,2.4704860892222236,1.1730595972855085,2.4704860892222236,4.6855119010590585,-1.405968116237677,2.739277417046937,,,,,0.0,,,,,0.0,0.35187679671457905,0.0,0.0,0.10556303901437371,0.0,0.0,0.0,0.0,3.2471580199648646,2.984528405944843,-1.6599052524435667,-264.3011187672469,-0.7766719307426411,29.88150042983646,41.83649432528705,,479.64605674637687,100.0,DE
1979-01-01,2.8719613590632243,6.774914518273079,2.8719613590632243,5.91038460420148,4.8994908125696846,2.6130053380892804,,,,,0.0,,,,,0.0,0.3514989733059548,0.0,0.0,0.10544969199178644,0.0,0.0,0.0,0.0,3.1721186877845367,3.687887498760233,-1.0237199683210152,-264.76997469367274,-0.3001573287213124,30.249761532539313,42.55112588304647,,479.64605674637687,100.0,DE
1979-04-01,3.225311293716082,5.1490500458452715,3.225311293716082,5.566654362216372,10.978462781303655,2.5163956828052836,,,,,0.0,,,,,0.0,0.351129363449692,0.0,0.0,0.1053388090349076,0.0,0.0,0.0,0.0,3.1827572089708456,2.298466772068082,-0.4568881021420008,-263.3126215098082,0.04255408474523659,31.0914996345386,43.10241120687992,,479.64605674637687,100.0,DE
1979-07-01,4.545158478134992,5.083609751136109,4.545158478134992,4.628099432279953,4.040412251484149,3.5443708921877537,,,,,0.0,,,,,0.0,0.3507556468172484,0.0,0.0,0.10522669404517453,0.0,0.0,0.0,0.0,3.455237462803675,2.7496364258306585,1.103832475484467,-263.57342088472114,1.089921015331317,31.407147324319315,43.65369653071337,,508.8495005782005,100.0,DE
1979-10-01,5.1830007563058,3.724428709968741,5.1830007563058,4.979591461339372,0.0,4.334771940634852,,,,,0.0,,,,,0.0,0.3503778234086242,0.0,0.0,0.10511334702258726,0.0,0.0,0.0,0.0,3.8007901215041,3.8079461277983455,1.9358427363409354,-264.50452806221335,1.3822106348017003,31.407147324319315,44.062057420861606,,508.8495005782005,100.0,DE
1980-01-01,5.371347549507988,7.528301691081829,5.371347549507988,4.422496587770008,2.6711113182922297,4.798518458911705,,,,,0.0,,,,,0.0,0.35,0.0,0.0,0.105,0.0,0.0,0.0,0.0,4.114901607104877,5.175320623971459,2.199228861723451,-265.71882565541074,1.2564459424031105,31.61757911750646,44.89919161206546,,508.8495005782005,100.0,DE
1980-04-01,5.752668549645978,6.6743340463972345,5.752668549645978,6.707311921973713,20.117724118118474,5.589932162249811,,,,,0.0,,,,,0.0,0.3478408468698667,0.0,0.0,0.10435225406096,0.0,0.0,0.0,0.0,4.442454995613097,1.7819707793209432,2.569911340675133,-262.3579781374804,1.310213554032881,33.24843097933218,45.65465738097302,,508.8495005782005,100.0,DE
1980-07-01,5.061483110951492,2.318867996358165,5.061483110951492,6.955111733394226,5.0316114971662,5.267944452940654,,,,,0.0,,,,,0.0,0.3456816937397335,0.0,0.0,0.10370450812192004,0.0,0.0,0.0,0.0,4.566260618680777,1.3665417464414986,1.6062456481478176,-261.6797922622784,0.4952224922707158,33.66930549495717,45.92009383743607,,531.8583859290459,100.0,DE
1980-10-01,5.0157309096754865,3.5414199048647177,5.0157309096754865,7.111222572309428,0.6244433556608087,4.9220835935260165,,,,,0.0,,,,,0.0,0.34349881365212626,0.0,0.0,0.10304964409563787,0.0,0.0,0.0,0.0,4.656154676879718,2.4882407541936686,1.2149407881713867,-262.4090363995794,0.3595762327957681,33.7219079786286,46.32845472758432,,531.8583859290459,100.0,DE
1981-01-01,5.571731532422497,9.75230418206987,5.571731532422497,6.910384846514939,1.8677604151142724,5.257381374713432,,,,,0.0,,,,,0.0,0.34131593356451906,0.0,0.0,0.10239478006935572,0.0,0.0,0.0,0.0,4.839270047988274,4.801538659508196,1.4568299253176198,-264.3801723413183,0.7324614844342232,33.87973728814432,47.471859586399354,,531.8583859290459,100.0,DE
1981-04-01,5.651231874329721,6.99233541402613,5.651231874329721,3.5746097936076193,6.774623906489197,5.277370796334413,,,,,0.0,,,,,0.0,0.3391805073918598,0.0,0.0,0.10175415221755793,0.0,0.0,0.0,0.0,5.001662413256563,4.953445359318778,1.2087768787166233,-264.43460021820255,0.6495694610731579,34.45843018403432,48.30900316693664,,531.8583859290459,100.0,DE
1981-07-01,6.456643105723359,5.5405129219327165,6.456643105723359,4.879016416943194,10.249237990508497,5.743740043172485,,,,,0.0,,,,,0.0,0.3370213542617266,0.0,0.0,0.10110640627851797,0.0,0.0,0.0,0.0,5.292658551749922,3.8073873827412967,1.890382487042582,-263.2574189510586,1.163984553973437,35.35277076970504,48.98280051354793,,569.9115141865942,100.0,DE
1981-10-01,6.896357865720448,5.300278944853076,6.896357865720448,5.020080690499995,1.1887004498880138,6.153845712200523,,,,,0.0,,,,,0.0,0.3348384741741193,0.0,0.0,0.10045154225223579,0.0,0.0,0.0,0.0,5.613398414544027,4.974170654196314,2.24020318884073,-264.2853135747999,1.2829594511764215,35.4579866662986,49.63617605991844,,569.9115141865942,100.0,DE
1982-01-01,5.72540614270638,5.068497290013596,5.72540614270638,5.292222186836648,2.9563264004608847,5.303440917002966,,,,,0.0,,,,,0.0,0.33265559408651213,0.0,0.0,0.09979667822595363,0.0,0.0,0.0,0.0,5.635799960176497,5.445862521184324,0.8861360947181058,-264.813356297188,0.08960618252988262,35.72102094315718,50.26912980604816,,569.9115141865942,100.0,DE
1982-04-01,5.228591268636018,5.0050759177446835,5.228591268636018,5.927653462969973,9.316349011022496,4.666861422776902,,,,,0.0,,,,,0.0,0.33052016791385286,0.0,0.0,0.09915605037415585,0.0,0.0,0.0,0.0,5.554358221868402,4.2638859191180245,0.22692885537945529,-263.73553802386857,-0.32576695323238347,36.56275904515646,50.90208355217788,,569.9115141865942,100.0,DE
1982-07-01,4.960353265415485,4.467560909050583,4.960353265415485,4.224942611557125,3.4383945848571074,4.511777272716833,,,,,0.0,,,,,0.0,0.32836101478371965,0.0,0.0,0.09850830443511589,0.0,0.0,0.0,0.0,5.435557230577818,4.522056131708382,-0.3323052863344369,-263.99282960491695,-0.47520396516233365,36.87840673493718,51.47379067625211,,600.8848581340579,100.0,DE
1982-10-01,4.543488619723801,3.632820362086342,4.543488619723801,4.070333087399658,0.5702623532581441,4.247933532082282,,,,,0.0,,,,,0.0,0.3261781346961124,0.0,0.0,0.09785344040883372,0.0,0.0,0.0,0.0,5.257143508407015,5.210650483926088,-1.0699097948202256,-264.75846910712403,-0.7136548886832141,36.93102014785932,51.94340757778928,,600.8848581340579,100.0,DE
1983-01-01,3.981425007485706,2.8202428410612157,3.981425007485706,3.4735845638546925,0.5693323062810229,4.278158234434093,,,,,0.0,,,,,0.0,0.3239952546085052,0.0,0.0,0.09719857638255155,0.0,0.0,0.0,0.0,5.001999808222753,5.498971998352431,-1.654374952690791,-265.321196740819,-1.0205748007370472,36.98362263153075,52.310934256789395,,600.8848581340579,100.0,DE
1983-04-01,3.2362757296812816,2.024478806526986,3.2362757296812816,3.39495865738364,9.001845385138285,3.777900022639713,,,,,0.0,,,,,0.0,0.32185982843584593,0.0,0.0,0.09655794853075378,0.0,0.0,0.0,0.0,4.648854992514459,3.47123226349305,-2.31808249218712,-263.57685509616624,-1.4125792628331775,37.82536073353003,52.57636132391901,,600.8848581340579,100.0,DE
1983-07-01,3.085578482468909,3.8647719202010933,3.085578482468909,3.0901428581805668,2.219131388044815,3.7024281571785167,,,,,0.0,,,,,0.0,0.3197006753057127,0.0,0.0,0.09591020259171382,0.0,0.0,0.0,0.0,4.3361996905053495,3.7958608023621423,-2.349978748108909,-263.9882652292053,-1.2506212080364403,38.03579252671718,53.08681243660431,,622.1238433692633,100.0,DE
1983-10-01,2.6761320307347347,1.995034555149644,2.6761320307347347,3.0857790523632023,0.5528071299886861,3.274420884914786,,,,,0.0,,,,,0.0,0.31751779521810547,0.0,0.0,0.09525533856543164,0.0,0.0,0.0,0.0,4.004186158551226,4.054377673845693,-2.5810114776722806,-264.3488220854955,-1.3280541278164915,38.088395010388616,53.352248893067355,,622.1238433692633,100.0,DE
1984-01-01,2.809488962483453,3.3536705680560885,2.809488962483453,2.805244193295775,-0.5528071299886861,2.849160266057016,,,,,0.0,,,,,0.0,0.3153349151304983,0.0,0.0,0.09460047453914948,0.0,0.0,0.0,0.0,3.7652467193376715,4.754198507780643,-2.1925108457393003,-265.32544151000667,-0.9557577568542186,38.03579252671718,53.80144399436375,,622.1238433692633,100.0,DE
1984-04-01,2.7955192846757626,1.9686000952962246,2.7955192846757626,1.381228510866861,3.305782655422629,2.8411610288912037,,,,,0.0,,,,,0.0,0.313175762000365,0.0,0.0,0.0939527286001095,0.0,0.0,0.0,0.0,3.5713012324052897,3.942162019777925,-1.8533357078386965,-264.9911458699751,-0.7757819477295271,38.35144021649789,54.06688045082679,,622.1238433692633,100.0,DE
1984-07-01,1.8670905407804028,0.15105694461965413,1.8670905407804028,2.459124608846941,6.530715779965135,1.9647631272576405,,,,,0.0,,,,,0.0,0.3110166088702318,0.0,0.0,0.09330498266106954,0.0,0.0,0.0,0.0,3.230459094080312,2.136081840030272,-2.4691091497249467,-263.39623116113876,-1.3633685532999094,38.98273559605932,54.087302251067584,,639.8230283731885,100.0,DE
1984-10-01,2.045522817536316,2.708763662173297,2.045522817536316,2.5904630705009923,1.0781609766048916,2.198499559425926,,,,,0.0,,,,,0.0,0.30883372878262455,0.0,0.0,0.09265011863478737,0.0,0.0,0.0,0.0,2.993471838771513,2.529373979196066,-1.9586633410149101,-263.8038818325308,-0.9479490212351971,39.08795149265289,54.454819540734256,,639.8230283731885,100.0,DE
1985-01-01,2.2886122719921076,4.326028385879255,2.2886122719921076,3.131631795755596,1.6118677710297291,2.2766101439331443,,,,,0.0,,,,,0.0,0.30665084869501735,0.0,0.0,0.0919952546085052,0.0,0.0,0.0,0.0,2.852499925415632,3.030118918188066,-1.476634447345564,-264.48242198624325,-0.5638876534235244,39.2457808021686,55.04694846504928,,639.8230283731885,100.0,DE
1985-04-01,2.277486541019602,1.9240971714062027,2.277486541019602,5.471684612600924,12.665993922803942,2.3515787082009965,,,,,0.0,,,,,0.0,0.3045154225223581,0.0,0.0,0.09135462675670743,0.0,0.0,0.0,0.0,2.737497248536426,0.05451915202939972,-1.2938146913856876,-261.7969477983938,-0.4600107075168238,40.50838249054218,55.31237553217888,,639.8230283731885,100.0,DE
1985-07-01,2.0549814548074252,-0.7389634002290535,2.0549814548074252,4.48623953751035,2.5889354796028385,2.1731474401016193,,,,,0.0,,,,,0.0,0.3023562693922248,0.0,0.0,0.09070688081766744,0.0,0.0,0.0,0.0,2.6009940897906256,-0.7536397845969987,-1.175477639272887,-260.96497307843583,-0.5460126349832004,40.77141676740076,55.21028530964182,,660.1769716268117,100.0,DE
1985-10-01,1.5625313893213644,0.7389634002290535,1.5625313893213644,4.474429773309807,1.0309219198027186,1.6666272224662215,,,,,0.0,,,,,0.0,0.3001733893046176,0.0,0.0,0.09005201679138529,0.0,0.0,0.0,0.0,2.3933015496967736,-0.7235920273452621,-1.4309404494501488,-260.8919834485424,-0.8307701603754092,40.87663266399432,55.31237553217888,,660.1769716268117,100.0,DE
1986-01-01,0.7390860646829367,1.032247087325544,0.7390860646829367,4.456830662685296,1.541471328531685,1.3615340436620826,,,,,0.0,,,,,0.0,0.29799050921701037,0.0,0.0,0.08939715276510311,0.0,0.0,0.0,0.0,2.062458452694006,-0.8249014392865206,-2.1134138607326953,-260.7646773882409,-1.3233723880110695,41.03446197351005,55.45529996586407,,660.1769716268117,100.0,DE
1986-04-01,0.0,-1.032247087325544,0.0,1.8018389873157181,2.0460272213256303,0.7704353388700014,,,,,0.0,,,,,0.0,0.29585508304435115,0.0,0.0,0.08875652491330534,0.0,0.0,0.0,0.0,1.649966762155205,-1.6236353207336833,-2.737497248536426,-259.99510881107807,-1.649966762155205,41.244893766697174,55.31237553217888,,660.1769716268117,100.0,DE
1986-07-01,-0.3333892041069042,-2.0725202166566703,-0.3333892041069042,3.922085749412596,11.06992252799035,0.7249223837304086,,,,,0.0,,,,,0.0,0.2936959299142179,0.0,0.0,0.08810877897426536,0.0,0.0,0.0,0.0,1.2532955689027832,-4.789987003839656,-2.93438329389753,-256.7094981249163,-1.5866847730096874,42.40227955847718,55.026526664808486,,690.2654574402176,100.0,DE
1986-10-01,-0.9271362018503204,-1.6360245907446114,-0.9271362018503204,4.035857495325468,1.4860089034542057,0.49743140498712535,,,,,0.0,,,,,0.0,0.2915130498266107,0.0,0.0,0.0874539149479832,0.0,0.0,0.0,0.0,0.8172092147521623,-5.093652130015499,-3.320437751547094,-255.92898975136663,-1.7443454166024828,42.56009793874219,54.80192441949357,,690.2654574402176,100.0,DE
1987-01-01,-0.5167912258475127,2.673626991336775,-0.5167912258475127,4.266643453959551,2.464615163068018,0.7656293443474738,,,,,0.0,,,,,0.0,0.28933016973900344,0.0,0.0,0.08679905092170102,0.0,0.0,0.0,0.0,0.5504091266322273,-4.541570823380681,-2.579249678541519,-255.98124270843377,-1.06720035247974,42.82314314485147,55.16945109849369,,690.2654574402176,100.0,DE
1987-04-01,0.03691403780932134,1.182573967301792,0.03691403780932134,4.976145296046686,4.884034589674169,1.1836528597833684,,,,,0.0,,,,,0.0,0.2871947435663442,0.0,0.0,0.08615842306990326,0.0,0.0,0.0,0.0,0.4477101088676461,-5.014933320076295,-1.6130527243458836,-255.05587755284068,-0.4107960710583248,43.34922262781933,55.33279733241967,,690.2654574402176,100.0,DE
1987-07-01,0.5181300541641676,-0.14765615123728537,0.5181300541641676,3.5347882947839304,5.304494522939329,1.3012773455765014,,,,,0.0,,,,,0.0,0.28503559043621096,0.0,0.0,0.08551067713086329,0.0,0.0,0.0,0.0,0.4617940979269504,-5.769125999216925,-0.7351655147386156,-253.69283988429655,0.056335956237217155,43.92791552370932,55.31237553217888,,720.3539432536234,100.0,DE
1987-10-01,0.9640502396596418,0.14765615123728537,0.9640502396596418,3.6411812058157134,1.9115805475813374,1.5465633177254468,,,,,0.0,,,,,0.0,0.28285271034860376,0.0,0.0,0.08485581310458112,0.0,0.0,0.0,0.0,0.5622453262734887,-5.439231509076336,0.1468410249074794,-253.2518587852105,0.4018049133861531,44.13834731689647,55.33279733241967,,720.3539432536234,100.0,DE
1988-01-01,0.9576586037701951,2.648060447778988,0.9576586037701951,3.6192147946464637,2.3767495183910192,1.5654919618617313,,,,,0.0,,,,,0.0,0.2806698302609965,0.0,0.0,0.08420094907829895,0.0,0.0,0.0,0.0,0.6413279817728299,-4.6207810422622515,0.4072494771379678,-253.3196865175575,0.31633062199736517,44.401392523005754,55.70032401141978,,720.3539432536234,100.0,DE
1988-04-01,1.1374102877928394,1.9015807033923693,1.1374102877928394,4.7402427985339335,9.368146605224048,1.5880502618135672,,,,,0.0,,,,,0.0,0.2785106771308633,0.0,0.0,0.08355320313925899,0.0,0.0,0.0,0.0,0.7405444429768318,-5.864181913526409,0.6897001789251933,-251.45304504209963,0.3968658448160076,45.453562418192185,55.965751078549395,,720.3539432536234,100.0,DE
1988-07-01,1.28371714438682,0.43757127513863736,1.28371714438682,4.335778722222217,3.6866382176924617,1.8245739663784732,,,,,0.0,,,,,0.0,0.27635152400073004,0.0,0.0,0.08290545720021901,0.0,0.0,0.0,0.0,0.8491789832588295,-5.806261760403231,0.8219230464598697,-250.64077830646113,0.4345381611279906,45.874426004566466,56.02700708993832,,746.9026288357489,100.0,DE
1988-10-01,1.6831649300801388,1.7454472940105603,1.6831649300801388,4.201315753444623,1.373728672470964,2.125162953089621,,,,,0.0,,,,,0.0,0.27416864391312284,0.0,0.0,0.08225059317393685,0.0,0.0,0.0,0.0,1.0159761726230914,-4.708974239554379,1.1209196038066502,-250.73370796184605,0.6671887574570474,46.03224438483147,56.272021746160576,,746.9026288357489,100.0,DE
1989-01-01,2.390546510641034,5.477586770022569,2.390546510641034,3.721359971230531,0.4569263895346509,2.49974064501135,,,,,0.0,,,,,0.0,0.2719857638255156,0.0,0.0,0.08159572914765467,0.0,0.0,0.0,0.0,1.29089024022668,-2.5435218619289515,1.749218528868204,-251.98887305696803,1.099656270414354,46.08485779775362,57.047909315308935,,746.9026288357489,100.0,DE
1989-04-01,2.841405692069632,3.7050174291067606,2.841405692069632,3.8597285039089657,9.921620735937786,2.9356301071698176,,,,,0.0,,,,,0.0,0.2698503376528564,0.0,0.0,0.08095510129585691,0.0,0.0,0.0,0.0,1.6009933305952704,-3.39033035324303,2.1008612490928,-250.43472223026026,1.2404123614743614,47.242243589533615,57.578772838901585,,746.9026288357489,100.0,DE
1989-07-01,2.767474170097106,0.1418451872485349,2.767474170097106,4.155552270997975,4.8699332860485,2.679931990103146,,,,,0.0,,,,,0.0,0.2676911845227231,0.0,0.0,0.08030735535681693,0.0,0.0,0.0,0.0,1.8342894984956375,-3.680280179349978,1.9182951868382767,-249.25270020556033,0.9331846716014687,47.8209255561729,57.59919463914238,,775.2212145335149,100.0,DE
1989-10-01,2.9671451343522115,2.5441311510309816,2.9671451343522115,4.360675757120291,2.1942226169602286,2.5608987803423133,,,,,0.0,,,,,0.0,0.26550830443511586,0.0,0.0,0.07965249133053476,0.0,0.0,0.0,0.0,2.0608606256669524,-2.6461020698783386,1.9511689617291201,-249.34017733907802,0.9062845086852591,48.083970762282185,57.96671192880904,,775.2212145335149,100.0,DE
1990-01-01,2.6837722485428372,4.344095226785072,2.6837722485428372,4.6831233032714525,1.7467165741392954,2.4519859404873223,,,,,0.0,,,,,0.0,0.26332542434750866,0.0,0.0,0.0789976273042526,0.0,0.0,0.0,0.0,2.1854429502421295,-1.164020379361176,1.3928820083161573,-249.98952200223945,0.4983292983007077,48.29440255546933,58.599675064272205,,775.2212145335149,100.0,DE
1990-04-01,2.27880590981151,2.085152074181451,2.27880590981151,3.393856616986768,4.7645539907990475,2.128121486382817,,,,,0.0,,,,,0.0,0.26118999817484945,0.0,0.0,0.07835699945245483,0.0,0.0,0.0,0.0,2.2041155421560057,-1.1897779783523958,0.6778125792162395,-249.31967152308508,0.07469036765550419,48.87309545135934,58.9059457318834,,775.2212145335149,100.0,DE
1990-07-01,2.6929430384772246,1.7983937019113938,2.6929430384772246,5.458839740361543,13.1298657795476,2.533594895158675,,,,,0.0,,,,,0.0,0.2590308450447162,0.0,0.0,0.07770925351341486,0.0,0.0,0.0,0.0,2.3018810414202493,-3.191096678921866,0.8586535399815871,-246.48680350367601,0.3910619970569753,50.50395824243576,59.17138218834645,,812.389300809481,100.0,DE
1990-10-01,2.9842725133358172,3.709449050465352,2.9842725133358172,5.636789743829018,2.9060226308301296,2.861030581201085,,,,,0.0,,,,,0.0,0.25684796495710893,0.0,0.0,0.07705438948713268,0.0,0.0,0.0,0.0,2.438359335803363,-1.8890335853926103,0.9234118876688648,-246.68766010858474,0.5459131775324542,50.87220841588791,59.72266751217989,,812.389300809481,100.0,DE
1991-01-01,2.8028664130727243,3.6184708257327003,2.8028664130727243,3.7454117756272387,-5.818795298667823,2.639307321781992,,,,,0.0,,,,,0.0,0.25466508486950173,0.0,0.0,0.07639952546085052,0.0,0.0,0.0,0.0,2.511260751257235,1.4537022096802446,0.6174234628305948,-249.04697663968486,0.2916056618154892,50.13752764994881,60.265380374578925,,812.389300809481,100.0,DE
1991-04-01,3.2458950768468497,3.8572667292779528,3.2458950768468497,7.524637211246521,19.881455733276177,3.081821402523932,,,,,0.0,,,,,0.0,0.2525296586968425,0.0,0.0,0.07575889760905276,0.0,0.0,0.0,0.0,2.658187616375158,-1.9714623515155267,1.041779534690844,-245.04092938868536,0.5877074604716919,52.692515358946196,60.84934057879765,,812.389300809481,100.0,DE
1991-07-01,4.4146242503591,6.473310395960397,4.4146242503591,5.625562989611832,5.5335688930088445,4.0220103921858374,,,,,0.0,,,,,0.0,0.25037050556670926,0.0,0.0,0.07511115167001277,0.0,0.0,0.0,0.0,3.0094749431719463,-0.816944122327925,2.112743208938851,-245.27586476442323,1.4051493071871541,53.42652492827466,61.84209358250301,,843.3936207218933,100.0,DE
1991-10-01,5.358217635475704,7.483822590931766,5.358217635475704,6.406947063312818,6.031558925634073,5.341980630350651,,,,,0.0,,,,,0.0,0.24818762547910203,0.0,0.0,0.0744562876437306,0.0,0.0,0.0,0.0,3.479223481632698,0.431006751836037,2.919858299672341,-245.6389306807477,1.878994153843006,54.23824253455939,63.01002338027388,,843.3936207218933,100.0,DE
1992-01-01,5.742758233223011,5.156633216721929,5.742758233223011,10.84252479374943,11.923515623078629,5.960601951026145,,,,,0.0,,,,,0.0,0.2460047453914948,0.0,0.0,0.07380142361744844,0.0,0.0,0.0,0.0,3.9319304319507604,-0.5366434793886015,3.231497481965776,-243.94721007915848,1.8108278012722505,55.87935716728279,63.8275808112469,,843.3936207218933,100.0,DE
1992-04-01,5.915587094381003,4.548582173909921,5.915587094381003,8.269689153869741,9.59011317375742,6.1383780767062746,,,,,0.0,,,,,0.0,0.24384559226136154,0.0,0.0,0.07315367767840845,0.0,0.0,0.0,0.0,4.328661764436809,-1.003933725778694,3.257399478005845,-242.68682732919666,1.5869253299441937,57.23526981099714,64.557535761187,,843.3936207218933,100.0,DE
1992-07-01,4.838535338040373,2.165103370597876,4.838535338040373,10.398318619174862,14.048086754229328,5.718029113094758,,,,,0.0,,,,,0.0,0.24168643913122834,0.0,0.0,0.07250593173936849,0.0,0.0,0.0,0.0,4.430636479157522,-3.077766833086173,1.8290603948684265,-239.71608148328883,0.4078988588828505,59.28109961555086,64.9079175173183,,939.9804013865177,100.0,DE
1992-10-01,3.2819725986517945,1.2575716333774523,3.2819725986517945,8.628547620997562,-1.047525067075128,4.128922974198623,,,-1.0399766332891929,2.812311358841435,0.0,,,,,0.0,0.23950355904362108,0.0,0.0,0.07185106771308632,0.0,0.0,0.0,0.0,4.200903703056377,-1.4023160764333227,-0.19725088298090343,-240.29235565840193,-0.9189311044045825,59.126056623807976,65.1123045277282,,939.9804013865177,100.0,DE
1993-01-01,4.560467951980129,10.270614630035269,4.560467951980129,5.180543112048075,-1.8685024127193195,5.568873274095942,,,-1.1895969882929078,2.122913313356598,0.0,,,,,0.0,0.2373206789560139,0.0,0.0,0.07119620368680417,0.0,0.0,0.0,0.0,4.272816552841127,2.5394134976971543,0.628537520029369,-243.32713491909055,0.2876513991390022,58.850507755877295,66.80581165436271,,939.9804013865177,100.0,DE
1993-04-01,4.293653940431241,3.481326127714368,4.293653940431241,4.792139326986944,8.036498033512895,5.301247212444782,,,-1.2496292765878119,1.8121870076071467,0.0,,,,,0.0,0.23518525278335461,0.0,0.0,0.07055557583500638,0.0,0.0,0.0,0.0,4.27698403035915,1.8796917535417776,-0.03500782400556801,-242.1883419426409,0.016669910072090843,60.04484542080307,67.38978124791487,,939.9804013865177,100.0,DE
1993-07-01,4.4432164606837965,2.763353451608097,4.4432164606837965,2.085144892900903,3.2201090178851643,5.416699914363665,,,-1.4072265955710366,1.6730777900162863,0.0,,,,,0.0,0.2330260996532214,0.0,0.0,0.06990782989596642,0.0,0.0,0.0,0.0,4.310230516424079,2.3677869350019023,0.012579981526274153,-242.07415305107168,0.13298594425971721,60.53017368268825,67.85694753342315,,989.9599191266043,100.0,DE
1993-10-01,4.2148385550124345,0.3440600106920044,4.2148385550124345,3.1086782113603384,3.0466082067626132,5.089321180730622,,,-1.563417692935416,1.5625730373320823,0.0,,,,,0.0,0.23084321956561416,0.0,0.0,0.06925296586968424,0.0,0.0,0.0,0.0,4.2911521241417505,2.201436482724006,0.013934851956057592,-241.39851600205398,-0.07631356912931597,60.992963178024674,67.91533979811165,,989.9599191266043,100.0,DE
1994-01-01,2.9287189646978184,5.126136268776804,2.9287189646978184,4.282467141091462,2.8266533062051735,3.212990050708431,,,-1.687929548547876,1.406509571897896,0.0,,,,,0.0,0.22866033947800696,0.0,0.0,0.06859810184340208,0.0,0.0,0.0,0.0,4.018665492252964,3.2494578782154235,-1.3440975881433088,-241.97338674269693,-1.0899465275551457,61.42550458633852,68.79129888310658,,989.9599191266043,100.0,DE
1994-04-01,2.7351985407333856,2.707244431856637,2.7351985407333856,2.0636599423446755,-0.838730761474249,2.8698869823459816,,,-1.628922474194753,1.2954279758806364,0.0,,,,,0.0,0.22652491330534769,0.0,0.0,0.0679574739916043,0.0,0.0,0.0,0.0,3.7619721019490484,4.410757649537686,-1.5417854896257648,-242.85988054102964,-1.0267735612156628,61.29684087565559,69.25846516861486,,989.9599191266043,100.0,DE
1994-07-01,2.5489893729821134,2.018516780603008,2.5489893729821134,1.9792608304037396,2.8825125701214205,2.433770873343022,,,-1.4275160544848458,1.191729060956992,0.0,,,,,0.0,0.22436576017521445,0.0,0.0,0.06730972805256433,0.0,0.0,0.0,0.0,3.5193755561556612,4.309100234518752,-1.761241143441966,-242.64388159364998,-0.9703861831735479,61.74015857907959,69.60884692474615,,1033.2754953423437,100.0,DE
1994-10-01,2.4210291843207443,-0.16778074395347176,2.4210291843207443,2.34689752193189,4.517154972875215,2.320564487456789,,,-1.1829210015064788,1.3550272758085513,0.0,,,,,0.0,0.22218288008760723,0.0,0.0,0.06665486402628217,0.0,0.0,0.0,0.0,3.2997062817886778,3.2745675039285516,-1.8701229398210062,-241.47264766444283,-0.8786770974679334,62.4413349411265,69.57965548706864,,1033.2754953423437,100.0,DE
1995-01-01,2.0584632036366735,3.6758723460405207,2.0584632036366735,2.462609122682524,3.2894997092077105,2.2762199154475304,,,-0.9885502831473749,1.6037779597355306,0.0,,,,,0.0,0.22,0.0,0.0,0.066,0.0,0.0,0.0,0.0,3.051457666158277,3.5232181048014866,-1.9602022886162906,-241.56924082365103,-0.9929944625216036,62.95695407926867,70.2220173453093,,1033.2754953423437,100.0,DE
1995-04-01,1.7137419446441982,1.3283593958867357,1.7137419446441982,3.780510017116301,4.432872816260858,1.999753588918729,,,-0.9023259530911067,1.7850379597526667,0.0,,,,,0.0,0.21885015513779887,0.0,0.0,0.06565504654133966,0.0,0.0,0.0,0.0,2.7839145218554613,2.7670617357593414,-2.0482301573048503,-240.79311246855752,-1.0701725772112631,63.658534847637725,70.45560518273015,,1033.2754953423437,100.0,DE
1995-07-01,1.5401034110701595,1.3239626463068532,1.5401034110701595,3.843205221291379,3.133293386821734,2.1137293850593153,,,-1.0118450004338984,1.8499883139023954,0.0,,,,,0.0,0.21768753422157328,0.0,0.0,0.06530626026647197,0.0,0.0,0.0,0.0,2.535152299698401,2.4687887086039666,-1.9792721450855018,-240.34077978342881,-0.9950488886282414,64.15914515219988,70.689193020151,,1059.0369318019332,100.0,DE
1995-10-01,1.4580587728199035,-0.4959592969544957,1.4580587728199035,3.2630431041607455,2.19650650435268,2.0001993360136083,,,-1.1186997206462408,1.78286493727835,0.0,,,,,0.0,0.21651213725132323,0.0,0.0,0.06495364117539697,0.0,0.0,0.0,0.0,2.3197335943227015,1.9589798414925212,-1.8416475089687743,-239.66766333310198,-0.8616748215027981,64.51242920194896,70.60159992845155,,1059.0369318019332,100.0,DE
1996-01-01,1.4704091786241769,3.7252739692576142,1.4704091786241769,1.9960422975608294,-1.7785035171919539,1.6452613962505858,,,-1.0855536861506039,1.4811076290298875,0.0,,,,,0.0,0.2153367402810732,0.0,0.0,0.06460102208432196,0.0,0.0,0.0,0.0,2.1498687111829966,3.490149831828006,-1.5810484875341002,-241.0436077047144,-0.6794595325588197,64.22622698242021,71.26219704123386,,1059.0369318019332,100.0,DE
1996-04-01,1.4470296079010403,1.2348411129941894,1.4470296079010403,0.5213375762930683,-1.4659460688101866,0.8690196382040938,,,-1.1137273729639272,1.2584175195992642,0.0,,,,,0.0,0.2141741193648476,0.0,0.0,0.06425223580945427,0.0,0.0,0.0,0.0,2.0093008905266054,4.108200750105453,-1.336884913954421,-241.71880450016548,-0.5622712826255651,63.99127731242511,71.48253068932956,,1059.0369318019332,100.0,DE
1996-07-01,1.4237991364812075,1.231040760627522,1.4237991364812075,0.624156144393595,3.5445676592238406,0.6131227054936517,,,-1.1767066980335041,1.115063567766894,0.0,,,,,0.0,0.21301149844862202,0.0,0.0,0.0639034495345866,0.0,0.0,0.0,0.0,1.8922005397175259,3.370741508725189,-1.1113531632171934,-241.1404227755164,-0.4684014032363184,64.5608507297743,71.70286433742525,,1080.3881375683443,100.0,DE
1996-10-01,1.4160076985121783,-0.5271250488306123,1.4160076985121783,0.39047267433265365,1.2617726241089144,0.0,,,-1.3059786887343137,0.9850860449874044,0.0,,,,,0.0,0.21183610147837195,0.0,0.0,0.06355083044351158,0.0,0.0,0.0,0.0,1.7969619714764564,2.928901766590684,-0.9037258958105232,-240.6931983572815,-0.3809542729642781,64.76482505726626,71.60843563109853,,1080.3881375683443,100.0,DE
1997-01-01,1.577596259416758,4.371628212875933,1.577596259416758,0.8238155252201507,-0.04513211364196579,0.24449889930666657,3.4924744346819026,0.0734750286782937,-1.3673006474431109,1.0837346265780812,0.0,,,,,0.0,0.2106607045081219,0.0,0.0,0.06319821135243657,0.0,0.0,0.0,0.0,1.7530888290645168,4.065345281068375,-0.5722724517662385,-241.79738843891104,-0.17549256964775872,64.75751803588946,72.39534151715456,,1080.3881375683443,100.0,DE
1997-04-01,1.355804717626885,0.34767494583469727,1.355804717626885,0.8951636168041288,-1.180553702474274,0.36652453982961575,1.5549911873776079,0.2294967848674112,-1.3689573177239378,1.1289578887874296,0.0,,,,,0.0,0.20951085964592078,0.0,0.0,0.06285325789377623,0.0,0.0,0.0,0.0,1.6736320067769905,4.307824049396032,-0.6534961728997204,-242.17944560098826,-0.3178272891501055,64.5666754800765,72.45829398803903,,1080.3881375683443,100.0,DE
1997-07-01,1.5679763746494046,2.0797273887176004,1.5679763746494046,-0.06668311000272986,-0.30281924800359405,0.6049625225823085,3.2679808087840545,1.8099545832110042,-1.223112011455333,1.1756665185295723,0.0,,,,,0.0,0.2083482387296952,0.0,0.0,0.06250447161890856,0.0,0.0,0.0,0.0,1.6525008803514734,4.720950667499068,-0.32422416506812124,-242.7750822601686,-0.08452450570206871,64.51781389740735,72.83600881334594,,1089.3253051201837,100.0,DE
1997-10-01,1.4834477969444038,-0.8652393596506158,1.4834477969444038,0.3019810048206173,2.736429083402303,0.0,0.645893390633745,1.8730456351971014,-1.0938400207545254,1.3450027925998587,0.0,,,,,0.0,0.20717284175944514,0.0,0.0,0.06215185252783354,0.0,0.0,0.0,0.0,1.6186902636700595,3.6023294474625516,-0.31351417453205266,-241.87466514940533,-0.13524246672565576,64.96069812762623,72.67862763613472,,1089.3253051201837,100.0,DE
1998-01-01,0.5636260314198616,0.6923411507777644,0.5636260314198616,0.38184641449778844,0.2743295250667188,0.0,-2.8716015766705016,1.1577221332995435,-0.9479950128058992,1.6835168753737584,0.0,,,,,0.0,0.2059974447891951,0.0,0.0,0.06179923343675853,0.0,0.0,0.0,0.0,1.40767741722002,3.560423716320628,-1.1894627976446552,-241.97916805583307,-0.8440513858001584,65.00526500205463,72.8045325779037,,1089.3253051201837,100.0,DE
1998-04-01,0.865057297600913,1.553400010558903,0.865057297600913,1.0857513381095307,1.635065991972695,0.12070007500355473,-2.9501576403333285,0.532032962988982,-0.6877933667235272,1.6936561512669424,0.0,,,,,0.0,0.20484759992699397,0.0,0.0,0.061454279978098186,0.0,0.0,0.0,0.0,1.2991533932961985,3.3357375931829836,-0.8085747091760775,-241.9587515604796,-0.4340960956952855,65.27152857470554,73.08781869688384,,1089.3253051201837,100.0,DE
1998-07-01,0.6461362130719017,1.2040430506015554,0.6461362130719017,1.2573415108908303,0.38354144312160443,0.9592399691438658,-4.8497739977633625,-0.14260632620008984,-0.419305386037232,1.6285626929837815,0.0,,,,,0.0,0.20368497901076837,0.0,0.0,0.06110549370323051,0.0,0.0,0.0,0.0,1.1685499572513391,3.3955291021683536,-1.0063646672795716,-242.16387696234966,-0.5224137441794374,65.33414443028838,73.30815234497955,,1093.4928064033693,100.0,DE
1998-10-01,0.3027029338390719,-2.238972476581935,0.3027029338390719,0.9952093437218812,1.6879004147265064,0.11983224921090496,-6.157645884252583,-0.3890055754479427,-0.14418838738779804,1.24192791246297,0.0,,,,,0.0,0.20250958204051833,0.0,0.0,0.0607528746121555,0.0,0.0,0.0,0.0,0.9953805525688857,2.2551853724899615,-1.3159873298309877,-241.18215873952252,-0.6926776187298138,65.61042075268175,72.89896128423041,,1093.4928064033693,100.0,DE
1999-01-01,0.30218024289156986,0.6902503869877563,0.30218024289156986,0.6985196207513145,-0.9124293668155481,-0.3594970917858653,-4.18456810878165,-0.32883343261866926,0.10606960744987504,0.8468483025731777,0.0,,28.672277471168346,,,0.0,0.2013341850702683,0.0,0.0,0.060400255521080484,0.0,0.0,0.0,0.0,0.8567404906334225,2.5577942551434205,-1.10549717432845,-241.58282867797337,-0.5545602477418526,65.46092913152438,73.02486622599938,,1093.4928064033693,100.0,DE
1999-04-01,0.5154650588664822,2.4065392744585523,0.5154650588664822,1.6694483495051315,5.518780906987963,-0.23952107259548328,1.4607976399109823,-2.2211738869805764,0.3099215430657676,0.5769652986247875,0.0,,28.68002438672396,,,0.0,0.20018434020806716,0.0,0.0,0.06005530206242014,0.0,0.0,0.0,0.0,0.7884854042800344,1.5372832567760781,-0.7836883344297163,-240.8047682698409,-0.27302034541355225,66.37034963569633,73.46553352219075,,1093.4928064033693,100.0,DE
1999-07-01,0.6419880812562617,1.7101351401606735,0.6419880812562617,1.27853433740166,-1.1801146052922817,0.5955943752852022,5.598978178654335,-2.6739058147882133,0.4773125125844846,0.394311748169629,0.0,,28.706086732724227,,,0.0,0.1990217192918416,0.0,0.0,0.059706515787552476,0.0,0.0,0.0,0.0,0.7591859396752799,2.1388629406212942,-0.5265618759950774,-241.5273307062042,-0.1171978584190182,66.17482665451733,73.78029587661317,,1101.1578078104933,100.0,DE
1999-10-01,1.1163705464777074,-0.34144261569615253,1.1163705464777074,1.0408909961181267,0.7373270495923734,0.0,8.429904158043744,-1.9750407130294079,0.6447025374232691,0.35695712189673934,0.0,,28.54324966715474,,,0.0,0.19784632232159152,0.0,0.0,0.059353896696477455,0.0,0.0,0.0,0.0,0.8306228610357654,1.7025405834731089,0.1209899939088217,-241.25763828988207,0.28574768544194196,66.29692037293391,73.71734340572867,,1101.1578078104933,100.0,DE
2000-01-01,1.5822438275775674,2.5537435113871965,1.5822438275775674,1.910433656167454,2.565741273381761,0.11926059851239401,13.044599012652224,-2.604720175684827,0.8104361903012052,0.12682492162886527,0.0,,28.00382501978957,-0.668452451378776,-0.3950336307217411,0.0,0.19667092535134148,0.0,0.0,0.05900127760540244,0.0,0.0,0.0,0.0,0.9809470543441259,1.5254571769782785,0.7255033369441449,-241.25463884938344,0.6012967732334416,66.72353901377025,74.18948693736229,,1101.1578078104933,100.0,DE
2000-04-01,1.0654266561173742,0.33927058861777937,1.0654266561173742,0.9650167483245209,1.737113275616231,-0.23837913552764434,9.703023146226286,-1.3345321803233556,0.9380505163212565,0.2248818847524925,0.0,,28.10923182497073,-0.5707925617532306,-0.3179919165306723,0.0,0.1955083044351159,0.0,0.0,0.05865249133053477,0.0,0.0,0.0,0.0,0.9978429746987756,0.9361610819998418,0.27694125183733975,-240.90517817763381,0.0675836814185986,67.01393498428214,74.25243940824679,,1101.1578078104933,100.0,DE
2000-07-01,1.2717424472709737,2.5353983047750717,1.2717424472709737,1.9886340187082574,2.9143544762426643,0.5955943752852022,10.599390570192035,-1.5213434487690414,1.019259876959456,0.3109001451507942,0.0,,28.102736241913558,-0.6033504908106724,-0.3947224591729166,0.0,0.1943456835188903,0.0,0.0,0.05830370505566709,0.0,0.0,0.0,0.0,1.0526228692132151,0.6390058505995171,0.5125565075956938,-240.81043913476697,0.2191195780577586,67.50397390388841,74.7245829398804,,1122.3969308797714,100.0,DE
2000-10-01,1.6935205757582672,1.3456698982530213,1.6935205757582672,2.26926340509499,1.859844595139304,0.0,11.49717721592629,-1.4746810520811504,1.1186995714862515,0.5271303596212418,0.0,,28.356842436554032,-0.1864072306007103,-0.011228142732906565,0.0,0.19317028654864027,0.0,0.0,0.05795108596459208,0.0,0.0,0.0,0.0,1.1808024105222255,0.4376955033859815,0.8628977147225018,-240.68189546054532,0.5127181652360417,67.81857196904477,74.97639282341832,,1122.3969308797714,100.0,DE
2001-01-01,1.599360690888485,2.1771039719080676,1.599360690888485,2.1277812726028467,1.9998127434131874,0.35735594908654633,7.429431861875946,-0.1047237705781523,1.1733915675519775,0.9380015831372823,0.0,,27.821629054168085,-0.18219596562148443,-0.05222363183751444,0.0,0.19199488957839023,0.0,0.0,0.057598466873517065,0.0,0.0,0.0,0.0,1.2645140665954773,0.3894584786414157,0.6184136365443591,-240.72621826766905,0.3348466242930077,68.15848206787516,75.38558388416746,,1122.3969308797714,100.0,DE
2001-04-01,2.470295176706294,3.823008531889016,2.470295176706294,1.9126868973880606,0.876735774757087,-0.5906691715390266,9.052065685976096,2.4338551336768877,1.1186996212062486,1.175125625102058,0.0,,28.108511062829777,-0.0007207621409544007,0.02964903172488259,0.0,0.19084504471618907,0.0,0.0,0.05725351341485672,0.0,0.0,0.0,0.0,1.5056702886176407,0.8788953396381771,1.4724522020075186,-241.46278645695202,0.9646248880886534,68.30803835864397,76.10953729933901,,1122.3969308797714,100.0,DE
2001-07-01,2.001734894342455,0.6611571753197154,2.001734894342455,1.4513868102745686,1.0691541277886962,1.0619568827460846,2.6566157640719013,3.060656717772403,0.8949602836609571,1.3934662782383755,0.0,,28.209027727942676,0.10629148602911975,-0.14756953143132345,0.0,0.1896824237999635,0.0,0.0,0.05690472713998905,0.0,0.0,0.0,0.0,1.6048832097626036,0.6398152740832757,0.94911202512924,-241.36078721883482,0.39685168457985154,68.4908621362244,76.23544224110796,,1146.534974270758,100.0,DE
2001-10-01,1.4586630788237187,-0.8266173638219243,1.4586630788237187,1.809276068349308,3.291401627438262,0.2361276185679273,-3.985005299875821,2.0268107188952555,0.6331006745778494,1.5046101304241777,0.0,,28.1781630344414,-0.17867940211263034,-0.7998658819456573,0.0,0.18850702682971346,0.0,0.0,0.056552108048914036,0.0,0.0,0.0,0.0,1.5756391835748267,-0.5429828319425667,0.27786066830149325,-240.3312824710198,-0.11697610475110798,69.05676454609537,76.07806106389675,,1146.534974270758,100.0,DE
2002-01-01,1.8614808442231734,3.7883750335058863,1.8614808442231734,0.9275043219278523,-1.527274242272636,0.5872007477222496,-1.4000701790493952,3.5236087085209533,0.4325636705634963,1.3191819948185413,0.0,,28.570564726707016,0.7489356725389307,-0.010407870092895455,0.0,0.1873316298594634,0.0,0.0,0.056199488957839015,0.0,0.0,0.0,0.0,1.6328075157044961,0.7009789098260626,0.5969667776276961,-241.6601947899644,0.22867332851867728,68.7935957351315,76.8020144790683,,1146.534974270758,100.0,DE
2002-04-01,1.151328507237892,0.9823991839478907,1.151328507237892,0.8977932123442445,0.7578913364226558,-0.6993035490969746,-2.429216709648463,0.3789135413777789,0.13590135670392378,1.1417414046441476,0.0,,28.82500206333049,0.716491000500713,-0.08974818065618251,0.0,0.1861817849972623,0.0,0.0,0.05585453549917869,0.0,0.0,0.0,0.0,1.5365117140111753,0.6099426788390474,-0.3543417813797487,-241.71632175184578,-0.3851832067732832,68.92406447302986,76.99087189172175,,1146.534974270758,100.0,DE
2002-07-01,1.1086132839129625,0.4902962820199974,1.1086132839129625,1.6121395852701337,3.926539619492253,0.6968669316093745,-1.7670582839530713,-1.0788049877338945,-0.2436285791145565,1.1152399763167398,0.0,,28.99562773605747,0.7866000081147961,-0.04151678832672556,0.0,0.1850191640810367,0.0,0.0,0.05550574922431101,0.0,0.0,0.0,0.0,1.4509320279915328,-0.3428234937769048,-0.496269925849641,-240.85726091747767,-0.3423187440785702,69.60397882631825,77.08530059804846,,1157.2186046870224,100.0,DE
2002-10-01,1.1518021205489504,-0.653862017277973,1.1518021205489504,1.2452525602676179,1.8238535274281986,0.0,2.130595432227844,-0.9321232505122623,-0.6380732211401483,1.197895112838132,0.0,,29.187503549820548,1.009340515379148,-0.006501197837377237,0.0,0.18384376711078665,0.0,0.0,0.05515313013323599,0.0,0.0,0.0,0.0,1.3911060465030163,-0.8138211106669644,-0.4238370630258763,-240.23783203130108,-0.2393039259540659,69.92207212546056,76.95939565627951,,1157.2186046870224,100.0,DE
2003-01-01,1.1815171057931728,3.907234974482776,1.1815171057931728,1.754170042611869,0.5083956871043682,0.0,5.502372923697152,-1.8848605425901166,-1.04411987517115,0.9757130934275882,0.0,,28.70522742196618,0.1346626952591634,-1.155923877243054,0.0,0.1826683701405366,0.0,0.0,0.05480051104216098,0.0,0.0,0.0,0.0,1.3491882583610475,0.2196218728611541,-0.4512904099113233,-241.08754185314575,-0.16767115256787468,70.01099882568299,77.7148253068933,,1157.2186046870224,100.0,DE
2003-04-01,0.854880028223981,-0.3241491263288765,0.854880028223981,1.874162129049206,1.2378596821720045,-0.6928434181964427,0.011244038767443953,-0.8730656290752759,-1.2645458224347887,0.8011111441809327,0.0,,28.97040055108481,0.1453984877543224,-0.9842161583760392,0.0,0.18151852527833545,0.0,0.0,0.05445555758350063,0.0,0.0,0.0,0.0,1.2503266123336343,-0.23573904698341153,-0.6816316857871942,-240.69703965102045,-0.3954465841096533,70.22799389620407,77.65187283600882,,1157.2186046870224,100.0,DE
2003-07-01,1.0156496000266024,1.133374569230483,1.0156496000266024,1.6637189742809477,3.0847670004192196,0.4624285697114594,1.339815531509192,0.05023201338869576,-1.3059784898543274,0.5820084459998709,0.0,,28.897855496198726,-0.0977722398587455,-0.8102265813655825,0.0,0.18035590436210988,0.0,0.0,0.054106771308632964,0.0,0.0,0.0,0.0,1.203391209872228,-0.6966898499629224,-0.43528242796493033,-240.2091915432233,-0.1877416098456255,70.77168012849862,77.8722064841045,,1177.6972770217817,100.0,DE
2003-10-01,1.219527309381796,0.16164882014280124,1.219527309381796,1.0200507159649375,-0.7508195058358424,0.11567381278236866,2.195332173405573,1.4067173930911725,-1.2695171757171746,0.3476620797184471,0.0,,29.13733887381276,-0.050164676007791176,-0.3231021069401445,0.0,0.1791805073918598,0.0,0.0,0.05375415221755794,0.0,0.0,0.0,0.0,1.2066184297741416,-0.3924777982925036,-0.1715787371212203,-240.437308624718,0.012908879607654411,70.63896283113206,77.90368271954675,,1177.6972770217817,100.0,DE
2004-01-01,1.0074636894803035,3.0589804948768062,1.0074636894803035,0.919741981873945,0.10716075074039821,0.5750447128437308,-2.498462486370956,0.2072747152300547,-1.4733722934128402,0.5571742922439338,0.0,,28.809521945925077,0.10429452395889771,-0.12282702563124603,0.0,0.17800511042160977,0.0,0.0,0.05340153312648293,0.0,0.0,0.0,0.0,1.166787481715374,0.4279679273768977,-0.341724568880744,-241.17526356075203,-0.15932379223507054,70.6578896770089,78.50173119294934,,1177.6972770217817,100.0,DE
2004-04-01,1.9269966004482164,3.353982517542775,1.9269966004482164,0.26783410127606544,-1.3697718402195136,0.22857152808564152,4.608778498405197,1.577315865126172,-1.6225289514432433,0.6613184445132814,0.0,,28.649755633745794,-0.3206449173390191,-0.8301113007670801,0.0,0.1768424895053842,0.0,0.0,0.053052746851615255,0.0,0.0,0.0,0.0,1.3188293054619424,1.5829502830559932,0.6766699881145821,-242.3562021501927,0.608167294986274,70.41634052816244,79.16273213723638,,1177.6972770217817,100.0,DE
2004-07-01,2.000867070867063,1.4288564509058688,2.000867070867063,-0.44751104968736577,0.22338639656549475,0.6833739578564924,6.433243110995512,2.089726002365788,-1.5943574025897647,0.5602012690997027,0.0,,28.5569405084379,-0.3409149877608264,-1.009646567200567,0.0,0.1756798685891586,0.0,0.0,0.05270396057674758,0.0,0.0,0.0,0.0,1.4552368585429665,1.689463717940754,0.7974758609948349,-242.6575696637777,0.5456302123240964,70.45567664250594,79.44601825621655,,1188.5790185611888,100.0,DE
2004-10-01,2.1188080263957687,0.6334126422576247,2.1188080263957687,-0.29983005362947956,-0.16009552160429763,0.0,7.142178175783398,2.24247694311579,-1.7120247461253548,0.378287575103875,0.0,,28.38598993375293,-0.7513489400598261,-1.5569849853550524,0.0,0.17450447161890856,0.0,0.0,0.05235134148567257,0.0,0.0,0.0,0.0,1.587951092113527,1.67254341681857,0.9121895966216271,-242.85594670474327,0.5308569342822418,70.42748318918414,79.57192319798553,,1188.5790185611888,100.0,DE
2005-01-01,1.7488522034351028,1.5791572030341428,1.7488522034351028,-0.14022316042869853,0.7455883235435223,0.0,6.68416397104159,3.2382854852304632,-1.8098042402515802,0.36582127113443663,0.0,,28.421169433398447,-0.3883525125266296,-0.9656351294497297,0.0,0.17332907464865852,0.0,0.0,0.05199872239459755,0.0,0.0,0.0,0.0,1.6201313143778422,1.7089196792724124,0.5820647217197288,-243.06433892461587,0.12872088905726065,70.5588803842144,79.88668555240794,,1188.5790185611888,100.0,DE
2005-04-01,1.5387954058645015,2.5137553272603697,1.5387954058645015,0.04636753854243558,-0.6234090443349771,-0.9049835519917337,7.987484651893384,2.182019813591962,-2.0153168734680094,0.399079355211307,0.0,,28.401721239005894,-0.24803439473989886,-1.0910773860860639,0.0,0.1721792297864574,0.0,0.0,0.05165376893593721,0.0,0.0,0.0,0.0,1.6038641326751741,2.3004748035781972,0.21996610040255904,-243.84863001751475,-0.06506872681067266,70.44899842274283,80.3903053194838,,1188.5790185611888,100.0,DE
2005-07-01,2.116895983802891,3.7412587626594274,2.116895983802891,-0.21199918455283573,-0.8100804958155905,0.33955890011379,12.383168816898804,2.8348229669113767,-1.8197547031357928,0.5425068879848616,0.0,,28.13544298638846,-0.421497522049441,-1.2003942926682412,0.0,0.1710166088702318,0.0,0.0,0.05130498266106954,0.0,0.0,0.0,0.0,1.7064705029007174,3.2146864444381436,0.6616591252599247,-244.98646483213344,0.4104254809021737,70.30646939750666,81.14573497009759,,1186.9135234749917,100.0,DE
2005-10-01,2.229703167578201,1.0846413773588637,2.229703167578201,-0.07644256243164449,0.3821309668804673,0.33955890011379,12.208507812165292,3.025266165500895,-1.367302586522971,0.7043423143657135,0.0,,27.882829497815436,-0.5031604359374942,-0.5110798086654306,0.0,0.16984121189998175,0.0,0.0,0.050952363569994524,0.0,0.0,0.0,0.0,1.811117035836214,3.089015757763093,0.6417520754646739,-245.16209243475302,0.4185861317419868,70.37366718816389,81.36606861819328,,1186.9135234749917,100.0,DE
2006-01-01,2.0281506419250306,0.7729471004214616,2.0281506419250306,0.5657583089791807,3.314391809186823,-0.22650066308527173,12.472493527854533,1.2562382627041124,-0.8932988402604725,0.9171439922187941,0.0,,27.872738803491075,-0.5484306299073705,0.11191966292017608,0.0,0.1686658149297317,0.0,0.0,0.05059974447891951,0.0,0.0,0.0,0.0,1.8545237570539774,2.188906282374006,0.4080193275471884,-244.52673125756172,0.17362688487105316,70.95920447831794,81.52344979540446,,1186.9135234749917,100.0,DE
2006-04-01,2.13062485442439,2.9236521772578072,2.13062485442439,0.8343989400661833,0.45115348001303346,-0.8988824568433529,11.111367601219868,1.2640117326509603,-0.4358782044050642,1.225172968516297,0.0,,27.63797858959387,-0.7637426494120247,0.48541064445440085,0.0,0.16751597006753058,0.0,0.0,0.05025479102025917,0.0,0.0,0.0,0.0,1.90974397652806,2.5528618835105874,0.5267607217492158,-245.1448559318729,0.22088087789633004,71.03928335975971,82.12149826880704,,1186.9135234749917,100.0,DE
2006-07-01,1.5778661008579498,1.5302237483936665,1.5778661008579498,1.650407975651147,2.453955646524264,0.6749181974928575,4.355453448984203,0.9460700524453358,-0.03480355001640412,1.590000943199088,0.0,,27.304857516991955,-0.8305854693965053,0.1647628518444758,0.0,0.16635334915130498,0.0,0.0,0.049906004745391495,0.0,0.0,0.0,0.0,1.843368401394038,1.982987246897352,-0.12860440204276768,-244.91392295734022,-0.26550230053608814,71.47644107201658,82.43626062322947,,1193.647616738335,100.0,DE
2006-10-01,1.3067057565182338,0.0,1.3067057565182338,1.4805203484309803,-0.29741954200019904,0.44943895878395423,0.29016622713911033,1.5853236954188166,0.37290007261540126,2.1101292306276775,0.0,,26.740709413772244,-1.142120084043191,-0.3765242990629176,0.0,0.16517795218105494,0.0,0.0,0.04955338565431648,0.0,0.0,0.0,0.0,1.7360358724188771,1.7858145199885485,-0.5044112793179802,-244.98827784284026,-0.4293301159006433,71.42331459960948,82.43626062322947,,1193.647616738335,100.0,DE
2007-01-01,1.8363178583676643,2.8913955078191833,1.8363178583676643,0.8550516011498921,0.81251682006247,0.5595985504120549,1.5284181260347918,1.857116258328384,0.914848033630328,2.318680031937026,0.0,,26.57781877778541,-1.2949200257056648,-0.37086368823222027,0.0,0.1640025552108049,0.0,0.0,0.04920076656324147,0.0,0.0,0.0,0.0,1.7560922696086345,2.065165868034711,-0.01820589868631317,-245.50799751477945,0.08022558875902974,71.56854366213518,83.03430909663206,,1193.647616738335,100.0,DE
2007-04-01,1.973498584096145,3.47237508017173,1.973498584096145,1.1175212515484478,1.5010320816072564,0.11092624542863305,0.6386214414463076,1.4549678722951764,1.3888456643332692,2.412873006711125,0.0,,26.545737961662606,-1.0922406279312624,0.002565801086790387,0.0,0.16285271034860377,0.0,0.0,0.048855813104581126,0.0,0.0,0.0,0.0,1.7995735325061366,2.222724474061039,0.06375460756808504,-246.0008332644206,0.17392505159000837,71.83761490226485,83.7582625118036,,1193.647616738335,100.0,DE
2007-07-01,2.190419901264029,2.397909017065203,2.190419901264029,0.8892830719545053,1.5410029281484938,0.9939341902557963,1.7920510622320585,1.760410281557867,1.5396632685641922,2.409640631704457,0.0,,26.521920994890035,-0.782936522101918,0.14990884920024505,0.0,0.16169008943237817,0.0,0.0,0.04850702682971345,0.0,0.0,0.0,0.0,1.877742806257715,2.0460895423526893,0.3470514998699912,-246.2150597866498,0.312677095006314,72.11490362501544,84.26188227887945,,1203.8976790085649,100.0,DE
2007-10-01,2.9718192259989173,3.125597298939553,2.9718192259989173,1.5311572452764821,2.2700771512877083,0.44101504775522216,6.730239498615154,2.144419514623097,1.726941590292311,2.2716608947316197,0.0,,26.181107114405037,-0.5596022993672067,0.11454829741061279,0.0,0.16051469246212813,0.0,0.0,0.04815440773863844,0.0,0.0,0.0,0.0,2.0965580902059555,1.8303103747780085,1.2357833535800402,-246.42893982356276,0.8752611357929618,72.52533314423798,84.92288322316652,,1203.8976790085649,100.0,DE
2008-01-01,3.024311135520996,3.1013631459074986,3.024311135520996,1.9803886133618498,2.6094422924039407,0.0,7.023019665020236,2.7768436509134187,1.9457095745552166,2.0558979115162135,0.0,,25.965135677886792,-0.6126830998986199,-0.2449371718940912,0.0,0.15933929549187809,0.0,0.0,0.047801788647563424,0.0,0.0,0.0,0.0,2.2821086992689636,1.5639580610410349,1.2682188659123617,-246.5519200369387,0.7422024362520325,73.00000643046117,85.58388416745356,,1203.8976790085649,100.0,DE
2008-04-01,2.998558914457039,3.3693661959159016,2.998558914457039,2.460213822752788,3.4203329191710097,-0.7646132281355911,8.796637980607747,2.418802594190428,2.2009391712752535,1.6665303145317,0.0,,25.882882029918576,-0.662855931744033,-0.18063572031336222,0.0,0.1581766745756525,0.0,0.0,0.04745300237269574,0.0,0.0,0.0,0.0,2.425398742306579,1.1614751932541765,1.1989853819509024,-246.5391783561248,0.5731601721504602,73.62689362718278,86.30783758262513,,1203.8976790085649,100.0,DE
2008-07-01,3.162028140306372,3.0517859204625353,3.162028140306372,2.505039657302266,1.7203062663464053,0.326619778662085,9.783208919570985,2.253158199297456,2.4661124689599907,1.18219879943946,0.0,,25.966880885194794,-0.5550401096952429,0.40578151869910073,0.0,0.1570140536594269,0.0,0.0,0.04710421609782806,0.0,0.0,0.0,0.0,2.5727246219065374,1.1245649452611417,1.284285334048657,-246.87204826965393,0.5893035183998347,73.94422754365256,86.9688385269122,,1227.977178411409,100.0,DE
2008-10-01,1.6905952078074549,-2.760134431056116,1.6905952078074549,2.7097212362202416,3.088803466959611,0.5449604767564509,0.5074170002348666,-0.2944226874205924,2.4279937884620626,0.31618034695332087,0.0,,26.77255600382849,0.5914488894234515,1.292996051417931,0.0,0.15583865668917685,0.0,0.0,0.046751597006753055,0.0,0.0,0.0,0.0,2.396298739086721,-0.7341648699276107,-0.40596288239850065,-245.40981379514997,-0.7057035312792661,74.51743582095472,86.3707900535096,,1227.977178411409,100.0,DE
2009-01-01,0.8058651670316053,-0.4375570171958998,0.8058651670316053,0.9725683380531702,-4.339169300264345,0.0,-3.1858641447358504,-0.025053195424806773,1.9864248241565514,-0.9476880959396472,0.0,,27.790139784531025,1.8250041066442346,1.7376330896934773,0.0,0.1546632597189268,0.0,0.0,0.04639897791567804,0.0,0.0,0.0,0.0,2.0782120246756977,0.06193640924692545,-1.4762435322373584,-246.38521686591704,-1.2723468576440924,73.71344509545719,86.2763613471829,,1227.977178411409,100.0,DE
2009-04-01,0.18218259730140574,0.8746359169951035,0.18218259730140574,0.14669161743481318,0.11682603669758151,-0.21505384632281022,-7.384807042357755,-0.3358348552117363,1.7443088609956554,-2.0285190382496765,0.0,,28.517779181985293,2.6348971520667175,1.9756451578984433,0.0,0.15351341485672568,0.0,0.0,0.0460540244570177,0.0,0.0,0.0,0.0,1.6990061392008393,-0.030767542742893284,-2.243216145005173,-246.57466933599142,-1.5168235418994336,73.73497736382065,86.46521875983632,,1227.977178411409,100.0,DE
2009-07-01,-0.3625819780809003,0.8727276189333111,-0.3625819780809003,0.46820754442156165,3.006369974293399,0.537346806114325,-9.995834602353248,-1.4171613347671475,1.5038780656732147,-2.8993234353746122,0.0,,28.767493859493726,2.8006129742989327,1.824179572416257,0.0,0.1523507939405001,0.0,0.0,0.04570523818215003,0.0,0.0,0.0,0.0,1.2866885157444914,-0.8049135164168604,-2.9353065999874377,-246.04125874715143,-1.6492704938253917,74.29125175850338,86.65407617248977,,1239.9783608996045,100.0,DE
2009-10-01,0.36376904428241374,0.14526965839714023,0.36376904428241374,0.12801819433638784,1.7280460666189157,0.537346806114325,-3.1199311103589977,-0.8503174760319254,1.731846103585303,-3.340488535820585,0.0,,28.64730642135436,1.8747504175258722,1.7479378948820268,0.0,0.15117539697025004,0.0,0.0,0.04535261909107501,0.0,0.0,0.0,0.0,1.1021046214520758,-1.4047172253565634,-2.0325296948043072,-245.645564645096,-0.738335577169662,74.6128927848625,86.68555240793202,,1239.9783608996045,100.0,DE
2010-01-01,0.7632237666451047,1.160261872254864,0.7632237666451047,2.0337647763886135,3.2838170279445578,-0.4301081899391157,-0.36921737433672774,-1.6948452277167014,1.548212974731923,-3.139699981823152,0.0,,28.71280995673471,0.9226701722036823,1.3864706671746916,0.0,0.15,0.0,0.0,0.045,0.0,0.0,0.0,0.0,1.0343284504906816,-2.0682630499213985,-1.314988258030593,-245.11467585617356,-0.27110468384557684,75.22795172631942,86.93736229146994,,1239.9783608996045,100.0,DE
2010-04-01,1.0141340085261241,1.878276884519181,1.0141340085261241,2.5145173495866757,2.0398363294898303,-1.174599729929593,1.6345493734024164,-1.1606042272646278,1.8213490147899787,-2.6490320690616187,0.0,,28.412064681011433,-0.10571450097385804,0.7491187810687678,0.0,0.14958932238193018,0.0,0.0,0.04487679671457905,0.0,0.0,0.0,0.0,1.0302895620977701,-2.171182919751999,-0.6848721306747152,-245.07428599493088,-0.016155553571645997,75.61256334606236,87.34655335221908,,1239.9783608996045,100.0,DE
2010-07-01,1.1197516311702849,1.295198109509954,1.1197516311702849,2.5058384414958557,2.971654341930119,0.3203419717537237,1.2640498803392575,-0.6917297344308349,1.881142222328827,-2.035338497342365,0.0,,27.78495265359026,-0.9825412059034644,0.051887288364973916,0.0,0.14917408167921514,0.0,0.0,0.044752224503764544,0.0,0.0,0.0,0.0,1.048181975912273,-2.615124591046424,-0.16693688457420652,-244.65517193682587,0.07156965525801184,76.17639113488039,87.62983947119925,,1265.4547912479113,100.0,DE
2010-10-01,1.5493013913359555,1.8634686990598226,1.5493013913359555,2.840282061826338,3.065820547940845,0.6410278360919008,3.0566226501289595,-0.6141950436767463,1.6558514287946906,-1.1799245085566734,0.0,,27.643982922030442,-1.0033234993239215,-0.6751349754228819,0.0,0.14875427789185489,0.0,0.0,0.04462628336755647,0.0,0.0,0.0,0.0,1.1484058589970094,-2.877492397501584,0.4471967698838797,-244.35458397460562,0.40089553233894604,76.76249222965481,88.0390305319484,,1265.4547912479113,100.0,DE
2011-01-01,2.1845094284252298,3.7010940206119614,2.1845094284252298,3.0597611537990232,4.161733395835299,-0.10678057608295433,6.184044259026411,-0.9395403887386689,1.8271342988683266,0.4020622081069569,0.0,,27.559521887354745,-1.1532880693799652,-0.33756603928265894,0.0,0.14833447410449463,0.0,0.0,0.04450034223134839,0.0,0.0,0.0,0.0,1.3556265728826535,-2.902664273008213,1.1501809779345482,-244.23942413079976,0.8288828555425762,77.56532402094125,88.85741265344666,,1265.4547912479113,100.0,DE
2011-04-01,2.4912320379895547,3.105167322776481,2.4912320379895547,3.4285229297628117,3.514883433344984,-0.21119332031442895,5.76161329861935,-1.21195637773015,1.9949903353497707,1.6123417731166545,0.0,,26.996052724165093,-1.4160119568463414,-0.9782069851193289,0.0,0.1479237964864248,0.0,0.0,0.044377138945927444,0.0,0.0,0.0,0.0,1.5827476659040338,-2.8918502356077056,1.4609424758917846,-244.1369951031577,0.9084843720855209,78.24991009724978,89.54988983317595,,1265.4547912479113,100.0,DE
2011-07-01,2.5883380776463127,1.6836222681369861,2.5883380776463127,2.9868214083418554,1.2048482562462937,0.6335818449085373,7.0523078861095545,-0.3988766095598173,1.8727623707582293,2.619376495889292,0.0,,26.957498705814004,-0.8274539477762577,-0.2798637828558129,0.0,0.14750855578370978,0.0,0.0,0.04425256673511293,0.0,0.0,0.0,0.0,1.7838657482524896,-2.6748197986238154,1.5401561017340397,-244.25668860613027,0.8044723293938232,78.48596359891881,89.92760465848286,,1304.7731416919055,100.0,DE
2011-10-01,2.5416122779405192,1.6765655002366486,2.5416122779405192,2.7282590521525485,2.0315711231836175,0.6329135051647228,6.83810086185157,0.10437469973689772,1.8571077217344873,3.1634659340263105,0.0,,26.780454733212405,-0.8635281888180357,-0.1006594433483492,0.0,0.14708875199634952,0.0,0.0,0.04412662559890485,0.0,0.0,0.0,0.0,1.9354150541900954,-2.662425936108548,1.3932064189435098,-244.16793720039357,0.6061972237504238,78.8856021505795,90.30531948378973,,1304.7731416919055,100.0,DE
2012-01-01,2.3802313762856464,3.05557041399247,2.3802313762856464,2.5772397023057447,3.5576559964480836,-0.21074823395643705,4.304208620136851,0.8595246481149843,1.6663130709224392,2.7859706269389495,0.0,,26.54304887537134,-1.0164730119834042,-1.017357033290398,0.0,0.14666894820898926,0.0,0.0,0.044000684462696775,0.0,0.0,0.0,0.0,2.0243783186092057,-2.611353969601822,1.0246048034029929,-244.04241580477967,0.3558530576764407,79.59035116177192,90.99779666351907,,1304.7731416919055,100.0,DE
2012-04-01,2.0526029384256184,1.7946535713363687,2.0526029384256184,2.806834877265141,4.433264133182568,-0.10432969125782066,1.8939352802168408,0.3223540799802027,1.5937211016813029,2.2552463026800362,0.0,,26.881171339119263,-0.11488138504582857,-0.2670227780275021,0.0,0.14625370750627423,0.0,0.0,0.04387611225188227,0.0,0.0,0.0,0.0,2.0300232425724882,-3.1386615612115634,0.46985527252158454,-243.38276316431813,0.022579695853130133,80.47737019188204,91.40698772426819,,1304.7731416919055,100.0,DE
2012-07-01,2.11263268519577,1.9237412552175925,2.11263268519577,2.84181916934676,1.3447854245727697,0.5211059212752112,3.1173905508778077,-0.10586737976501226,1.4294158150840648,1.6758890418161143,0.0,,26.928058192140515,-0.029440513673489876,-0.05362990872494621,0.0,0.1458384668035592,0.0,0.0,0.04375154004106776,0.0,0.0,0.0,0.0,2.0465451310971448,-2.7894721231582196,0.3287669369432804,-243.52750212197932,0.06608755409862521,80.74838749786952,91.84765502045956,,1338.8373457406074,100.0,DE
2012-10-01,2.001447071052098,1.2318230436619615,2.001447071052098,2.840198407091954,2.025088074164394,0.5205633827265466,1.34345935620086,0.5124693817955883,1.3717118444122836,1.099180536207467,0.0,,27.03986651252887,0.2594117793164652,0.1500926834727801,0.0,0.14541866301619893,0.0,0.0,0.04362559890485968,0.0,0.0,0.0,0.0,2.0375255190881356,-2.74514528425928,0.06603201686200277,-243.3291858643537,-0.036078448036037436,81.1582305742072,92.13094113943973,,1338.8373457406074,100.0,DE
2013-01-01,1.8166737832420843,2.3164772627524144,1.8166737832420843,2.1830519721071084,0.9290702565087017,-0.3126630999432223,0.9215465310639104,0.6913134539802801,1.1339238726675198,0.3545553869429674,0.0,,27.185696683892814,0.6426478085214737,0.5562549696796673,0.0,0.1449988592288387,0.0,0.0,0.04349965776865161,0.0,0.0,0.0,0.0,1.9933551719189253,-2.0921947888305965,-0.2077045353671214,-243.6760376159146,-0.17668138867684102,81.34695390614958,92.66603714195782,,1338.8373457406074,100.0,DE
2013-04-01,1.5377032870588891,0.6787715866035882,1.5377032870588891,1.941702165620729,3.4678649072370504,-0.825598084701884,0.085394271741146,1.5381200600329326,1.1093665828513304,0.006876462050309229,0.0,,27.09674880121748,0.21557746209821538,0.08344639825745384,0.0,0.1445881816107689,0.0,0.0,0.043376454483230666,0.0,0.0,0.0,0.0,1.902224794946918,-2.5519183336339495,-0.4923199555135991,-242.97876428575634,-0.36452150788802884,82.05527051936453,92.82341831916904,,1338.8373457406074,100.0,DE
2013-07-01,1.6652891208090992,2.4340845902184327,1.6652891208090992,2.312477024060655,2.8278848583324745,-0.10272214565301141,-0.7634711091287105,1.553579917334602,1.1946972916044958,-0.3093074242733529,0.0,,26.795522054984172,-0.1325361371563416,0.01543617883412765,0.0,0.14417294090805385,0.0,0.0,0.04325188227241616,0.0,0.0,0.0,0.0,1.8548376601193541,-2.3121084877051317,-0.38125601028804557,-242.8803142187278,-0.18954853931025495,82.63743309816647,93.3899905571294,,1368.386220968247,100.0,DE
2013-10-01,1.3573333598936088,0.0,1.3573333598936088,2.359247591319713,2.2121703432006257,0.3091192569672607,-1.8982048198414425,0.6807101593047538,1.085,-0.3813164031904126,0.0,,26.942590178277985,-0.09727633425088422,-0.04004707370278435,0.0,0.1437531371206936,0.0,0.0,0.04312594113620808,0.0,0.0,0.0,0.0,1.7553368000742051,-2.4820015455993882,-0.6801921591945268,-242.3272716329276,-0.3980034401805963,83.09571938610017,93.38999055712938,,1368.386220968247,100.0,DE
2014-01-01,0.9465925988882518,0.6735142187309862,0.9465925988882518,3.3092503650216543,4.7290813513164665,-0.411523214510634,-5.2961719119756,-0.4480197597691582,0.96,-0.08063893606954364,0.0,,26.979045025401927,-0.20665165849088618,-0.011425064001568452,0.0,0.14333333333333334,0.0,0.0,0.043000000000000003,0.0,0.0,0.0,0.0,1.5935879598370144,-3.059449220972965,-1.0467625730306735,-241.31337984978126,-0.6469953609487626,84.0839657893597,93.54737173434057,,1368.386220968247,100.0,DE
2014-04-01,0.9113987137706836,0.5379960461333155,0.9113987137706836,2.999734392170117,2.229801015830901,-0.20429016298004754,-3.7933893517438033,-1.7085169963626523,0.9249999999999998,0.04520753935095545,0.0,,26.859130835912122,-0.23761796530535895,-0.2657315874489186,0.0,0.14292265571526352,0.014794520547945205,0.0,0.04805487890635988,0.0,0.0,0.0,0.0,1.4571501106237483,-2.9770341238340734,-0.9908260811762344,-240.8904286073568,-0.5457513968530647,84.55400095911628,93.67327667610955,,1368.386220968247,100.0,DE
2014-07-01,0.7722046093910251,1.8773081726997987,0.7722046093910251,3.027126519963863,2.937453369507459,0.20345886977874983,-4.9134008827597775,-2.0074032039047562,0.8799999999999999,0.24135227172464857,0.0,,26.931763204651233,0.13624114966706014,0.044308089749824156,0.0,0.1425074150125485,0.029753424657534246,0.0,0.053165923133901526,0.0,0.0,0.0,0.0,1.3201610103772037,-2.7574667437038727,-1.082633050728329,-240.6253923081549,-0.5479564009861786,85.17722009230773,94.11394397230093,,1414.4271501950752,100.0,DE
2014-10-01,0.43719592086279846,-1.3400347541129065,0.43719592086279846,3.2105792059380356,2.9459810870973158,0.3056548482548216,-6.928014903313295,-2.464813037670588,0.7549999999999999,0.53659680913688,0.0,,27.237618308799107,0.29502813052111887,0.372761125957519,0.0,0.14208761122518823,0.044876712328767124,0.0,0.05833313268262496,0.0,0.0,0.0,0.0,1.1435679924743227,-3.3397284668040754,-1.3181408792114067,-239.55388834785242,-0.7063720716115243,85.80686208656284,93.7991816178785,,1414.4271501950752,100.0,DE
2015-01-01,-0.13468015503779185,-1.613990084871375,-0.13468015503779185,2.7569382566586587,2.9145175541989587,-0.6109998641578684,-10.255645476860753,-2.4551777594430835,0.7249999999999996,0.7212598136918769,0.0,1444.0,27.551600314885054,0.5725552894831287,0.6896797607128022,0.0,0.14166780743782798,0.06,0.0,0.06350034223134839,0.0,0.0,0.0,0.0,0.8879183629718999,-3.89396065075897,-1.7282681148748062,-238.42176143808476,-1.0225985180096917,86.43435938984562,93.42146679257162,92.50480461242793,1414.4271501950752,100.0,DE
2015-04-01,1.235614317731848,6.019173937211875,1.235614317731848,3.332132520067743,4.530578069467239,0.7031671363680658,-8.974088711077766,-1.7578243398376436,0.7149999999999999,0.8503377130995582,0.0,1444.0,27.210014748255755,0.3508839123436358,0.39383048740576687,0.0,0.14125712981975816,0.06105592491200625,0.0,0.06374671266512963,0.0,0.0,0.0,0.0,0.9574575539238894,-2.854625611014484,-0.2215357928919004,-238.79391040502097,0.2781567638079585,87.41891867537757,94.83789738747247,92.50480461242793,1414.4271501950752,100.0,DE
2015-07-01,1.064547644795244,1.193041480953383,1.064547644795244,3.1410103584322613,2.1729647229655313,1.5984356308436531,-11.03017540767084,-1.86411128872499,0.8099999999999996,0.9137442464011492,0.0,1444.0,27.114504817729408,0.1827416130781745,0.3898140224185112,0.0,0.14084188911704312,0.062123582323034804,0.0,0.06399582054817511,0.0,0.0,0.0,0.0,0.9788755720981603,-2.5297223715070913,-0.2556133655819597,-238.54892959451792,0.08567207269708366,87.89510649447834,95.12118350645264,92.50480461242793,1453.964539885997,100.0,DE
2015-10-01,0.5354765137660422,-3.4563192782297136,0.5354765137660422,3.118613265263992,2.8563927144242385,0.7952328190495628,-11.030098744357675,-1.444093227249743,0.6099999999999994,0.8061094375787059,0.0,1444.0,27.250599381637098,0.012981072837991992,0.13795399825187027,0.0,0.14042208532968287,0.06320297223308564,0.0,0.06424766588048483,0.0,0.0,0.0,0.0,0.8901957604317368,-3.594227496368262,-0.6080914787082805,-236.97075159635438,-0.35471924666569454,88.52501023786473,94.30280138495438,92.50480461242793,1453.964539885997,100.0,DE
2016-01-01,0.13468015503779185,-3.2171755197843765,0.13468015503779185,3.019021567091995,2.5161507615109713,-2.000066670666989,-11.089870233043442,-1.787929658760623,0.7200000000000006,0.7041252528471986,0.0,1444.0,27.384436413334175,-0.1671639015508819,-0.04853772534268319,0.0,0.1400022815423226,0.06428236214313648,0.0,0.06449951121279454,0.0,0.0,0.0,0.0,0.7390926393529478,-4.390285015397467,-0.753238207934108,-235.5374200260306,-0.6044124843151559,89.08362101186326,93.54737173434057,92.50480461242793,1453.964539885997,100.0,DE
2016-04-01,-0.09961813873795577,5.081980762108884,-0.09961813873795577,2.316870629807566,1.7219743203295224,0.298953884836628,-10.277916844942903,-1.324799001132737,0.7450000000000001,0.7155633300668707,0.0,1444.0,27.341433905421216,0.1314191571654577,0.2350674710394146,0.0,0.13958704083960757,0.06535001955416503,0.0,0.06474861909584004,0.0,0.0,0.0,0.0,0.571350483734767,-2.766969598001481,-1.0570756926618452,-236.37742163647545,-0.6709686224727228,89.46794693689887,94.74346868114573,92.50480461242793,1453.964539885997,100.0,DE
2016-07-01,0.39630170757929406,3.1767208662223823,0.39630170757929406,2.5357468719799936,3.0484696916552423,1.5779420103965158,-8.210543369884515,-1.2419819360872442,0.8650000000000002,0.7006319298759611,0.0,1444.0,27.698873839719695,0.5843690219902886,0.753551660515877,0.0,0.13917180013689254,0.06641767696519359,0.0,0.0649977269788855,0.0,0.0,0.0,0.0,0.5363407285036724,-2.103451068729555,-0.5825738645188663,-236.40948443011723,-0.14003902092437837,90.15240261351683,95.49889833175952,92.50480461242793,1498.5293689943044,100.0,DE
2016-10-01,1.02939643846085,-0.9239403547034897,1.02939643846085,2.669176483572855,3.3901111607956835,0.7874056430905441,-3.2218549197423396,-1.1202906828454928,0.8899999999999997,0.58798308663075,0.0,1444.0,27.55921534847608,0.30861596683898207,0.789371873230156,0.0,0.13875199634953228,0.06749706687524443,0.0,0.06524957231119523,0.0,0.0,0.0,0.0,0.6349518704951079,-2.575000539999735,0.1392006780291133,-235.33097155124238,0.3944445679657421,90.91971628447037,95.27856468366384,92.50480461242793,1498.5293689943044,100.0,DE
2017-01-01,1.7675964627292373,-0.2643754227108275,1.7675964627292373,2.8489338102331008,3.235180068151955,-2.0803127629762663,3.0691240141870413,0.01958098965277877,0.8149999999999995,0.689013771675262,4.204008890706756,1506.0,27.606231241513434,0.22179482817926144,0.2567055264776721,0.0,0.13833219256217202,0.06857645678529527,0.0,0.06550141764350495,0.0,0.0,0.0,0.0,0.8614807889419338,-2.771787820777945,1.0285038233762895,-234.45608267852674,0.9061156737873035,91.65805220651198,95.21561221277935,96.47661755285074,1498.5293689943044,100.0,DE
2017-04-01,1.64748372035044,4.601529792593695,1.64748372035044,3.200700678708168,3.129041794229792,0.589392668877764,-0.9440522359513537,-1.0521805336295653,0.8399999999999994,0.768829160829021,4.204008890706756,1506.0,27.53669234226555,0.19525843684433664,0.264134678865395,0.0,0.1379215149441022,0.06963238169730153,0.0,0.06574778807728619,0.0,0.0,0.0,0.0,1.018681375223635,-1.7032037331269692,1.0761332366156728,-234.82420467811775,0.628802345126805,92.37786864584656,96.3172804532578,96.47661755285074,1498.5293689943044,100.0,DE
2017-07-01,1.796553301010384,3.7729991888621583,1.796553301010384,3.000250169842289,2.2466676561917254,2.339287957470493,-1.1186615580072168,-0.3013381839563234,0.8600000000000003,0.9288831717794488,4.204008890706756,1506.0,27.527575742979625,-0.17129809674006902,-0.21991545377192914,0.0,0.13750627424138717,0.07070003910833007,0.0,0.06599689596033168,0.0,0.0,0.0,0.0,1.174255760380985,-0.7270156362093871,1.2602125725067115,-235.20578756128532,0.6222975406293991,92.89818442285207,97.23009128108278,96.47661755285074,1541.835430308566,100.0,DE
2017-10-01,1.540761507682209,-1.9471075280161898,1.540761507682209,3.161083624235994,4.033444978370504,0.09704027932784243,-1.1380418882719123,-0.1652080974092751,0.8800000000000003,1.2362825165059377,4.204008890706756,1506.0,27.548646604478467,-0.010568743997613206,0.08605199234376058,0.0,0.13708647045402692,0.07177942901838091,0.0,0.06624874129264138,0.0,0.0,0.0,0.0,1.2475569098412298,-1.7202291446710092,0.9058096371871011,-233.71064943468863,0.2932045978409792,93.83967253465376,96.75794774944917,96.47661755285074,1541.835430308566,100.0,DE
2018-01-01,1.4440684154794603,-0.6511477915218222,1.4440684154794603,3.176200460873835,3.2956474147033177,-2.4427203798956576,-2.7690061418810696,-0.7633849996915298,0.9849999999999994,1.1374438107537577,0.0,1506.0,27.259724756177217,-0.34650648533621764,-0.004554441016512645,0.0,0.13666666666666666,0.07285881892843175,0.0,0.0665005866249511,0.0,0.0,0.0,0.0,1.286859210968876,-2.1093494875177328,0.5825876265375265,-232.72395063313232,0.1572092045105844,94.61602254826427,96.60056657223797,96.47661755285074,1541.835430308566,100.0,DE
2018-04-01,1.9097521661376682,6.464264795226526,1.9097521661376682,3.331848214455402,3.75163280855606,0.291687129512308,0.8697444051729342,-0.13081433426349598,0.7999999999999998,1.0625060374484963,0.0,1506.0,27.200865384079236,-0.3358269581863138,-0.3024179648664268,0.0,0.13625598904859684,0.07391474384043802,0.0,0.06674695705873235,0.0,0.0,0.0,0.0,1.4114378020026344,-0.7904816649699455,0.8910707909140332,-233.4021086298,0.4983143641350338,95.50760857768222,98.17437834435002,96.47661755285074,1541.835430308566,100.0,DE
2018-07-01,2.1774795639410094,4.843908780075523,2.1774795639410094,3.756103983429604,3.943690732088534,2.208443091029366,3.1776956763932773,-1.0968779631769898,0.9149999999999996,0.8274315531859977,0.0,1506.0,27.261063241267713,-0.266512501711913,-0.14788632550371542,0.0,0.1358407483458818,0.07498240125146656,0.0,0.06699606494177783,0.0,0.0,0.0,0.0,1.5646461543903094,-0.04503153396146331,1.0032238035600245,-233.62716314179673,0.6128334095507,96.45389692512717,99.37047529115519,96.47661755285074,1591.5932351595793,100.0,DE
2018-10-01,2.124315480375838,-2.1597638622768756,2.124315480375838,3.3294804496781794,2.3269508433648056,0.8608374536599683,4.187942084766894,-1.4432252164542358,0.8299999999999996,0.6088638666681634,0.0,1506.0,27.33811629571185,-0.2105303087666155,-0.21733366789162395,0.0,0.13542094455852155,0.0760617911615174,0.0,0.06724791027408755,0.0,0.0,0.0,0.0,1.6765800195874152,-0.737270998389647,0.8767585705346082,-232.5054844653863,0.44773546078842275,97.0166408769832,98.8353792886371,96.47661755285074,1591.5932351595793,100.0,DE
2019-01-01,1.551922514760129,-2.940719653984658,1.551922514760129,3.551351589426144,4.1831319736951755,-2.0202707317519497,-0.12282473517726267,-2.2425139587664678,0.8400000000000007,0.5277367446298808,3.586951215559342,1561.0,27.564344395893386,0.30461963971616934,0.24897470515172643,0.0,0.13500114077116132,0.07714118107156824,0.0,0.06749975560639727,0.0,0.0,0.0,0.0,1.651648518621958,-1.9488329890893112,0.2650633037912531,-230.7245215584663,-0.09972600386182906,98.03654812105404,98.11142587346556,100.0,1591.5932351595793,100.0,DE
2019-04-01,1.653455793054448,6.8703979084038025,1.653455793054448,3.7989924500473116,4.742196251040731,1.1483379777724068,-0.05178401332077698,-2.5590509595434963,0.8500000000000001,0.3015623985874738,3.586951215559342,1561.0,27.846564700169946,0.6456993160907087,0.9150894582261984,0.0,0.1345904631530915,0.0781971059835745,0.0,0.06774612604017852,0.0,0.0,0.0,0.0,1.6520099735084561,-0.7714391075304263,0.24201799105181365,-231.2565719728071,0.0014458195459918777,99.20573645478662,99.81114258734657,100.0,1591.5932351595793,100.0,DE
2019-07-01,1.008517845206569,2.2641569886840074,1.008517845206569,3.8348138364725948,4.086976277789667,2.0933209666465835,-3.25677754492264,-1.9164381741268333,0.7650000000000006,0.16979994358050643,3.586951215559342,1561.0,27.725028484618306,0.46396524335059475,0.3585703745990125,0.0,0.13417522245037647,0.07926476339460305,0.0,0.067995233923224,0.0,0.0,0.0,0.0,1.5233115478480788,-0.7054402343632091,-0.5561283091837403,-230.80086715053073,-0.5147937026415097,100.22456121089849,100.3777148253069,100.0,1649.131960797359,100.0,DE
2019-10-01,1.1714555367216661,-1.5080130962164873,1.1714555367216661,3.028766676584249,-0.8972377961885769,0.4719215931646481,-5.0965992235231905,-1.269190487546279,0.585,-0.09514862537496338,3.586951215559342,1561.0,28.12134791181215,0.7832316161002995,0.6794527413320438,0.0,0.1337554186630162,0.08034415330465389,0.0,0.06824707925553372,0.0,0.0,0.0,0.0,1.4529403456227963,-0.321053532158345,-0.5051244828657491,-230.64817332552371,-0.28148480890113015,100.0,100.00000000000001,100.0,1649.131960797359,100.0,DE
2020-01-01,1.5597960673620292,-1.3873575314232056,1.5597960673620292,2.2147372226247963,0.9270141578573643,-1.8069916300670563,-0.656264120955008,0.6238479911643946,0.2250000000000001,-0.3961112790659027,-1.0950189930710508,1544.0,28.46388141712576,0.8995370212323717,0.2719251041165106,0.0,0.13333561487565596,0.08142354321470473,0.0,0.06849892458784343,0.0,0.0,0.0,0.0,1.4743114899706429,-0.38460683002688256,-0.0918524512599288,-230.06958040320353,0.08548457739138637,100.23202229555677,99.65376141013536,98.91095451633568,1649.131960797359,100.0,DE
2020-04-01,0.6913918176435274,3.396780909529795,0.6913918176435274,-2.114957071038681,-12.576580923613179,0.4719215931646481,-4.673421407490164,5.982508574176393,-0.11500000000000066,-1.6931307979903387,-1.0950189930710508,1544.0,30.791904106897228,2.945339406727282,1.9486701223792928,0.0,0.13292037417294092,0.08249120062573329,0.0,0.06874803247088893,0.0,0.0,0.0,0.0,1.3177275555052197,4.152536590040086,-0.9606181558649287,-234.06292086148932,-0.6263357378616923,97.12960969936778,100.50361976707588,98.91095451633568,1649.131960797359,100.0,DE
2020-07-01,-0.15691200457839116,-1.129058300203667,-0.15691200457839116,0.20933516080257064,13.384145205154674,1.5080398891069713,-6.759294922514769,0.9787976278726962,-0.4299999999999997,-1.7212140257227726,-1.0950189930710508,1544.0,30.14855184798212,2.423523363363811,1.2811225798952015,0.0,0.13250513347022588,0.08355885803676183,0.0,0.0689971403539344,0.0,0.0,0.0,0.0,1.0227996434884976,0.6130137165932581,-1.68022355242647,-230.43461998514974,-1.1797116480668888,100.43458620866018,100.22033364809569,98.91095451633568,1686.063357298661,100.0,DE
2020-10-01,-0.5998439453928306,-3.279740859474245,-0.5998439453928306,1.475519916004897,4.167501224620729,-0.5628532683097376,-8.361032011299896,-0.37995204990739495,-0.26000000000000023,-1.6881557039440165,-1.0950189930710508,1544.0,29.96184965359769,1.8405017417855385,1.2552918496349914,0.0,0.13208532968286563,0.08463824794681267,0.0,0.06924898568624412,0.0,0.0,0.0,0.0,0.6982709257122319,-0.8169724382114509,-2.0527842910156266,-228.57280946412595,-1.2981148711050625,101.48645944989434,99.40195152659741,98.91095451633568,1686.063357298661,100.0,DE
2021-01-01,1.7222908890240696,7.901181806244395,1.7222908890240696,0.5447072562783539,-2.7962364810488083,-0.0940291559642148,0.2574789802989308,1.2743379808735966,-0.4700000000000002,-1.7531990306582035,2.6207955726659016,1585.0,30.40102351436008,1.9371420972343234,1.665132877731235,0.0,0.13166552589550537,0.08571763785686351,0.0,0.06950083101855384,0.0,0.0,0.0,1.0,0.9030749183745994,2.436878627007985,0.2479793990534267,-231.24716403594928,0.8192159706494702,100.77948306977298,101.38495435945863,101.53747597693786,1686.063357298661,100.0,DE
2021-04-01,2.137959046617688,5.059453539904268,2.137959046617688,5.118414101566238,5.718246457538356,1.6901810802603556,3.2428184434892593,-3.530612440390568,-0.28500000000000014,-0.4423623806113275,2.6207955726659016,1585.0,30.364182778460574,-0.4277213284366532,-0.23047813548506113,0.0,0.13125484827743555,0.08677356276886977,0.0,0.06974720145233508,0.0,0.0,0.0,1.0,1.1500517440232172,2.529743215747004,0.8202314911124682,-231.08246580654077,0.9879073025944707,102.23053500374868,102.67548001259051,101.53747597693786,1686.063357298661,100.0,DE
2021-07-01,3.4571344065088994,4.147643139361179,3.4571344065088994,4.010571100923954,8.95277320258554,1.668249995993687,7.596646024351461,-0.1490874881459714,-0.004999999999999449,-0.32962790372113027,3.6876397043582365,1602.0,29.250620851147985,-0.8979309968341342,-0.3041134727509015,0.0,0.13083960757472052,0.08784122017989832,0.0,0.06999630933538056,0.0,0.0,0.0,1.0,1.6114682765203536,1.558038519076149,2.4343347630204017,-229.88118329073467,1.8456661299885457,104.54445034277187,103.74567201762672,102.62652146060218,1695.272525484877,100.0,DE
2021-10-01,5.303338815890157,4.105076778050787,5.303338815890157,3.8736455101610723,3.619798861569201,1.01150287701115,13.730971335612407,0.47937333555236883,-0.020000000000000018,-0.28312397270481293,3.6876397043582365,1602.0,28.441079926815547,-1.5207697267821396,-1.3870543369577222,0.0,0.13041980378736026,0.08892061008994916,0.0,0.07024815466769027,0.0,0.0,0.0,1.0,2.3498423843943144,1.972409306072933,4.605067890177925,-230.00250276985508,2.953496431495843,105.49481874093173,104.8158640226629,102.62652146060218,1695.272525484877,100.0,DE
2022-01-01,5.907110278409267,10.316267656320832,5.907110278409267,5.491679217284506,3.675898347444928,0.18315023434682942,18.363948932333596,-0.8437073932730854,0.25,0.2622915785255642,3.044658910856768,1634.0,27.80612706661379,-2.594896447746292,-1.8364453351160952,0.0,0.13,0.09,0.0,0.07050000000000001,0.0,0.0,0.0,0.0,3.061295963197305,3.8629095100444886,5.004035360034667,-231.6625950970741,2.8458143152119617,106.46875758665715,107.55429650613787,104.67648942985267,1695.272525484877,100.0,DE
2022-04-01,7.95237785428915,13.240523843423802,7.95237785428915,4.4941012974967,1.7279347783871302,1.7171682666025312,26.587952813321223,3.626787558875222,0.2250000000000001,1.5150724005001281,3.044658910856768,1634.0,27.396688331736314,-2.9674944467242614,-2.8111802708022,0.0,0.13,0.08969199178644764,0.0,0.07039219712525667,-0.3,0.0,0.0,0.0,4.039512341415674,6.7577318245959646,6.802326110265932,-234.5407423633332,3.912865512873476,106.92968009754478,111.17406358199561,104.67648942985267,1695.272525484877,100.0,DE
2022-07-01,8.988951273390011,8.293936815764624,8.988951273390011,3.467214584124978,4.8452263490986525,1.5253772656163456,29.152789904620626,8.698836656155429,0.10999999999999988,1.6876881812739275,8.205738672597906,1739.0,27.5200300450676,-1.7305908060803843,-1.9583974516867546,0.0,0.13,0.08938056125941136,0.0,0.07028319644079398,-1.0,41.6,0.0,0.0,5.029400127810542,7.336674825462609,7.377482996869658,-235.40291997999972,3.9595511455794696,108.23280282855913,113.50330500472144,111.40294682895579,1790.9752467593798,106.50976464697047,DE
2022-10-01,10.265415406008316,9.210933308524005,10.265415406008316,4.799764582557753,8.9499988553003,2.8245478779554745,26.146400149838822,10.063217151153037,0.19500000000000028,1.7580163290275341,8.205738672597906,1739.0,27.180652940227784,-1.2604269865877649,-1.2680368738430243,0.0,0.13,0.08906570841889117,0.0,0.0701729979466119,-0.2,24.8,0.0,0.0,6.076603183450096,6.990654652808814,7.9155730216140014,-235.4681535933057,4.188812222558219,110.68180754717251,116.1473087818697,111.40294682895579,1790.9752467593798,103.80920198754329,DE
2023-01-01,8.361570503656779,2.7008880469146845,8.361570503656779,5.823571081859269,7.7711243446509926,0.6110887632799766,9.871639310132263,10.534048750013536,0.28500000000000014,1.643668219454908,20.061505799586676,1997.0,27.482864778711726,-0.32326228790206524,-0.6037491440779101,0.0,0.13,0.08875085557837098,0.0,0.07006279945242984,-0.8,0.9333333333333332,0.0,0.0,6.533596647491433,5.2847486059488915,5.300274540459474,-234.2005945188716,1.8279738561653458,112.85313655963252,116.93421466792572,127.9308135810378,1790.9752467593798,100.14140471443318,DE
2023-04-01,6.65360999592739,6.408681812506245,6.65360999592739,6.5272937745481485,4.542825549142648,1.9700851305048062,-0.6210269226433418,6.468834566793946,0.27000000000000046,0.2931410215096908,20.061505799586676,1997.0,27.168864077050547,-0.22782425468576561,-0.1934069621347416,0.0,0.13,0.08844284736481861,0.0,0.06995499657768652,-0.8,0.9333333333333332,0.0,0.0,6.557599317178624,5.390710234526978,2.614097654511716,-234.6670585847125,0.09601067874876534,114.14212253307566,118.82278879446018,127.9308135810378,1790.9752467593798,100.13846627826875,DE
2023-07-01,5.581715609430127,4.006359269775572,5.581715609430127,6.519200308389195,4.812852484462837,1.8613058500198676,-3.810182116417282,2.3859774532009936,0.17000000000000037,-0.04655141268903318,13.833581906153203,1997.0,27.643132757830337,0.12310271276273488,0.11088777008847056,0.0,0.13,0.08813141683778235,0.0,0.06984599589322382,-0.8,0.9333333333333332,0.0,0.0,6.3624225756289245,4.783039562105017,0.5523154816195852,-234.46543528104064,-0.7807069661987978,115.52379106777313,120.01888574126535,127.9308135810378,1898.370739725693,100.13846093744978,DE
2023-10-01,2.963773195467656,-1.2608363473258777,2.963773195467656,6.3287991519628495,8.18839422959492,1.0075651988741718,-10.04172294210055,-0.03741661090592707,0.07499999999999973,,13.833581906153203,1997.0,27.952616091019074,0.7719631507912883,0.3652545796733562,0.0,0.13,0.08781656399726215,0.0,0.06973579739904175,-0.8,0.0,0.0,0.0,5.682692699596671,2.008179938097129,-3.1128299879824404,-232.1031276368104,-2.7189195041290146,117.91304872112543,119.64117091595845,127.9308135810378,1898.370739725693,100.0,DE
2024-01-01,2.682407541631804,1.5754254315712757,2.682407541631804,5.6341947465222475,4.992706722888585,-0.7547205635383136,-8.493715128064805,-2.498254647389908,-0.009999999999999787,,2.814305707268794,2054.0,28.068238690350984,0.5853739116392587,0.038359773471333125,0.0,0.13,0.08750171115674196,0.0,0.06962559890485968,0.6,0.0,0.0,0.0,5.0826356680036975,0.9749526970806244,-3.8511891058596293,-231.24880731398113,-2.4002281263718936,119.39403533616328,120.11331444759207,131.58231902626522,1898.370739725693,100.0,DE
2024-04-01,2.537078671334303,5.827366331316242,2.537078671334303,5.372832897833124,3.497378154386155,1.4950444578438749,-6.981213581184242,-3.200104044825691,-0.08499999999999996,,2.814305707268794,2054.0,28.292189495856878,1.1233254188063313,0.6245595098470211,0.0,0.13,0.08719028062970569,0.0,0.06951659822039699,0.6,0.0,0.0,0.0,4.573524268669819,1.479245397593047,-4.0205206458443215,-231.83130435821363,-2.036445597335516,120.4425276013924,121.8759836323576,131.58231902626522,1898.370739725693,100.0,DE
2024-07-01,2.127739844728538,2.3690039633525117,2.127739844728538,5.273648697308975,4.4161156823662395,1.8845293478673142,-10.248926953868986,-2.7796375985877475,-0.1549999999999998,,2.814305707268794,2054.0,28.38598630695781,0.7428535491274757,0.3356515722621568,0.0,0.13,0.08687885010266941,0.0,0.06940759753593428,0.6,0.0,0.0,0.0,4.084367383881562,0.8150778229969831,-4.234682730900387,-231.31952642846022,-1.9566275391530246,121.77961527489175,122.59993704752912,131.58231902626522,2008.399146798919,100.0,DE
2024-10-01,2.494283634946015,0.2053388135440315,2.494283634946015,4.656107357061057,5.718228868603248,0.9756174945365181,-8.238312622940702,-1.561886830158432,-0.1299999999999999,,2.814305707268794,2054.0,28.677560410352132,0.7249443193330596,0.4281940154667051,0.0,0.13,0.08656399726214922,0.0,0.06929739904175222,0.6,0.0,0.0,0.0,3.766350634094453,-0.6849281428671077,-3.1884090646506555,-229.94130391469545,-1.272066999148438,123.53302771007273,122.6628895184136,131.58231902626522,2008.399146798919,100.0,DE
2025-01-01,2.5357115387844686,1.7411370469250897,2.5357115387844686,4.6566546964158295,4.994896080307676,-0.16233769798903452,-6.421472085480184,-1.9770027798407863,-0.3099999999999996,,5.078196601838236,2161.0,28.97024675075806,0.9020080604070779,0.49873031063386053,0.0,0.13,0.08624914442162902,0.0,0.06918720054757016,0.0,0.0,0.0,1.0,3.520222815032456,-1.4604245266874898,-2.546924129219229,-229.12786415634972,-0.9845112762479875,125.08528583947495,123.1979855209317,138.4368994234465,2008.399146798919,100.0,DE
2025-04-01,2.0703614900217993,3.965966136265564,2.0703614900217993,4.969474269703911,4.74865644753848,1.2872261404833552,-9.51927858362387,-1.9196247793658916,-0.3999999999999999,,5.078196601838236,2161.0,29.029588853772037,0.7373993579151583,0.31281134512339037,0.0,0.13,0.08594113620807667,0.0,0.06907939767282684,0.0,0.0,0.0,1.0,3.2302505500303247,-1.5128205529781553,-2.5031627786480195,-228.93219157853153,-1.1598890600085254,126.57910294818969,124.42555870317912,138.4368994234465,2008.399146798919,100.0,DE
2025-07-01,2.0834086902842053,2.421192764402136,2.0834086902842053,5.160047837331261,5.17840995287564,1.4377244454208515,-7.317996424699569,-2.256032515214912,-0.5949999999999998,,5.078196601838236,2161.0,29.03664739021132,0.650661083253512,0.07933327210998653,0.0,0.13,0.08562970568104039,0.0,0.06897039698836413,0.0,0.0,0.0,1.0,3.000882178081101,-2.0950655900903996,-2.000958693597357,-228.24288728141312,-0.9174734877968955,128.22845238817786,125.18098835379293,138.4368994234465,2104.1351073340256,100.0,DE
2025-10-01,2.2581195434031365,0.9041822260197563,2.2581195434031365,4.7807016832211335,4.200844252162739,1.1881327886752224,-5.558737644612766,-2.799547286676418,-0.4849999999999999,,5.078196601838236,2161.0,29.309697309031478,0.6321368986793474,0.1965827327415235,0.0,0.13,0.08531485284052019,0.0,0.06886019849418207,0.0,0.0,0.0,1.0,2.852329651145508,-2.7679798202906625,-1.5082310906913166,-227.41872177487735,-0.5942101077423714,129.58221803672888,125.46427447277308,138.4368994234465,2104.1351073340256,100.0,DE
2026-01-01,,,,4.151798653116412,2.4792839598887895,,,,-0.3899999999999997,,8.086108200090969,2343.0,29.430896304569277,0.4606495538112154,0.49767679105533313,0.0,0.13,0.085,0.0,0.06875,0.0,0.0,0.0,0.0,2.7334876295970334,,,,,130.38789010634656,125.46427447277308,150.09609224855862,2104.1351073340256,100.0,DE
2026-04-01,,,,4.2449827893451975,5.121392992453622,,,,-0.5750000000000002,,8.086108200090969,2343.0,,,,0.0,0.13,0.085,0.0,0.06875,0.0,0.0,0.0,0.0,2.638414012358254,,,,,132.06804211941088,125.46427447277308,150.09609224855862,2104.1351073340256,100.0,DE
