observation_date,gp,gp_q,pi_yoy,gw,gw_q,gp_core,grpe,grpf,slack,gpty,dmw,minwage,transfer_share,h,h_disc,cov_automatic,cov_benchmark,cov_minwage,cov_public,lambda,wedge,scheme,populist,election,pistar,catchup,catchup_bb,real_wage,pigap,exp1,exp10,lvl_wage,lvl_price,lvl_minwage,lvl_benefit,lvl_handout,country
1960-01-01,1.381537073059702,0.3630176085803072,1.381537073059702,4.484781029293217,8.439259684172384,2.0937403954265577,-1.2905931257186976,-5.382654625820782,0.32311903635660677,3.2650077267768145,0.0,1.0,6.283228179021736,,,0.056,0.0,0.0,0.0,0.0504,0.0,0.0,0.0,0.0,1.4614840802483986,0.6557865910398277,,-78.36863027255005,-0.07994700718869652,,,9.665964712508213,11.399005252926335,10.995151538626175,100.91638029782357,100.0,US
1960-04-01,1.8084086798916044,2.396706056808817,1.8084086798916044,4.29878716132488,2.634740064914176,1.7563568938701923,-1.885397027681912,-2.8438090598517762,0.2297176666666667,3.054125473795616,0.0,1.0,6.38782055547423,,,0.056,0.0,0.0,0.0,0.0504,0.0,0.0,0.0,0.0,1.5308690001770398,1.3686481669661106,,-78.30912177052373,0.2775396797145646,,,9.72984312154251,11.467510443810234,10.995151538626175,100.91638029782357,100.0,US
1960-07-01,1.349609370697591,0.22536481524664254,1.349609370697591,4.304346822697225,2.3209170224733455,1.205494050535405,-1.301118112809696,-3.0745940416565976,-0.06350377400716223,2.8422043658362703,0.0,1.0,6.54585939105864,,,0.056,0.0,0.0,0.0,0.0504,0.0,0.0,0.0,0.0,1.49461707428115,1.5833689866263683,,-77.78523371871705,-0.14500770358355908,,,9.786462620459275,11.473973197667206,10.995151538626175,100.91638029782357,100.0,US
1960-10-01,1.3863282045333936,2.5602243374978073,1.3863282045333936,3.7632375584068622,1.658033462067543,1.0893353907883707,-2.1275133559296555,-1.2117957715285343,-0.7898966666666656,2.334382467163209,0.0,1.0,6.774603408917171,,,0.056,0.0,0.0,0.0,0.0504,0.0,0.0,0.0,0.0,1.4729593003315986,2.4992691612293925,,-78.01078143757462,-0.08663109579820505,,,9.827112517117467,11.54764859163668,10.995151538626175,100.91638029782357,100.0,US
1961-01-01,1.4968486103580592,0.8050992318789696,1.4968486103580592,2.535911082611886,3.5299537809924786,0.8686265255960279,-0.9026156804068486,0.5719972139822671,-1.3161249999999995,1.5103059830030907,0.0,1.0,7.167935608479537,0.8847074294577997,,0.056,0.0,0.0,0.0,0.0504,0.0,0.0,0.0,0.0,1.4777371623368907,2.401123374056766,0.035364530109660564,-77.32956780029619,0.019111448021168487,,,9.914219438527873,11.570914505521777,10.995151538626175,102.40549828178692,100.0,US
1961-04-01,0.8641544152655278,-0.1340707235613081,0.8641544152655278,3.2732062758283664,5.583920837780099,0.9745610430513363,-3.2732062758283553,-2.2781731905115343,-1.5088350000000004,1.3226595560600796,0.0,1.0,7.275553455631107,0.8877329001568762,-0.5398409539280403,0.056,0.0,0.0,0.0,0.0504,0.0,0.0,0.0,0.0,1.355020612922618,1.4285398558357798,-0.6667145849115119,-75.90006990996089,-0.4908661976570903,,,10.053590512784526,11.567036853207595,10.995151538626175,102.40549828178692,100.0,US
1961-07-01,1.1981555349959816,1.5613692941684576,1.1981555349959816,3.4410743085797613,2.992389153478925,1.513542406510071,-3.4410743085797666,-2.4460412232629514,-1.2679913202921549,1.4869836248852464,4.879016416943204,1.05,7.196424513294448,0.6505651222358091,-0.714457954938154,0.056,0.0,0.0,0.0,0.0504,0.0,0.0,0.0,0.0,1.3236475973372908,1.6196576158495475,-0.2964615392851684,-75.54231494513327,-0.12549206234130916,,,10.129083178006878,11.612276130206396,11.544909115557484,102.40549828178692,100.0,US
1961-10-01,0.7026965505054772,0.5783883995357897,0.7026965505054772,3.754880479837963,2.9132581471003505,1.2917294785835143,-4.495076309404772,-4.193959121586966,-0.6935445785522463,2.1767325564198305,13.976194237515863,1.15,6.927503674051056,0.15290026513388455,-0.24129010693291664,0.056,0.0,0.0,0.0,0.0504,0.0,0.0,0.0,0.0,1.199457387970928,1.5662692818493014,-0.7702627498261214,-74.9585975082421,-0.49676083746545086,,,10.203124061205722,11.629079290234522,12.6444242694201,102.40549828178692,100.0,US
1962-01-01,0.8896855837736695,1.5530553649517387,0.8896855837736695,4.453452637254074,6.324242410656922,1.2889544725997126,-5.192554301892994,-4.453452637254074,-0.11877433333333265,2.6355904314637133,13.976194237515863,1.15,6.960487038938883,-0.20744856954065388,0.21594766213340977,0.056,0.0,0.0,0.0,0.0504,0.0,0.0,0.0,0.0,1.1375030271314763,0.8698992831789667,-0.5880515785632212,-73.76580074681578,-0.24781744335780687,,,10.365723647838484,11.674318567233321,12.6444242694201,103.55097365406642,100.0,US
1962-04-01,1.298935831793635,1.5029302685185542,1.298935831793635,3.7274916847910067,2.6800770279278296,1.3911406799179016,-2.5422926260895595,-2.7422620404898845,-0.010291333333333874,3.03761091712082,13.976194237515863,1.15,6.845812110514174,-0.4297413451169324,0.322840669475296,0.056,0.0,0.0,0.0,0.0504,0.0,0.0,0.0,0.0,1.169789588063908,1.1133307818021194,-0.056084781128983074,-73.4715140569635,0.12914624372972705,,,10.43540918496681,11.718265293460728,12.6444242694201,103.55097365406642,100.0,US
1962-07-01,1.194968855415457,1.1455013886557452,1.194968855415457,3.686405035390461,2.828042555876742,1.2793351459909452,-3.834443552433908,-2.592302217569664,-0.03471619288126604,3.37796424936177,9.097177820572657,1.15,6.87854165374455,-0.3178828595498978,0.4505054663192132,0.056,0.0,0.0,0.0,0.0504,0.0,0.0,0.0,0.0,1.1748254415342179,1.1681579300920788,-0.12867874192183382,-73.05087876515823,0.02014341388123908,,,10.509450068165657,11.75187161351698,12.6444242694201,103.55097365406642,100.0,US
1962-10-01,1.292050440670911,0.966714740557606,1.292050440670911,3.851997296781695,3.575627192665287,1.1696039763191113,-2.523564476908252,-2.2152995503611494,0.007990666666666257,3.828503257252197,0.0,1.15,6.954381614029463,0.02687793997840776,0.5433739231444643,0.056,0.0,0.0,0.0,0.0504,0.0,0.0,0.0,0.0,1.1982704413615566,0.947411532253895,0.09259305269998297,-72.39865065213134,0.09377999930935443,,,10.603815899693599,11.780307730487655,12.6444242694201,103.55097365406642,100.0,US
1963-01-01,1.2214732334928424,1.2707465362394643,1.2214732334928424,3.2654275550672462,3.9779634437991263,1.167122001659937,-2.0854728619517093,-1.5319063549126488,-0.21547866666666682,4.241938255773891,0.0,1.15,7.193233078618308,0.23274603967942536,-0.09630780123513422,0.056,0.0,0.0,0.0,0.0504,0.0,0.0,0.0,0.0,1.2029109997878138,0.7797861336104575,0.0839702063613661,-71.72184642524144,0.01856223370502863,,,10.709795987409596,11.81779170285809,12.6444242694201,104.6964490263459,100.0,US
1963-04-01,1.0315026167381447,0.7430478014997632,1.0315026167381447,3.095713580722803,2.001221130550057,1.1621895205985666,-3.390699045364942,-2.01227936415177,-0.17178133333333356,4.278862880013268,0.0,1.15,6.878176353367656,0.03236424285348177,-0.3693945926369855,0.056,0.0,0.0,0.0,0.0504,0.0,0.0,0.0,0.0,1.16862932317788,1.0105685250420748,-0.13828697132576329,-71.40730309297884,-0.13712670643973524,,,10.763511922279346,11.839765065971791,12.6444242694201,104.6964490263459,100.0,US
1963-07-01,1.3546197963238527,2.437970106998577,1.3546197963238527,3.408572221812367,4.079477120234998,1.263174690590052,-2.965112515025803,-1.6825315285123765,0.07241099999999978,4.275849885111238,2.857337244405611,1.1833333333333333,6.8315777767186185,-0.0469638770259323,-0.13663886787040463,0.056,0.0,0.0,0.0,0.0504,0.0,0.0,0.0,0.0,1.2058274178070745,1.113078253625872,0.1797943547896348,-70.99692633966973,0.14879237851677818,,,10.87384735606586,11.912147909169873,13.01092932070764,104.6964490263459,100.0,US
1963-10-01,1.3838412064212324,1.083600380947125,1.3838412064212324,3.656321259110973,4.56662334185971,1.5731839918414092,-4.097174287587552,-2.4728754944106757,0.017080720265706617,3.8997710616283268,8.338160893905114,1.25,6.808518212786218,-0.14586340124324443,-0.595865143401308,0.056,0.0,0.0,0.0,0.0504,0.0,0.0,0.0,0.0,1.241430175529906,0.7245304805859405,0.18557076505967585,-70.12617059944162,0.14241103089132645,,,10.998700610087445,11.94446167845473,13.74393942328272,104.6964490263459,100.0,US
1964-01-01,1.4765223188752952,1.6414709860557153,1.4765223188752952,2.7582030536593916,0.38549062199280115,1.8809331957496234,-3.6418612337092036,-1.5836033237297875,0.12886098225911446,3.5219830946246367,8.338160893905114,1.25,6.84199551686389,-0.35123756175441806,-0.3976293753691743,0.056,0.0,0.0,0.0,0.0504,0.0,0.0,0.0,0.0,1.2884486041989838,1.5463502210174482,0.2736113190874814,-70.44016569045735,0.1880737146763114,,,11.009305459202247,11.993578607767716,13.74393942328272,106.18556701030923,100.0,US
1964-04-01,1.4522851976747742,0.6460993166976792,1.4522851976747742,3.0536579383532825,3.183040669325621,1.5633460661929277,-3.2014776252843435,-1.5563037593370188,0.4077060000000001,3.492277433456109,8.338160893905114,1.25,6.542320371097294,-0.33585598227036106,-0.026640561759738002,0.056,0.0,0.0,0.0,0.0504,0.0,0.0,0.0,0.0,1.3212159228941418,1.3176516501561366,0.2836558744968942,-69.80593035230036,0.13106927478063235,,,11.097262626652597,12.012966869338628,13.74393942328272,106.18556701030923,100.0,US
1964-07-01,1.0684900100016659,0.902789356306144,1.0684900100016659,3.08504669720322,4.205032155634747,1.350669883936506,-3.380467886946359,-2.0212068766976343,0.620222568511962,3.2922905552533743,5.480823649499503,1.25,6.485501754269392,-0.34607602244922653,-0.3341671763669514,0.056,0.0,0.0,0.0,0.0504,0.0,0.0,0.0,0.0,1.2706707403156465,0.8746720059772173,-0.1373374078054086,-68.98036965246816,-0.20218073031398065,,,11.214538849919732,12.040110435537908,13.74393942328272,106.18556701030923,100.0,US
1964-10-01,1.2581487538121383,1.8422353561890148,1.2581487538121383,2.4649044296491063,2.086054271643256,1.3436894672242516,-2.9077095812223286,-0.8733588990591623,0.6663403333333342,2.994897606002234,0.0,1.25,6.439180777953991,-0.3693374348322273,-0.21129673808559454,0.056,0.0,0.0,0.0,0.0504,0.0,0.0,0.0,0.0,1.2681663430149448,1.234256289794871,0.016718578282232333,-68.91941492360465,-0.010017589202806487,,,11.273176961553297,12.095690118707862,13.74393942328272,106.18556701030923,100.0,US
1965-01-01,1.1571970983812463,1.2376643643321472,1.1571970983812463,3.5320872414256854,4.654221869099118,1.23458358222992,-2.795164230770836,-2.897164473559799,0.7459770000000008,2.962416551887359,0.0,1.25,6.592476109834281,-0.24951940702960945,0.012235637376579622,0.056,0.0,0.0,0.0,0.0504,0.0,0.0,0.0,0.0,1.245972494088205,0.7747890831827391,-0.13125150581773748,-68.0652755474129,-0.0887753957069588,,,11.405112712728824,12.1331740910783,13.74393942328272,107.44558991981668,100.0,US
1965-04-01,1.6328200124210657,2.5485909728569567,1.6328200124210657,3.632046434495928,3.582877441606591,1.4373964112068816,-1.5821942796618638,-1.2197637582336718,0.9923773333333328,2.775106224675161,0.0,1.25,6.413447876190043,-0.128872494907252,0.11096923450553531,0.056,0.0,0.0,0.0,0.0504,0.0,0.0,0.0,0.0,1.3233419977547771,0.9299959075733426,0.31160408952692387,-67.80670393022545,0.30947801466628855,,,11.507729408087569,12.210727137361957,13.74393942328272,107.44558991981668,100.0,US
1965-07-01,1.7030746914938,1.1838080725970812,1.7030746914938,3.468555798789019,3.5510696128071118,1.3326696463699772,-1.273881026318402,-0.651468102119368,1.3054493333333328,2.6146135236169936,0.0,1.25,6.9056655311110795,0.420163776841688,0.6117702407985361,0.056,0.0,0.0,0.0,0.0504,0.0,0.0,0.0,0.0,1.3992885365025818,0.7330336038462235,0.43240395117815345,-67.214888545173,0.3037861549912182,,,11.61034610344631,12.246918558960996,13.74393942328272,107.44558991981668,100.0,US
1965-10-01,1.7688328568740364,2.1052680177099603,1.7688328568740364,3.9520758162283176,4.02013434140045,1.3258735790946385,-1.612787858757786,-0.9451100226359421,1.5851049999999995,2.8901046940422837,0.0,1.25,6.523095895149222,0.08391511719523098,0.4186302553934005,0.056,0.0,0.0,0.0,0.0504,0.0,0.0,0.0,0.0,1.4731974005768727,0.7040062101506237,0.5006665138590916,-66.73617196425032,0.2956354562971637,,,11.727622326713444,12.311546097530712,13.74393942328272,107.44558991981668,100.0,US
1966-01-01,2.389461611691379,3.7201793836015185,2.389461611691379,3.65971440915569,3.484776240808607,1.4213437250055527,-1.6247604676277394,1.9799141615356453,1.8312633333333337,3.116433704192012,0.0,1.25,6.588162856922958,-0.004313252911322674,0.5318853460241507,0.056,0.0,0.0,0.0,0.0504,0.0,0.0,0.0,0.0,1.656450242799774,1.2029549000971542,1.143489117603174,-66.79502274994856,0.7330113688916051,,,11.830239022072186,12.426583116184803,13.74393942328272,109.27835051546387,100.0,US
1966-04-01,2.6531742192149377,3.6034414029511908,2.6531742192149377,3.873063718169867,4.436274677663299,2.1180822079446493,-2.863682401247958,0.8825111326726365,1.8771956666666667,3.2243748086593085,0.0,1.25,6.5418955416433695,0.12844766545332675,0.5506141561206517,0.05754004106776181,0.0,0.0,0.0,0.05178603696098563,0.0,0.0,0.0,0.0,1.8557950380828068,1.4213804477605976,1.3298322214601606,-66.58681443127053,0.7973791811321309,,,11.962174773247712,12.53903503329611,13.74393942328272,109.27835051546387,100.0,US
1966-07-01,3.2193849879549763,3.4486511475572357,3.2193849879549763,4.082199452025481,4.387612548229569,2.9103910666005373,-2.6453931253335004,0.3450829157733204,1.956194333333333,3.2966598082272984,0.0,1.25,6.718443471016636,-0.1872220600944441,0.07175770826809774,0.05909719370294319,0.0,0.0,0.0,0.05318747433264887,0.0,0.0,0.0,0.0,2.128513028057241,1.617929382624709,1.8200964514523945,-66.35207408110243,1.0908719598977354,,,12.09411052442324,12.64760929809323,13.74393942328272,109.27835051546387,100.0,US
1966-10-01,3.507321846181366,3.257015450615519,3.507321846181366,4.042191449891552,3.8601023328647344,3.3867778731184295,-2.322951395854261,0.3541208922200556,2.0349150000000003,3.344201679360431,0.0,1.25,7.216566706674094,0.6934708115248711,0.8488177243495199,0.06067145790554415,0.0,0.0,0.0,0.054604312114989735,0.0,0.0,0.0,0.0,2.4042747916820657,1.8687667547318938,2.034124445604493,-66.20130236054017,1.1030470544993003,,,12.211386747690376,12.751013359804775,13.74393942328272,109.27835051546387,100.0,US
1967-01-01,2.8303776162851957,1.0124024640168372,2.8303776162851957,4.245634597237791,4.29854883019356,3.4674102643685423,-2.2512665005042622,-3.056324245842579,1.9133706666666668,3.221235806595124,7.696104113612822,1.3499999999999999,7.583577584371616,0.9954147274486582,0.7441842111079265,0.06224572210814511,0.0,0.0,0.0,0.0560211498973306,0.0,0.0,0.0,0.0,2.4894953566026916,1.4295284065035645,1.1739273734854216,-65.37976576899598,0.3408822596825041,,,12.343322498865902,12.783327129089633,14.843454577145337,112.8293241695303,100.0,US
1967-04-01,2.5343578191354688,2.419362214352283,2.5343578191354688,4.082199452025526,3.7825340968142385,3.240342405465979,-1.3927238320133706,-3.8847660216537294,1.924936666666667,3.241463837367847,11.332868530700296,1.3999999999999997,7.6700710419024505,1.1281755002590808,0.9164284438334338,0.06378576317590691,0.0,0.0,0.0,0.05740718685831622,0.0,0.0,0.0,0.0,2.498467849109247,1.5087396899067045,0.678562781052662,-65.0389727983805,0.03588997002622163,,,12.460598722133033,12.860880175373289,15.393212154076643,112.8293241695303,100.0,US
1967-07-01,2.6722033657045063,4.000033333833386,2.6722033657045063,4.387188432901201,5.607568471732272,3.4033425604396594,-2.1303930763981684,-3.3103302538881385,1.9696720000000005,3.160899713921778,11.332868530700296,1.3999999999999997,7.7679929692135445,1.0495494981969085,0.8617090995748504,0.0653429158110883,0.0,0.0,0.0,0.05880862422997947,0.0,0.0,0.0,0.0,2.533214952428299,1.4921081030138765,0.5436903376472655,-64.63708901390575,0.13898841327620737,,,12.636513057033735,12.99013525251272,15.393212154076643,112.8293241695303,100.0,US
1967-10-01,2.946530267575742,4.354323058100462,2.946530267575742,4.575578174213701,4.613661298114735,3.4652167705572,-2.6064568851955183,-3.4093841994293883,1.8809840000000002,2.7028210590492097,11.332868530700296,1.3999999999999997,7.8437184385017344,0.627151731827641,0.14377016302354972,0.06691718001368925,0.0,0.0,0.0,0.060225462012320326,0.0,0.0,0.0,0.0,2.6158780154577874,1.7984446634829254,0.5422554758936764,-64.5722544539022,0.3306522521179547,,,12.783108336117655,13.132315837366093,15.393212154076643,112.8293241695303,100.0,US
1968-01-01,3.6728694108002724,3.9177590369149584,3.6728694108002724,5.093693636275454,6.37101067844057,4.101671752739344,-3.276732400205551,-2.3724372837869434,2.058952666666667,2.4308475515712358,12.733942237660155,1.5333333333333332,7.997384422569613,0.413806838197997,0.26273905445436885,0.06849144421629022,0.0,0.0,0.0,0.0616422997946612,0.0,0.0,0.0,0.0,2.8272762945262846,1.530469598578172,1.1833740541975808,-63.95894154352081,0.8455931162739878,,,12.988341726835138,13.261570914505521,16.8592323592268,115.80756013745696,100.0,US
1968-04-01,4.037968566083583,3.879758835485525,4.037968566083583,5.715841383994835,6.271125087691765,4.348511193973836,-4.742935864182929,-1.9418085857101586,2.236991818745933,2.3741970702054473,13.353139262452302,1.6000000000000003,8.303573658317308,0.6335026164148577,0.6278182545525428,0.07004859685147159,0.0,0.0,0.0,0.06304373716632443,0.0,0.0,0.0,0.0,3.0694147488377443,1.2011786925996333,1.5395007169743358,-63.361099980469206,0.9685538172458386,,,13.193575117552623,13.390825991644952,17.592242461801884,115.80756013745696,100.0,US
1968-07-01,4.380262265839274,5.369208132856151,4.380262265839274,5.857530079045725,6.1743232519358315,4.669382288309265,-4.335009319339145,-2.4122132377067174,2.2818421999613463,2.469172091068467,13.353139262452302,1.6000000000000003,8.387371308517185,0.6193783393036403,0.4389481656869815,0.07160574948665298,0.0,0.0,0.0,0.06444517453798768,0.0,0.0,0.0,0.0,3.3315842522380503,1.2590585932350677,1.8470473134109753,-63.15982120069934,1.048678013601224,,,13.398808508270111,13.571783099640156,17.592242461801884,115.80756013745696,100.0,US
1968-10-01,4.522175020352037,4.921974076151514,4.522175020352037,6.331931490485854,6.511266943875249,5.072548894028994,-4.674434981064607,-2.261326913538575,2.426905,2.6358747685416244,13.353139262452302,1.6000000000000003,8.413106713457646,0.5693882749559107,0.7515477091980253,0.07318001368925393,0.0,0.0,0.0,0.06586201232032854,0.0,0.0,0.0,0.0,3.5697024058608475,1.1843473511047264,1.9062970048942498,-62.762497983768384,0.9524726144911897,,,13.618701426895985,13.739814699921412,17.592242461801884,115.80756013745696,100.0,US
1969-01-01,4.758271499101507,4.862144951912839,4.758271499101507,6.128832397128203,5.558614305009968,5.190058658382446,-4.344296365127173,-2.2731596972463075,2.438901,2.696297434638967,4.255961441879618,1.6000000000000003,8.540423676682254,0.5430392541126414,0.6073129594453179,0.0747542778918549,0.0,0.0,0.0,0.06727885010266942,0.0,0.0,0.0,0.0,3.8074162245089793,1.3145222118734026,1.9309952045752228,-62.5883806454941,0.950855274592528,,,13.809275289705083,13.907846300202673,17.592242461801884,120.9621993127147,100.0,US
1969-04-01,5.355906535710986,6.270298981923439,5.355906535710986,6.245301464654984,6.7370013577988885,5.751809834913191,-2.979705167249705,-1.878606799406346,2.417876307169596,2.4048702686003067,0.0,1.6000000000000003,8.492104046524076,0.18853038820676876,0.006143773775898587,0.0762943189596167,0.0,0.0,0.0,0.06866488706365503,0.0,0.0,0.0,0.0,4.117114286749381,1.4878961774079258,2.2864917868732415,-62.47170505152524,1.2387922489616052,,,14.043827736239347,14.127579931339703,17.592242461801884,120.9621993127147,100.0,US
1969-07-01,5.376642415566035,5.452151652276349,5.376642415566035,6.152523300628898,5.803210595831487,5.761451418993069,-3.442330322849782,-0.4837296709716443,2.297197333333334,2.0988630604011353,0.0,1.6000000000000003,8.419554851962834,0.0321835434456505,-0.1585252323305384,0.07785147159479809,0.0,0.0,0.0,0.07006632443531828,0.0,0.0,0.0,0.0,4.369019912512711,1.6654244915435896,2.045058163327985,-62.383940315636444,1.007622503053324,,,14.249061126956835,14.321462547048847,17.592242461801884,120.9621993127147,100.0,US
1969-10-01,5.668793629657287,6.090578932516522,5.668793629657287,6.258559280887388,6.935410864909208,5.680863244974921,-3.4224475187176,-0.14154470031315647,2.3102213333333337,1.801036396815786,0.0,1.6000000000000003,8.463486595935771,0.05037988247812569,-0.30027160428188565,0.07942573579739905,0.0,0.0,0.0,0.07148316221765914,0.0,0.0,0.0,0.0,4.628974655941627,1.660999924123864,2.0990912237964396,-62.17273233253826,1.0398189737156605,,,14.498273101399498,14.54119617818588,17.592242461801884,120.9621993127147,100.0,US
1970-01-01,6.04059230730809,6.349339662516051,6.04059230730809,5.975000440577372,4.424378943769902,5.858695032583494,-3.6884179668770942,1.2313179594435564,1.723631699879964,1.2654362735878166,0.0,1.6000000000000003,8.541698319333811,0.00127464265155669,-0.8059607912642217,0.081,0.0,0.0,0.0,0.0729,0.0,0.0,0.0,0.0,4.911298186214919,2.3185131426243544,2.233176082799111,-62.6539725122248,1.1292941210931708,,,14.659527908391807,14.773855317036855,17.592242461801884,127.72050400916373,100.0,US
1970-04-01,5.863135516321316,5.560471817976342,5.863135516321316,5.582372627782295,5.166490106618582,6.098417699918723,-3.594235572399379,0.9282815323756965,1.137433333333333,0.9432299028501789,0.0,1.6000000000000003,9.692696460442843,1.2005924139187663,-0.0581060526121453,0.08239598540145986,0.0,0.0,0.0,0.07415638686131387,0.0,0.0,0.0,0.0,5.101665652236199,2.583818702100153,1.7460212295719355,-62.752467940064285,0.7614698640851172,,,14.8501017712009,14.980663440459944,17.592242461801884,127.72050400916373,100.0,US
1970-07-01,5.530149629048786,4.120208103186229,5.530149629048786,5.795827676324228,6.657030789999219,6.016852146645313,-3.5485420911183647,-1.1923227190230645,0.7516253333333331,0.8615510351953737,0.0,1.6000000000000003,9.491547613203068,1.0719927612402327,-0.09236749692068091,0.08380748175182481,0.0,0.0,0.0,0.07542673357664234,0.0,0.0,0.0,0.0,5.187362447598717,2.0493369318186794,1.1611297165360748,-62.11826226836102,0.3427871814500696,,,15.099313745643558,15.135769533027258,17.592242461801884,127.72050400916373,100.0,US
1970-10-01,5.448818528406951,5.765254529949182,5.448818528406951,5.2202890690600245,4.633256435852395,6.257184763579149,-1.3033392615048682,-1.8737734396053196,0.0995276666666669,0.7936540790360491,0.0,1.6000000000000003,9.891083024583239,1.427596428647468,-0.6336413139088979,0.08523448905109489,0.0,0.0,0.0,0.0767110401459854,0.0,0.0,0.0,0.0,5.239653663760364,2.46385699660744,0.8198438724653245,-62.40126179188524,0.20916486464658757,,,15.27522808054426,15.35550316416429,17.592242461801884,127.72050400916373,100.0,US
1971-01-01,4.699711488058389,3.3529115011218025,4.699711488058389,6.203539091945265,8.357379035310863,5.692593679600977,-1.6543466451889144,-4.332736230958567,0.014448666666666554,1.2289844702979447,0.0,1.6000000000000003,9.855197716541168,1.3134993972073572,-0.34314845004044603,0.08666149635036496,0.0,0.0,0.0,0.07799534671532847,0.0,0.0,0.0,0.0,5.131665228619969,1.243558242301603,-0.21158669815653042,-61.150144908337936,-0.4319537405615801,,,15.597737694528881,15.48475824130372,17.592242461801884,134.93699885452457,100.0,US
1971-04-01,4.22360072750414,3.6560287757593457,4.22360072750414,6.497031339052484,6.340459095047457,4.890754194995317,-3.396007664796488,-3.5593463163773875,0.0630159999999984,1.7375012464128703,0.0,1.6000000000000003,10.520158931848894,0.8274624714060513,-0.2134664141212156,0.08805748175182482,0.0,0.0,0.0,0.07925173357664234,0.0,0.0,0.0,0.0,4.950052328396803,0.7050246003688727,-0.8780649247320591,-60.47903732851589,-0.7264516008926636,,,15.846949668971542,15.626938826157094,17.592242461801884,134.93699885452457,100.0,US
1971-07-01,4.181211051298739,3.950649398364625,4.181211051298739,6.21083862842795,5.512259947501086,4.4416499774842855,-1.7372492442888132,-2.8716302225969326,-0.05482772191365459,2.161079326207649,0.0,1.6000000000000003,10.35993934249554,0.8683917292924725,-0.3584068266118008,0.08946897810218979,0.0,0.0,0.0,0.08052208029197082,0.0,0.0,0.0,0.0,4.7962840729771905,0.5290510726976194,-1.0061513962999777,-60.08863469123181,-0.6150730216784517,,,16.06684258759742,15.782044918724408,17.592242461801884,134.93699885452457,100.0,US
1971-10-01,3.4742948443873267,2.9375897023035336,3.4742948443873267,6.41185673263176,5.437328852667633,3.374192201615145,-2.889480010751197,-2.7660511329514414,0.060843666666666074,2.6241118766896663,0.0,1.6000000000000003,10.365036681689139,0.47395365710589943,0.1604208433831275,0.09089598540145985,0.0,0.0,0.0,0.08180638686131386,0.0,0.0,0.0,0.0,4.531886227259218,0.11753772354834524,-1.765358819373037,-59.463699903640766,-1.057591382871891,,,16.286735506223295,15.898374488149896,17.592242461801884,134.93699885452457,100.0,US
1972-01-01,3.4457879923687873,3.238884093047645,3.4457879923687873,7.424222737309538,12.406843054021977,3.2662312462601317,-4.914680752054945,-2.7339348683638187,0.24327333333333367,2.9766467352754287,0.0,1.6000000000000003,10.552782758045149,0.6975850415039814,0.6447184862254315,0.09232299270072993,0.0,0.0,0.0,0.08309069343065693,0.0,0.0,0.0,0.0,4.3146665802811315,-1.9265433923305508,-1.6858772362511818,-57.17171016339723,-0.8688785879123442,,,16.79981898301701,16.027629565289327,17.592242461801884,140.77892325314997,100.0,US
1972-04-01,3.174869831458027,2.5723561321163047,3.174869831458027,7.225611977264812,5.546016054868552,3.0060066805800645,-4.3413995143362945,-3.730741872739707,0.32569055557251136,3.2534835192071005,0.0,1.6000000000000003,10.425950208992049,-0.094208722856845,-0.3210019930035265,0.0937344890510949,0.0,0.0,0.0,0.0843610401459854,0.0,0.0,0.0,0.0,4.08670723051651,-2.1882190167244318,-1.7751824969387764,-56.4282951827091,-0.9118373990584834,,,17.034371429551275,16.13103362700087,17.592242461801884,140.77892325314997,100.0,US
1972-07-01,2.9852963149681333,3.19235533240505,2.9852963149681333,7.045166095061139,4.790476418686396,2.9054031393020097,-4.575904836023978,-3.022097422328218,0.47465033333333384,3.302443602769828,0.0,1.6000000000000003,10.248280699120414,-0.11165864337512599,0.004741051923540476,0.09514598540145985,0.0,0.0,0.0,0.08563138686131387,0.0,0.0,0.0,0.0,3.866425047406835,-2.079645652875854,-1.8109877580090572,-56.02876491113879,-0.8811287324387016,,,17.239604820268763,16.260288704140297,17.592242461801884,140.77892325314997,100.0,US
1972-10-01,3.278982282299081,4.112333571627325,3.278982282299081,7.37221448709473,6.745522420801997,2.8899349563349386,-4.328765957069203,-2.5280757081264316,0.690039333333333,3.6175656803555496,0.0,1.6000000000000003,10.850710437281526,0.4856737555923876,0.7242279144984265,0.09657299270072993,0.0,0.0,0.0,0.08691569343065694,0.0,0.0,0.0,0.0,3.7489364943852843,-2.232787451782009,-1.2529039449601367,-55.37046769884514,-0.46995421208620325,,,17.532795378436603,16.42832030442156,17.592242461801884,140.77892325314997,100.0,US
1973-01-01,4.0305732247559956,6.245247862875303,4.0305732247559956,5.7643074344758904,5.975214843546617,2.791580745887279,-1.2814248018750474,1.9675173439211324,1.1384120623270668,3.6920752216531403,0.0,1.6000000000000003,10.880808689781329,0.3280259317361797,0.6770811287609608,0.098,0.0,0.0,0.0,0.0882,0.0,0.0,0.0,0.0,3.8052638404594266,-1.6246437556854048,-0.2840933555251359,-55.437975953677324,0.225309384296569,,,17.796666880787654,16.686830458700417,17.592242461801884,145.13172966781204,100.0,US
1973-04-01,5.457316613307928,8.279329686324033,5.457316613307928,5.768418877259718,5.562461826003862,3.0656606375360607,1.0401802731346443,6.258067762054642,1.1530016666666665,3.6732654278547496,0.0,1.6000000000000003,10.80334793308553,0.37739772409347977,0.66165943711827,0.10128767123287671,0.0,0.0,0.0,0.09115890410958905,0.0,0.0,0.0,0.0,4.135674395029127,-0.440591881658122,1.3706093827914172,-56.117192918757354,1.321642218278801,,,18.04587885523031,17.035819166976882,17.592242461801884,145.13172966781204,100.0,US
1973-07-01,6.612708382270904,7.813922408256957,6.612708382270904,6.1824382008339285,6.446553712983238,3.334877395362268,0.8793185205614285,9.682270827219385,1.3003866195678713,3.542161808368421,0.0,1.6000000000000003,10.72893244176494,0.48065174264452504,0.777427661251945,0.10461187214611872,0.0,0.0,0.0,0.09415068493150686,0.0,0.0,0.0,0.0,4.631081192477482,0.2924701822153821,2.7462833348640694,-56.459035092575796,1.9816271897934223,,,18.339069413398153,17.3718823675394,17.592242461801884,145.13172966781204,100.0,US
1973-10-01,8.082918038414988,9.993172196203659,8.082918038414988,6.003424494205989,6.029467594290239,4.471246777989668,6.279863533265084,11.710595310989735,1.3471638997395834,3.221701994793924,0.0,1.6000000000000003,10.681767710415278,-0.16894272686624745,0.2620939036755849,0.10797260273972603,0.0,0.0,0.0,0.09717534246575343,0.0,0.0,0.0,0.0,5.321448561664983,1.6037210991057975,4.333981544029704,-57.44996124305415,2.7614694767500048,,,18.617600443657594,17.811349629813463,17.592242461801884,145.13172966781204,100.0,US
1974-01-01,9.453528631340014,11.727690234575405,9.453528631340014,5.916993504485513,5.629490884664712,5.289171860758524,17.246824026077725,11.705669648160278,0.9932831446329757,2.762148607123638,0.0,1.6000000000000003,11.046002559439618,0.16519386965828803,-0.3214237008962869,0.11133333333333334,0.0,0.0,0.0,0.10020000000000001,0.0,0.0,0.0,0.0,6.147864575599989,3.3404749691634734,5.648264790880587,-58.9745110805318,3.3056640557400243,,,18.881471946008645,18.34129544608512,17.592242461801884,155.09736540664366,100.0,US
1974-04-01,10.026409113275214,10.570851614064836,10.026409113275214,6.752957555882766,8.906318031592875,6.830534997482296,21.17454318670769,7.665660900899884,0.9387150000000002,2.05214344845126,15.4150679827258,1.8666666666666665,11.565350689047053,0.762002755961523,0.431026738550897,0.11462100456621005,0.0,0.0,0.0,0.10315890410958904,0.0,0.0,0.0,0.0,6.923573483135034,3.750695334265224,5.890734718246088,-59.39064447614979,3.10283563014018,,,19.30659825535201,18.832464739214956,20.524282872102194,155.09736540664366,100.0,US
1974-07-01,10.848064299407012,11.100543152784148,10.848064299407012,7.393666594345261,9.009389866833217,9.185869622395515,21.43134269723369,3.4380443724047915,0.5167812029520675,1.3770905414283385,22.314355131420953,2.0,11.871094513119086,1.142162071354147,0.4044368915458343,0.11794520547945206,0.0,0.0,0.0,0.10615068493150685,0.0,0.0,0.0,0.0,7.70847164638943,4.216009747691338,6.21698310692953,-59.913432797637526,3.1395926530175817,,,19.746384092603762,19.362410555486623,21.99030307725235,155.09736540664366,100.0,US
1974-10-01,11.37432790111177,12.098226603022688,11.37432790111177,7.7981226315333885,7.64729174304275,10.406935989420685,14.791568901725169,3.546340774245116,-0.43918046951294,0.676874064266042,22.314355131420953,2.0,12.189538559349643,1.5077708489343644,-0.27667834617811327,0.12130593607305937,0.0,0.0,0.0,0.10917534246575343,0.0,0.0,0.0,0.0,8.441642897333898,5.223385199097073,6.052879339446786,-61.02616651263247,2.9326850037778716,,,20.12753181822195,19.956983910328,21.99030307725235,155.09736540664366,100.0,US
1975-01-01,10.557190980299591,8.459142551326693,10.557190980299591,7.765093423006597,5.497374050557546,10.95155975187918,5.010724648313714,1.1800798081615604,-2.095822666666666,0.013657640643438551,27.19337154836416,2.1,12.908963370600999,1.8629608111613807,-0.513703736760555,0.12466666666666668,0.0,0.0,0.0,0.11220000000000001,0.0,0.0,0.0,0.0,8.864752513927037,5.71560503285167,4.409326404699602,-61.766608637824795,1.692438466372554,,,20.40606284848139,20.383525664888115,23.08981823111497,172.85223367697586,100.0,US
1975-04-01,9.112097181454937,4.790476418686218,9.112097181454937,6.68138349747065,4.571478329449086,9.942823641324239,1.2892907636036177,0.987467090048566,-2.6864576666666675,-0.17588617098481807,11.77830356563836,2.1,13.396946451002684,1.8315957619556316,-0.8925241267445823,0.12795433789954339,0.0,0.0,0.0,0.11515890410958905,0.0,0.0,0.0,0.0,8.914221447432617,5.463721523725951,2.1885236983199023,-61.82135816013407,0.19787573402232006,,,20.640615295015664,20.629110311453037,23.08981823111497,172.85223367697586,100.0,US
1975-07-01,8.322138248532074,7.9407074210926964,8.322138248532074,6.049360314608698,6.481297135385411,7.8609602709252435,2.9848393795191495,3.0084272663559286,-2.277732666666667,0.10456941307339096,4.879016416943205,2.1,13.59654206862525,1.7254475555061641,-0.530084833225891,0.1312785388127854,0.0,0.0,0.0,0.11815068493150686,0.0,0.0,0.0,0.0,8.795804807652509,5.506163556606246,0.6136666021426436,-62.18621073156091,-0.473666559120435,,,20.977784436908678,21.04272655829921,23.08981823111497,172.85223367697586,100.0,US
1975-10-01,7.12356051105183,7.303915653101711,7.12356051105183,5.80077738376219,6.652960019656717,6.683723366149019,4.862097280819971,1.249120927041536,-2.1029675483703594,0.4707230533897544,4.879016416943205,2.1,13.47925310382743,1.2897145444777867,-0.9752178004148375,0.1346392694063927,0.0,0.0,0.0,0.12117534246575344,0.0,0.0,0.0,0.0,8.461355948332374,5.318853090896141,-1.318082386282068,-62.34894963992218,-1.337795437280544,,,21.32961310671008,21.430491789717504,23.08981823111497,172.85223367697586,100.0,US
1976-01-01,6.148217486017016,4.557770451187437,6.148217486017016,5.9948260613782,6.273568761021586,6.430130135232837,3.543710998722449,-1.0967964301938915,-1.5288243333333336,1.2380975095117264,9.097177820572655,2.3,13.50484303615464,0.5958796655536419,0.39545808783486885,0.138,0.0,0.0,0.0,0.12420000000000002,0.0,0.0,0.0,0.0,7.9987282558693025,4.530016226681248,-2.7165350279100213,-61.92000006246362,-1.8505107698522867,,,21.66678224860309,21.67607643628242,25.2888485388402,187.97250859106515,100.0,US
1976-04-01,5.841076215641472,3.5619113371840427,5.841076215641472,6.462729560609226,6.44309232637319,6.2161788608884105,0.09187822917785526,-2.4555156262593414,-1.3553086666666667,1.9650086715383486,9.097177820572655,2.3,13.19207245883004,-0.2048739921726439,0.6907411406438789,0.138,0.0,0.0,0.0,0.12420000000000002,0.0,0.0,0.0,0.0,7.567197847823737,3.472685829896122,-3.0731452317911447,-61.19970481516629,-1.7261216321822648,,,22.018610918404494,21.869959051991565,25.2888485388402,187.97250859106515,100.0,US
1976-07-01,5.439045882036364,6.332586086672265,5.439045882036364,6.75476161012325,7.649425333441506,6.542165902206731,-1.3029953595683763,-4.464585181454828,-1.5157703333333332,2.5806051614769174,9.097177820572655,2.3,13.417678704333516,-0.17886336429173422,-0.022066998474711885,0.138,0.0,0.0,0.0,0.12420000000000002,0.0,0.0,0.0,0.0,7.141567454666262,2.870931523345824,-3.3567589256161448,-60.87049500347401,-1.7025215726298981,,,22.443737227747853,22.218947760268026,25.2888485388402,187.97250859106515,100.0,US
1976-10-01,5.056926877368451,5.775439634430057,5.056926877368451,6.967992063798967,7.505881834359585,6.208082068504339,-0.41912806640982403,-5.839857617394983,-1.5435676666666662,3.029463185004749,9.097177820572655,2.3,13.317397155780993,-0.16185594804643544,0.28017539699807886,0.138,0.0,0.0,0.0,0.12420000000000002,0.0,0.0,0.0,0.0,6.7246393392067,2.190617672314083,-3.404429070963923,-60.43788445349166,-1.6677124618382493,,,22.868863537091215,22.5420854531166,25.2888485388402,187.97250859106515,100.0,US
1977-01-01,5.735716172890637,7.272927633276183,5.735716172890637,7.178554029893425,7.115816625399418,5.985676027300002,1.183664120397654,-3.6038869523779993,-1.2720690000000001,3.2523719065260748,0.0,2.3,13.249848573159163,-0.2549944629954781,-0.20388828947280865,0.138,0.0,0.0,0.0,0.12420000000000002,0.0,0.0,0.0,0.0,6.526854705943487,2.01248865904077,-2.2630120829786655,-60.477162205460864,-0.79113853305285,,,23.279330318526185,22.955701699962777,25.2888485388402,198.16723940435264,100.0,US
1977-04-01,6.575675042605944,6.921746816045271,6.575675042605944,7.43932652943573,7.486182324542412,6.237849540253126,2.612169272994641,-0.7402760909499317,-0.9013167699178055,3.177526004234854,0.0,2.3,12.968490186665555,-0.22358227216448534,-0.2660634606039056,0.138,0.0,0.0,0.0,0.12420000000000002,0.0,0.0,0.0,0.0,6.536618773275978,1.672114835225365,-0.9915228052177927,-60.33605332833656,0.039056269329965865,,,23.719116155777947,23.356392439095007,25.2888485388402,198.16723940435264,100.0,US
1977-07-01,6.366553985122625,5.4961018567389885,6.366553985122625,7.181926754178836,6.619826232413928,6.031979023352285,1.7645496350668255,-0.4085049462033252,-0.6646909999999995,2.9229865907310693,0.0,2.3,12.959734234182468,-0.45794447015104767,-0.21112183090433778,0.138,0.0,0.0,0.0,0.12420000000000002,0.0,0.0,0.0,0.0,6.502605815645308,1.2055239055013232,-0.7750134695436373,-60.05512223441778,-0.13605183052268277,,,24.11492340930452,23.679530131943583,25.2888485388402,198.16723940435264,100.0,US
1977-10-01,6.385738325251911,5.8521769949472,6.385738325251911,7.053015080583824,6.990235139979539,6.0056601352425965,1.8023246535607051,0.10945819292765835,-0.42890966666666674,2.5699617285279697,0.0,2.3,12.708649468892258,-0.6087476868887359,-0.012929064623136477,0.138,0.0,0.0,0.0,0.12420000000000002,0.0,0.0,0.0,0.0,6.479232317566629,0.7669943871091576,-0.3389010139547892,-59.77060769815977,-0.093493992314718,,,24.540049718647886,24.02851884022005,25.2888485388402,198.16723940435264,100.0,US
1978-01-01,6.274214510634213,6.826832374805392,6.274214510634213,7.284773254143406,8.042849319637746,6.1215968461349135,-1.8343830041511855,0.38026772339606607,-0.09402233333333321,2.0523879606029087,14.16505170630269,2.65,12.623811688742908,-0.6260368844162534,0.10149086242082328,0.138,0.0,0.0,0.0,0.12420000000000002,0.0,0.0,0.0,0.0,6.438228756180146,0.32329476493332976,-0.25264019530927406,-59.46660346195167,-0.1640142455459328,,,25.038473667533207,24.44213508706622,29.137151577359365,211.4547537227948,100.0,US
1978-04-01,6.792238542101181,8.993842941913144,6.792238542101181,7.670921251561946,9.030774314216572,6.543147033314778,-1.9626697123584225,1.5348931902328111,0.23992699999999978,1.8123349726604565,14.16505170630269,2.65,12.316739993371083,-0.6517501932944716,-0.04867521893861959,0.138,0.0,0.0,0.0,0.12420000000000002,0.0,0.0,0.0,0.0,6.509030713364353,0.21932362870124678,0.2556197688252029,-59.45737061887575,0.2832078287368285,,,25.610195255960484,24.997931918765772,29.137151577359365,211.4547537227948,100.0,US
1978-07-01,7.718340036849014,9.20050783573032,7.718340036849014,7.8311024466362955,7.260551012711325,7.263573137019019,-1.6260433938046603,2.4072772967107303,0.20624109903971277,1.572161546239198,14.16505170630269,2.65,12.507722990663986,-0.45201124351848254,-0.08082205155710043,0.138,0.0,0.0,0.0,0.12420000000000002,0.0,0.0,0.0,0.0,6.7508925780612845,0.6254110709964777,1.2157342212037063,-59.94235982463051,0.9674474587877295,,,26.07930014902902,25.579579765893207,29.137151577359365,211.4547537227948,100.0,US
1978-10-01,8.553099181919599,9.19121357522954,8.553099181919599,8.197081734674994,8.454152292134332,8.111165486244154,-0.9680476714352737,2.5872937729683354,0.3382345199584966,1.5518422145085475,14.16505170630269,2.65,12.356202413315266,-0.3524470555769918,0.05266111898629289,0.138,0.0,0.0,0.0,0.12420000000000002,0.0,0.0,0.0,0.0,7.111333898832948,0.6780994521782944,2.0738668643529703,-60.1266251454043,1.4417652830866512,,,26.636362209547904,26.174153120734584,29.137151577359365,211.4547537227948,100.0,US
1979-01-01,9.333717562732247,9.949305898055982,9.333717562732247,8.148285193684446,7.847663155675555,8.65295653686493,2.053219174310339,3.9531204300985334,0.3692427953084305,1.5135130806709862,9.015109699429747,2.9,12.26718095195684,-0.3566307367860677,-0.08441673628751467,0.138,0.0,0.0,0.0,0.12420000000000002,0.0,0.0,0.0,0.0,7.5558106316128075,1.06252614172314,2.895488806552101,-60.652035830999395,1.777906931119439,,,27.164105214250014,26.833354014145677,31.88593946201591,228.17869415807542,100.0,US
1979-04-01,10.214957499445365,12.518802688765618,10.214957499445365,7.3371745689938095,5.786331815454027,8.958273351055901,11.002450223378196,3.1662984006381456,0.5326170000000001,1.2693002942989806,9.015109699429747,2.9,12.29251474456861,-0.02422524880247301,-0.13389562802743465,0.138,0.0,0.0,0.0,0.12420000000000002,0.0,0.0,0.0,0.0,8.087640005179319,2.5513563719700727,3.7059267860810126,-62.33515354932735,2.1273174942660464,,,27.55991246777659,27.686437523265912,31.88593946201591,228.17869415807542,100.0,US
1979-07-01,11.0853235254881,12.68197193990126,11.0853235254881,7.679447510272164,8.629642777824742,9.375104709980153,20.309927219820217,1.8143565517255489,0.36172688802083286,0.9011098020467123,9.015109699429747,2.9,12.77925922052873,0.2715362298647439,0.1993338637614238,0.138,0.0,0.0,0.0,0.12420000000000002,0.0,0.0,0.0,0.0,8.687176709241076,3.2006744545025114,4.3344309474268155,-63.348235839846424,2.3981468162470243,,,28.160953112020657,28.578297555527985,31.88593946201591,228.17869415807542,100.0,US
1979-10-01,11.904424274374836,12.467616570776485,11.904424274374836,7.217986248050812,6.608307243248923,10.165543546528077,23.902565586662522,2.272439079094446,0.25662333333333454,0.6322119277258065,9.015109699429747,2.9,12.773445667482852,0.41724325416758606,0.09547524223255327,0.138,0.0,0.0,0.0,0.12420000000000002,0.0,0.0,0.0,0.0,9.330626222267828,4.204629944731494,4.7930903755418885,-64.81306317172837,2.5737980521070085,,,28.630058005089197,29.483083095504,31.88593946201591,228.17869415807542,100.0,US
1980-01-01,13.286884177962577,15.479145512406944,13.286884177962577,7.082605256861241,7.306139190917271,11.504837618652974,30.198063876142818,0.4939531162742261,-0.07679359278941966,0.6097589374647772,6.669137449867235,3.1,12.892795278116381,0.6256143261595404,0.21409080459337348,0.138,0.0,0.0,0.0,0.12420000000000002,0.0,0.0,0.0,0.0,10.121877813406778,5.655608516753418,5.731073546349769,-66.85631475210076,3.165006364555799,,,29.1578010097913,30.646378789758863,34.08496976974114,255.67010309278328,100.0,US
1980-04-01,13.475613252041896,13.273718985082894,13.475613252041896,7.676401621183837,8.161517272744412,12.466451417279512,25.053631904698996,-0.8357827053242728,-1.1188874126456163,0.28461888652222544,6.669137449867235,3.1,12.950273443330634,0.6577586987620245,-0.8725247958907245,0.13644284736481863,0.0,0.0,0.0,0.12279856262833677,0.0,0.0,0.0,0.0,10.792624901133802,6.1213029643102885,5.387973246862577,-68.1343651801854,2.6829883509080936,,,29.758841654035365,31.680419406874304,34.08496976974114,255.67010309278328,100.0,US
1980-07-01,12.164510942232631,7.437562700664202,12.164510942232631,7.566844061081701,8.191412537416198,11.395131972602979,14.852769201678417,1.103271456773136,-1.4609845183601955,0.14649161573946912,6.669137449867235,3.1,14.060987395590857,1.2817281750621272,-0.12316349703533835,0.13488569472963724,0.0,0.0,0.0,0.12139712525667352,0.0,0.0,0.0,0.0,11.067002109353568,5.00353873659418,3.4773342329915558,-67.94590272099738,1.097508832879063,,,30.374541826187826,32.27499276171569,34.08496976974114,255.67010309278328,100.0,US
1980-10-01,11.812395858675195,11.059156236546741,11.812395858675195,8.393445148515033,9.91471159298225,11.475941442793758,8.864036693822431,1.494959502678228,-1.2030905701702466,-0.0926381076474414,6.669137449867235,3.1,13.674922581686138,0.9014769142032864,-0.20784589752935,0.13331143052703628,0.0,0.0,0.0,0.11998028747433266,0.0,0.0,0.0,0.0,11.216080859217893,4.434043515814423,2.4817696364073676,-68.23201388188855,0.5963149994573023,,,31.136837277424195,33.17977830169169,34.08496976974114,255.67010309278328,100.0,US
1981-01-01,10.670924721185493,10.913260962448135,10.670924721185493,8.709516768053316,8.570425669070403,10.161640180103682,6.104387936888345,0.9736255490071954,-1.2452129882300467,-0.07855191150735741,7.75582343458745,3.35,13.602398701249585,0.7096034231332038,-0.8870808954169158,0.13173716632443533,0.0,0.0,0.0,0.1185634496919918,0.0,0.0,0.0,0.0,11.107049631611414,4.142710407257567,0.549046907778715,-68.81772270523292,-0.43612491042592083,,,31.811175561210224,34.09748934938165,36.83375765439769,288.31615120274887,100.0,US
1981-04-01,9.41597092834865,8.25390381373552,9.41597092834865,8.540910882161334,7.487093729176486,9.053798576860217,3.9958973163748412,0.14718475613757498,-1.2206938977199195,0.1730002061963165,7.75582343458745,3.35,13.494521320636535,0.5442478773059006,0.05544339108321028,0.1301971252566735,0.0,0.0,0.0,0.11717741273100617,0.0,0.0,0.0,0.0,10.768833890958861,3.488593915929627,-1.376653972785153,-69.0094252263727,-1.352862962610212,,,32.412216205454286,34.80839227364851,36.83375765439769,288.31615120274887,100.0,US
1981-07-01,10.303502645778728,10.987689570384518,10.303502645778728,8.374833705287088,7.527103829919213,10.891683800311025,3.2758699961582094,-1.2760238294257764,-1.229543219646951,0.5145991105537207,7.75582343458745,3.35,13.780440440788599,-0.28054695480225766,-0.13095023753297472,0.12863997262149213,0.0,0.0,0.0,0.11577597535934292,0.0,0.0,0.0,0.0,10.675767641922835,3.5543783322888913,-0.7634994635748402,-69.87457166148901,-0.37226499614410713,,,33.027916377606736,35.777805352194235,36.83375765439769,288.31615120274887,100.0,US
1981-10-01,9.151362761871695,6.450596700918609,9.151362761871695,7.350246199292654,5.816361569004513,9.754610702240285,4.515246759675051,-2.504510858861564,-2.0717718500013307,0.6930152488014762,7.75582343458745,3.35,13.65845476321494,-0.016467818471199713,-0.9577994834926999,0.12706570841889117,0.0,0.0,0.0,0.11435913757700206,0.0,0.0,0.0,0.0,10.370886665912607,2.8808913176903843,-2.064718097346198,-70.03313044446753,-1.219523904040912,,,33.51168079858367,36.35945319932167,36.83375765439769,288.31615120274887,100.0,US
1982-01-01,7.307852444272811,3.5392196920525976,7.307852444272811,6.640889072102629,5.732997160310305,8.655855167542637,-3.0191792278700613,-2.4588480559913917,-2.680724890928876,0.44443789222400887,0.0,3.35,13.669541092371698,0.06714239112211307,-1.1140708387580687,0.12549144421629022,0.0,0.0,0.0,0.1129422997946612,0.0,0.0,0.0,0.0,9.758279821584647,1.5558338285838715,-3.799197187338603,-69.4846860774031,-2.4504273773118364,6.404782166666667,5.974991200000001,33.995445219560594,36.682590892170246,36.83375765439769,319.2439862542952,100.0,US
1982-04-01,6.678719780057651,5.737373156874881,6.678719780057651,5.92668483559744,4.630276783155729,8.301707781317003,-7.475502579877446,-1.4035650368667496,-3.289748248054729,0.4697263163176313,0.0,3.35,13.828239625120117,0.3337183044835823,-1.0957429269344077,0.12395140314852841,0.0,0.0,0.0,0.11155626283367558,0.0,0.0,0.0,0.0,9.142367813279249,1.2749057247713154,-4.09011411090121,-69.76146017083293,-2.463648033221597,5.691342333333334,5.668515599999999,34.39125247308718,37.21253670844191,36.83375765439769,319.2439862542952,100.0,US
1982-07-01,5.653603009017338,6.887222486223266,5.653603009017338,5.399713681848262,5.419219214922499,6.64188674917785,-3.4775503037529076,-1.4857942081615505,-3.7655219151531805,0.33888141326274823,0.0,3.35,14.21209320423496,0.4316527634463607,-1.9124081494769298,0.12239425051334703,0.0,0.0,0.0,0.11015482546201233,0.0,0.0,0.0,0.0,8.444614852426866,1.1439145731019806,-5.022164632905497,-70.12846098865806,-2.791011843409528,6.360702533333334,5.781978466666668,34.86035736615572,37.858812094139054,36.83375765439769,319.2439862542952,100.0,US
1982-10-01,4.347754824396599,1.2272039624356523,4.347754824396599,4.657966549025971,2.8493730377153526,5.057257363563217,-2.7506413828800813,-1.485286650446549,-4.541393272305714,0.30980622740122143,0.0,3.35,14.626927887175983,0.9684731239610445,-1.1430676546519294,0.12081998631074607,0.0,0.0,0.0,0.10873798767967147,0.0,0.0,0.0,0.0,7.625242846820813,0.27647482527474665,-6.023131841516008,-69.72291871983816,-3.2774880224242136,4.785895866666666,4.973604133333333,35.10956934059837,37.97514166356455,36.83375765439769,319.2439862542952,100.0,US
1983-01-01,3.531000261273931,0.27220143956192544,3.531000261273931,4.469546611605191,4.979317410627182,4.45445944060312,-4.842871328242005,-2.0688826257641235,-4.250710393483664,0.3804463225848653,0.0,3.35,14.473935574400473,0.8043944820287752,-0.6322864333368077,0.1192457221081451,0.0,0.0,0.0,0.10732114989733059,0.0,0.0,0.0,0.0,6.806394329711436,-1.2319710463491447,-6.227279560310716,-68.5461397270718,-3.275394068437505,4.507303666666666,4.729484333333334,35.54935517785013,38.00099267899243,36.83375765439769,337.34249713631124,100.0,US
1983-04-01,3.2464836407924302,4.599306674948878,3.2464836407924302,4.296802773874697,3.939301432233755,3.6030660174425577,-0.35205466281402753,-2.059421309172005,-4.026822028170603,0.7500374690481371,0.0,3.35,14.465583573351331,0.6373439482312143,-0.12906984809383104,0.1177056810403833,0.0,0.0,0.0,0.10593511293634497,0.0,0.0,0.0,0.0,6.094412191927635,-1.2293920404306107,-5.895884172486818,-68.71114103775068,-2.8479285511352046,4.462501333333333,4.665745433333333,35.90118384765154,38.44045994126649,36.83375765439769,337.34249713631124,100.0,US
1983-07-01,2.4950721155597044,3.8815763852923624,2.4950721155597044,3.7553412094452288,3.2533729572046255,3.1791652718487384,-2.527110001622246,-2.1046384090520065,-3.2697442563392904,1.0576650500601914,0.0,3.35,13.871470089768085,-0.3406231144668759,-0.7082275213800585,0.11614852840520193,0.0,0.0,0.0,0.10453367556468174,0.0,0.0,0.0,0.0,5.374544176654049,-1.237420825920566,-5.949542736867162,-68.86819189477254,-2.8794720610943445,5.085519000000001,4.997989266666667,36.19437440581937,38.815299664970844,36.83375765439769,337.34249713631124,100.0,US
1983-10-01,3.1823150954758184,3.976175882100108,3.1823150954758184,4.090549834060386,4.190207536175983,4.126025463464433,-5.9646799791545195,-1.8749506443395236,-2.446160483746377,1.5874664048674936,0.0,3.35,13.606756680595478,-1.0201712065805058,0.4244709360657819,0.11457426420260096,0.0,0.0,0.0,0.10311683778234086,0.0,0.0,0.0,0.0,4.936098360418403,-1.441682091939839,-4.442927751344994,-68.81468398125364,-1.7537832649425846,5.172167766666667,5.0443155666666675,36.57552213143756,39.20306489638914,36.83375765439769,337.34249713631124,100.0,US
1984-01-01,4.522047029280696,5.631129174781435,4.522047029280696,3.7236191763732496,3.511594779878635,4.882257960566516,-0.7423231814312703,0.4249763918862892,-1.7894214452153854,2.262509242611471,0.0,3.35,13.367374016141023,-1.1065615582594501,0.29319538863066663,0.113,0.0,0.0,0.0,0.1017,0.0,0.0,0.0,0.0,4.853288094190861,-1.0628310901492029,-2.28434730043074,-69.34456757997931,-0.3312410649101656,5.0466915666666665,5.090663233333333,36.89803174542217,39.75886172808868,36.83375765439769,345.47537227949573,100.0,US
1984-04-01,4.31058673474789,3.753465496817654,4.31058673474789,3.5696591322165183,3.32346125560683,5.124273699225679,-2.178908239380939,-0.14263513347543277,-1.3662118840546773,2.5700672367907353,0.0,3.35,13.12230542633297,-1.343278147018362,0.5193218769483574,0.10678415300546448,0.0,0.0,0.0,0.09610573770491804,0.0,0.0,0.0,0.0,4.744747822302267,-1.1977316596790075,-1.783825457179745,-69.45206864028206,-0.43416108755437754,5.488986199999999,5.4984280666666665,37.2058818314984,40.13370145179303,36.83375765439769,345.47537227949573,100.0,US
1984-07-01,4.2059989127363195,3.463225097246081,4.2059989127363195,3.5021485946007402,2.983330806741513,5.126000488539173,-4.130977408402647,0.33250113745736387,-1.3765505760004233,2.992095081814683,0.0,3.35,12.902509573723151,-0.9689605160449338,0.38834279724344045,0.10056830601092896,0.0,0.0,0.0,0.09051147540983606,0.0,0.0,0.0,0.0,4.636998040389078,-1.3134321730665306,-1.1685452639177294,-69.57204221290814,-0.4309991276527585,5.340646933333333,5.534686799999999,37.48441286175785,40.48269016006949,36.83375765439769,345.47537227949573,100.0,US
1984-10-01,4.070329311350385,3.4334974765563686,4.070329311350385,3.07838040961248,2.495134796222942,4.843017887798595,-2.8463232857510956,0.6366117965512785,-1.2537903660566094,3.1134110715381857,0.0,3.35,12.968937177879928,-0.6378195027155503,0.2266111595372048,0.09428415300546447,0.0,0.0,0.0,0.08485573770491803,0.0,0.0,0.0,0.0,4.523664294581339,-1.315965301400496,-0.8657690490680183,-69.80663288299155,-0.45333498323095434,5.067482466666667,5.088324966666667,37.71896530829211,40.83167886834595,36.83375765439769,345.47537227949573,100.0,US
1985-01-01,3.5763709284570844,3.655295643208234,3.5763709284570844,2.897618542679403,2.788547312146328,4.562083441878695,-3.2613154223369967,-0.3934748529345167,-1.1979515529511477,2.9827318631037487,0.0,3.35,13.184425067100683,-0.1829489490403402,0.23534295187785065,0.088,0.0,0.0,0.0,0.07919999999999999,0.0,0.0,0.0,0.0,4.334205621356488,-1.3826290171171252,-1.276917165733777,-70.02331996575701,-0.7578346928994035,4.8421601999999995,5.139674666666667,37.98283681064317,41.206518592050294,36.83375765439769,357.6174112256583,100.0,US
1985-04-01,3.543553287144796,3.622194931568501,3.543553287144796,2.9122617246279514,3.3820339834010227,4.385293931024226,-2.060914080939258,-0.5433929532820958,-1.2757217620015435,2.5547827311868554,0.0,3.35,12.89984111956963,-0.22246430676333973,-0.4557214552205523,0.08356164383561644,0.0,0.0,0.0,0.0752054794520548,0.0,0.0,0.0,0.0,4.17607515451415,-1.63370722291981,-1.2011945351574713,-70.08336020279884,-0.6325218673693538,4.730811133333334,4.8651427,38.305346424627785,41.58135831575465,36.83375765439769,357.6174112256583,100.0,US
1985-07-01,3.2975196815550056,2.479090674886919,3.2975196815550056,2.8149149880623447,2.5939438604790865,4.029054402754273,-1.6924205345300591,-0.9355795362982811,-1.1871219201192478,2.2273428100716863,0.0,3.35,12.999370863781913,0.0968612900587612,0.09642601225062394,0.07907397260273973,0.0,0.0,0.0,0.07116657534246576,0.0,0.0,0.0,0.0,4.000364059922321,-1.950734455037292,-1.3394783588340724,-70.05464690640083,-0.7028443783673151,4.432692733333333,4.6338346,38.55455839907046,41.83986847003351,36.83375765439769,357.6174112256583,100.0,US
1985-10-01,3.453446308921393,4.057203986021918,3.453446308921393,2.8354389945357106,2.5772308221164053,4.169825419953188,-1.7159014535694572,-0.6208594040613469,-1.032171096583574,1.9735334359020251,0.0,3.35,12.85372131444805,-0.11521586343187784,-0.11517417407021883,0.07453698630136987,0.0,0.0,0.0,0.0670832876712329,0.0,0.0,0.0,0.0,3.890980509722135,-1.8540527468994412,-1.070217985659946,-70.42464019737724,-0.4375342008007421,4.229588733333333,4.493196133333334,38.8037703735131,42.26641022459363,36.83375765439769,357.6174112256583,100.0,US
1986-01-01,3.0581533754113543,2.0741239091680796,3.0581533754113543,2.703381839294705,2.260318691182306,4.155260399247673,-5.117176536209101,-0.539270410049264,-1.0442169184911858,1.9356420510277361,0.0,3.35,12.950267764288473,-0.23415730281221014,-0.42601569620220225,0.07,0.0,0.0,0.0,0.06300000000000001,0.0,0.0,0.0,0.0,3.724415082859979,-2.189412002578507,-1.2760522459451336,-70.37809150187368,-0.6662617074486246,3.8091589,3.9979073666666665,39.023663292138984,42.48614385573065,36.83375765439769,368.8430698739974,100.0,US
1986-04-01,1.6646500299357214,-1.9518184503340308,1.6646500299357214,2.1579485873682636,1.2003009756952565,3.936214920085046,-17.453535754272664,0.3722504206320698,-1.1899322417229241,2.1574012521064168,0.0,3.35,12.976689828147281,0.07684870857765091,-0.060633575516535365,0.06963039014373718,0.0,0.0,0.0,0.06266735112936346,0.0,0.0,0.0,0.0,3.3124620722751272,-3.207439916473021,-2.5114251245784285,-69.59006164536632,-1.6478120423394058,3.1109216333333336,3.696226466666667,39.140939515406124,42.27933573230757,36.83375765439769,368.8430698739974,100.0,US
1986-07-01,1.6544495017096317,2.43828856198256,1.6544495017096317,1.8459744372798514,1.346047260125438,3.9898117087105334,-20.17009622707891,2.022680667386656,-1.0026491435813263,2.2514407525594358,0.0,3.35,13.062066229461456,0.0626953656795437,0.10697019883335293,0.06925667351129364,0.0,0.0,0.0,0.06233100616016427,0.0,0.0,0.0,0.0,2.9808595581620283,-3.0142584131237413,-2.345914558212689,-69.86312197083058,-1.3264100564523966,3.4550240000000003,3.5798593666666663,39.27287526658164,42.53784588658643,36.83375765439769,368.8430698739974,100.0,US
1986-10-01,1.3365934095209475,2.785779617267181,1.3365934095209475,1.9083834540600364,2.826866889237145,3.8007225962679136,-22.96997673667448,2.198844154772406,-0.8823600219474406,2.3265589339548036,0.0,3.35,13.064681514539817,0.21096020009176708,0.12806830028813904,0.0688788501026694,0.0,0.0,0.0,0.06199096509240247,0.0,0.0,0.0,0.0,2.6520063284338122,-3.081717800416513,-2.5543871002011875,-69.85285015283812,-1.3154129189128647,3.4431558,3.5567019666666666,39.551406296841094,42.83513256400712,36.83375765439769,368.8430698739974,100.0,US
1987-01-01,2.017836871893497,4.799097758658277,2.017836871893497,1.9345841439757372,2.365121450845109,3.5316671924899623,-14.308482084899254,2.3472297837643152,-0.6623856730581688,2.2155926689709062,0.0,3.35,13.024648668577274,0.07438090428880106,-5.001470679034947e-05,0.06850102669404518,0.0,0.0,0.0,0.06165092402464066,0.0,0.0,0.0,0.0,2.5251724371257493,-2.471502669936939,-1.706578210966482,-70.4613442297914,-0.5073355652322524,3.380407733333333,3.4771669666666667,39.78595874337537,43.35215287256484,36.83375765439769,373.53951890034335,100.0,US
1987-04-01,3.6323969373409426,4.506421811455752,3.6323969373409426,2.2223136784710107,2.3512191136763505,3.900537788109837,-2.2223136784710276,2.4479129080252293,-0.34271011247114114,2.1210145227368082,0.0,3.35,13.203150622222811,0.22646079407553088,0.7223786249692674,0.06813141683778234,0.0,0.0,0.0,0.061318275154004113,0.0,0.0,0.0,0.0,2.746617337168788,-1.9577338990004165,0.31993486506581537,-71.00014490423627,0.8857796001721545,3.8432134999999996,3.8370295,40.020511189909634,43.84332216569467,36.83375765439769,373.53951890034335,100.0,US
1987-07-01,4.078553077432989,4.222913122350747,4.078553077432989,2.5793618620637115,2.7742399944962415,3.892878496554175,3.687011781466709,1.1451860281078585,-0.089981963822658,1.8702367442882006,0.0,3.35,12.90410624087327,-0.1579599885881855,0.2731824802794879,0.06775770020533882,0.0,0.0,0.0,0.06098193018480494,0.0,0.0,0.0,0.0,3.0130044852216282,-1.6284787175893172,1.097693519270961,-71.36231318619993,1.065548592211361,4.1366898,4.055719933333333,40.29904222016907,44.30864044339662,36.83375765439769,373.53951890034335,100.0,US
1987-10-01,4.311267006526176,3.7166353336399283,4.311267006526176,2.886045053909747,4.053599656621287,4.07873018109246,5.521614723537466,0.39293722838925627,0.06248435261174645,1.734803056565981,0.0,3.35,12.705293039671211,-0.3593884748686049,0.13338758361167236,0.06737987679671459,0.0,0.0,0.0,0.06064188911704313,0.0,0.0,0.0,0.0,3.2726569894825377,-1.7257069313499755,1.6592606780923638,-71.2780721054545,1.0386100170436383,4.146448,4.228589933333333,40.70950900160404,44.722256690242794,36.83375765439769,373.53951890034335,100.0,US
1988-01-01,3.888810429249734,3.1092714495525087,3.888810429249734,2.725954723267421,1.724760128275804,4.2392312402416366,-0.6358159318114509,0.3764304615391789,0.1813743367058569,1.5986620081479885,0.0,3.35,12.881976626561814,-0.1426720420154598,0.3599894598132839,0.06700205338809036,0.0,0.0,0.0,0.06030184804928132,0.0,0.0,0.0,0.0,3.3958876774359767,-1.325332916512295,1.3636379921239845,-71.62419993577366,0.4929227518137571,3.7101399,3.9595603333333336,40.88542333650475,45.07124539851926,36.83375765439769,389.2325315005724,100.0,US
1988-04-01,3.902793332425869,4.5623534241602925,3.902793332425869,3.172580427962046,4.137721932454852,4.24415381177532,-2.03920977697708,0.07126031430110258,0.40003937612445295,1.3540314163944578,0.0,3.35,12.679339399453562,-0.5238112227692493,-0.1033942632440989,0.06662833675564682,0.0,0.0,0.0,0.05996550308008214,0.0,0.0,0.0,0.0,3.4972688084339554,-1.13891270473691,1.156175995257081,-71.73035780870009,0.40552452399191363,4.0097212,4.068103333333333,41.310549645848106,45.58826570707698,36.83375765439769,389.2325315005724,100.0,US
1988-07-01,4.058859505601475,4.847177815053172,4.058859505601475,3.3270820491799746,3.392246479367955,4.420761002310947,-3.5866779672621973,1.3581507173852425,0.38516295721216665,1.2381039362107105,0.0,3.35,12.542027928754715,-0.362078312118555,-0.20225941412625992,0.0662546201232033,0.0,0.0,0.0,0.059629158110882964,0.0,0.0,0.0,0.0,3.6095869478674594,-0.6582761797328942,1.0458550203798471,-72.09409064262132,0.449272557734016,4.349042366666667,4.111782766666667,41.66237831564951,46.144062538776524,36.83375765439769,389.2325315005724,100.0,US
1988-10-01,4.216213659101875,4.346051947641527,4.216213659101875,3.433357933217085,4.4787031927697285,4.477752494816034,-3.396203929445818,1.6102038434091193,0.5034270985719465,1.0884169959127776,0.0,3.35,12.453250014875238,-0.252043024795974,-0.12993685749786335,0.06587679671457906,0.0,0.0,0.0,0.05928911704312116,0.0,0.0,0.0,0.0,3.7309122901143423,-0.5898195898271439,0.9435566696193374,-72.06092783133927,0.48530136898753273,4.3612560333333334,4.0578042666666665,42.131483208718045,46.648157339620305,36.83375765439769,389.2325315005724,100.0,US
1989-01-01,4.568539990088549,4.5185767734992055,4.568539990088549,4.006157639714125,4.015958954263965,4.567003683318838,-1.4076446931822362,1.6792596481621347,0.6215123118445431,1.1192862328769038,0.0,3.35,12.76519066061976,-0.11678596594205393,0.12918525997855596,0.06549897330595483,0.0,0.0,0.0,0.05894907597535935,0.0,0.0,0.0,0.0,3.8984378301091835,-0.322414005290085,1.1726523126525725,-72.18658228614817,0.6701021599793657,4.4704927,4.2691099333333336,42.556609518061414,47.178103155891975,36.83375765439769,404.81099656357355,100.0,US
1989-04-01,5.031464725353896,6.4140523652216785,5.031464725353896,3.7608889121443667,3.156647022175818,4.435729149072287,5.112277041870039,2.534316478082488,0.5727643890193788,1.166248470126463,0.0,3.35,12.82327373619467,0.14393433674110834,-0.005263225954858286,0.06512936344969199,0.0,0.0,0.0,0.05861642710472279,0.0,0.0,0.0,0.0,4.125043209158126,0.6387328342862872,1.5341959169199404,-73.00093362190955,0.9064215161957696,4.646520833333334,4.108587933333333,42.893778659954414,47.9407081110146,36.83375765439769,404.81099656357355,100.0,US
1989-07-01,4.598511324182297,3.115364210366778,4.598511324182297,3.8313573086877106,3.674120065541331,4.285055606466859,1.9752132138305956,1.4680757669624178,0.5571946458595427,1.2953939395777048,0.0,3.35,12.885570404251615,0.34354247549689965,0.3139651194001123,0.06475564681724846,0.0,0.0,0.0,0.05828008213552362,0.0,0.0,0.0,0.0,4.21973683216296,0.5181384653413943,0.9889243763148379,-72.861244658116,0.3787744920193372,4.158419466666667,3.705977066666667,43.289585913481,48.31554783471895,36.83375765439769,404.81099656357355,100.0,US
1989-10-01,4.523452262260275,4.045815699953437,4.523452262260275,3.7224717875778524,4.043161108330295,4.285813673555605,1.0999234940144653,1.6827960161100108,0.4081469161735214,1.2605945434511434,0.0,3.35,12.943079201384952,0.4898291865097146,0.2979396049063743,0.06437782340862423,0.0,0.0,0.0,0.05794004106776181,0.0,0.0,0.0,0.0,4.280479918182423,0.5383372506494339,0.7925399721459323,-72.86190830602173,0.2429723440778515,3.961046666666667,3.7257347666666667,43.72937175073276,48.80671712784879,36.83375765439769,404.81099656357355,100.0,US
1990-01-01,5.100558176936776,6.82700043220521,5.100558176936776,3.951214634428535,4.930930341666695,4.49311872703877,3.7340315685071124,2.429441626095097,0.45896459134209255,1.2129514016885112,1.0471379227125377,3.3852634265486565,13.139930813373999,0.3747401527542382,0.04483730992139395,0.064,0.0,0.0,0.0,0.057600000000000005,0.0,0.0,0.0,0.0,4.444495569933293,0.9895367234801569,1.2021203468275923,-73.33592582865639,0.6560626070034825,4.192014733333333,3.9067439999999998,44.27177428334325,49.646875129255086,37.22148437307138,423.82588774341315,100.0,US
1990-04-01,4.481508995037586,3.9378556376249207,4.481508995037586,4.084933522646761,3.6915225750487224,4.719292742030312,-3.8788894937075824,1.2048237580028598,0.4096576668017482,1.2657202560576897,12.785958008015408,3.8069179543874445,13.189535939974828,0.36626220378015717,0.08734859766612718,0.05980821917808219,0.0,0.0,0.0,0.053827397260273975,0.0,0.0,0.0,0.0,4.451898254954152,0.9018360447840621,0.3564657858794602,-73.39750909430049,0.02961074008343445,4.190723366666666,4.016122833333333,44.68224106477822,50.13804442238491,41.85763980360672,423.82588774341315,100.0,US
1990-07-01,5.415169856705226,6.850007657037338,5.415169856705226,3.9832680386561847,3.267458129579026,5.238636634978455,2.7242913981004033,1.6266411320427387,0.026903091933299095,1.277967946594638,12.78550764115427,3.806900809329155,13.264702285333133,0.3791318810815181,-0.3195910700968323,0.05556986301369863,0.0,0.0,0.0,0.05001287671232877,0.0,0.0,0.0,0.0,4.644552575304367,1.598134636833933,1.1954330245422664,-74.29314647616503,0.7706172814008596,4.310160833333334,3.9209755333333334,45.048729262488024,51.0040534392191,41.857451291092694,423.82588774341315,100.0,US
1990-10-01,6.087384300152543,6.734673473742703,6.087384300152543,3.718145019486929,2.9826690316532734,5.177626952372005,12.728248919907886,1.68306579557147,-0.4226216114411665,1.2687788137072276,12.78503520645895,3.806882824251399,13.624658280177766,0.6815790787928128,-0.03943787063141169,0.05128493150684932,0.0,0.0,0.0,0.04615643835616439,0.0,0.0,0.0,0.0,4.933118920274002,2.2776240591348653,1.8069043819701198,-75.23114758668731,1.1542653798785407,4.950467133333333,3.9430408999999997,45.38589840438103,51.87006245605327,41.85725354243733,423.82588774341315,100.0,US
1991-01-01,5.1254241294866,2.979159749541438,5.1254241294866,3.1614169398421765,2.7040180230876842,5.352529822330165,3.4683068964908026,0.3274549188620024,-0.9055714940688366,1.2087326640187857,14.213924886567032,3.90231893023916,14.093279169861711,0.9533483564877127,-0.12335816530410704,0.047,0.0,0.0,0.0,0.042300000000000004,0.0,0.0,0.0,0.0,4.971579962116522,2.003104181869716,0.6809285595533066,-75.29993301830082,0.1538441673700781,3.8844827333333334,3.7995597333333335,45.69374849045726,52.257827687471575,42.90658799002915,446.3917525773192,100.0,US
1991-04-01,4.7328238467257755,2.3674545065816233,4.7328238467257755,3.196398025786973,3.8314469188279077,4.955696752195404,1.1338639939113326,0.8086142842209543,-1.1552674500190339,1.261769433507054,11.236171789612893,4.259627196159706,14.38104907905487,1.1915131390800415,-0.19124723690888357,0.045768809849521204,0.0,0.0,0.0,0.041191928864569086,0.0,0.0,0.0,0.0,4.923828739038372,1.282303804375772,0.2809255917716236,-74.9339349152392,-0.19100489231259665,3.6586261666666666,3.804561366666667,46.13353432770901,52.5680398726062,46.8352465198293,446.3917525773192,100.0,US
1991-07-01,3.779664221628476,3.03736915664814,3.779664221628476,3.044619080383182,2.660342347963862,4.558717974635229,-3.669107551959827,-0.6461854079873097,-1.205029638374671,1.34855241340327,11.23699082546812,4.25964290011339,14.457237006988535,1.1925347216554028,0.03513826529567998,0.04452393980848153,0.0,0.0,0.0,0.04007154582763338,0.0,0.0,0.0,0.0,4.6949958355563925,1.0729671771018303,-0.8648883536758909,-75.02819161741029,-0.9153316139279166,3.7354418000000003,3.812109733333333,46.44138441378524,52.96873061173844,46.83541918717981,446.3917525773192,100.0,US
1991-10-01,2.922245997261186,3.3050005762735424,2.922245997261186,2.802731225465571,2.0151176119828307,4.346456455747472,-10.899637478832297,-1.1546801501522985,-1.4548444102266993,1.6378848951054126,11.23777076896728,4.2596559989104605,14.863820321318475,1.2391620411407094,0.1089699818282428,0.043265389876880986,0.0,0.0,0.0,0.03893885088919289,0.0,0.0,0.0,0.0,4.340445867897351,1.0586206861940894,-2.0108729230128164,-75.35066235848298,-1.4181998706361654,3.5455317333333336,3.5462250666666666,46.67593686031951,53.408197874012494,46.83556321043857,446.3917525773192,100.0,US
1992-01-01,2.852808361453807,2.701409206311922,2.852808361453807,2.5654613626562295,1.7549385718503174,3.7828465548016332,-6.121104181079401,-1.1205972408083742,-1.7380314240643466,2.0393752324404546,9.006413653698896,4.270090880343098,15.090064641971493,0.9967854721097819,0.11375856441460985,0.042006839945280434,0.0,0.0,0.0,0.037806155950752394,0.0,0.0,0.0,0.0,4.042918366608642,0.9374578733149548,-2.118771600662715,-75.58728001709838,-1.1901100051548354,3.4001520333333333,3.517993333333333,46.881170251037,53.7701120900029,46.95029631307801,462.886597938144,100.0,US
1992-04-01,3.0272320093652993,3.065149098227593,3.0272320093652993,2.3862984751031213,3.114795368615475,3.74957138604044,-1.633553961835582,-1.8512777436190508,-1.9879109609539558,2.2925385306251544,0.24514363992889088,4.270082210981899,15.241386282640867,0.860337203585998,0.148538701064876,0.04076196990424077,0.0,0.0,0.0,0.036685772913816694,0.0,0.0,0.0,0.0,3.8397810951599736,0.5935877339500877,-1.8965967296730728,-75.57486844950144,-0.8125490857946742,3.4443123,3.6332184,47.2476584487468,54.18372833684907,46.95020099213789,462.886597938144,100.0,US
1992-07-01,3.0283496587252046,3.0418397540877606,3.0283496587252046,2.308994936130482,2.351128192073304,3.4399172436735626,0.13372544376521467,-0.9982965607326366,-2.0378047787748734,2.5692759342001548,0.24387385084880808,4.270043732586776,15.331182142371397,0.8739451353828614,0.03962701584981099,0.039517099863201094,0.0,0.0,0.0,0.03556538987688099,0.0,0.0,0.0,0.0,3.67749480787302,0.44461650418266174,-1.666646176831188,-75.74754634000503,-0.6491451491478153,3.1331306666666667,3.3234853333333336,47.526189479006234,54.59734458369525,46.94977791635255,462.886597938144,100.0,US
1992-10-01,3.0742323260382953,3.4885312455259054,3.0742323260382953,2.389562882504581,2.337389397479228,3.408646291881201,0.055074779853897526,-0.8162519594523521,-1.7877038388952782,2.9908686831425224,0.24265495584008256,4.270004816174595,15.254522616318972,0.39070229500049736,-0.10041668177501961,0.03825854993160055,0.0,0.0,0.0,0.0344326949384405,0.0,0.0,0.0,0.0,3.5568423115060748,0.39608273698499374,-1.2662135418590559,-76.03533180201674,-0.48260998546777945,3.0162698666666667,3.2896639000000003,47.80472050926568,55.075588369111145,46.949350024503275,462.886597938144,100.0,US
1993-01-01,3.123775049528099,2.8995801002711374,3.123775049528099,2.744968027031991,3.1765591499599566,3.4016118898123615,0.588134562845366,-1.0573677058545616,-1.5813250930998128,3.1379412170026266,-0.0012408913201200633,4.270037893484758,15.52027233066502,0.4302076886935263,0.23084983026276643,0.037,0.0,0.0,0.0,0.033299999999999996,0.0,0.0,0.0,0.0,3.4702288591104797,0.005188957286065943,-0.9191433170805432,-75.96608703959444,-0.3464538095823806,2.9790464,3.1762713999999996,48.185868234883856,55.47627910824339,46.949713714541005,476.86139747995384,100.0,US
1993-04-01,3.0771658666753687,2.8787123668166714,3.0771658666753687,2.4518543575351437,1.942340690628086,3.372737324837427,-0.386598636319746,-0.22127860610532402,-1.534120963678257,2.9918154882315307,-0.002320235896702272,4.269983136151011,15.472394941602902,0.23100865896203415,0.2707868046218711,0.03675342465753424,0.0,0.0,0.0,0.03307808219178082,0.0,0.0,0.0,0.0,3.3916162606234574,0.012200869840853557,-0.7626152284846048,-76.20017995864166,-0.3144503939480887,2.8471689333333337,3.0223519333333333,48.420420681418136,55.87696984737561,46.94911164935861,476.86139747995384,100.0,US
1993-07-01,2.778280714872494,1.8462991468762624,2.778280714872494,2.4075519081125485,2.1739183943829232,3.1945928637973076,-2.7298209591849365,-0.40223286074390074,-1.2871004894146303,2.72359022964318,-0.0032002219747084837,4.2699070838954585,15.684564517457783,0.35338237508638626,0.815774456205437,0.036504109589041094,0.0,0.0,0.0,0.032853698630136985,0.0,0.0,0.0,0.0,3.2689491514732647,-0.30054066749828223,-0.8992140930005257,-76.11827514676499,-0.49066843660077053,2.7791416666666664,2.9288990666666668,48.68429218376919,56.13548000165447,46.948275443283954,476.86139747995384,100.0,US
1993-10-01,2.7316513301486545,3.3020137066305466,2.7316513301486545,2.5731705757450207,2.999864068009117,3.079873875611927,-2.9871179905891054,-0.03598646508432557,-1.140205193957673,2.2411171370194882,-0.0024953460350696233,4.269898266108119,15.584846681165605,0.3303240648466321,0.7020060970819568,0.036252054794520545,0.0,0.0,0.0,0.03262684931506849,0.0,0.0,0.0,0.0,3.161489587208343,-0.42730209087700644,-0.8251909813574203,-76.19381255642035,-0.42983825705968837,2.745790766666667,2.9141196,49.05078038147899,56.60079827935642,46.94817849037592,476.86139747995384,100.0,US
1994-01-01,2.507896306050217,2.004560003877387,2.507896306050217,2.4937449682187918,2.8588567198550408,2.860144747926885,-3.453138319947241,-0.1312443509015493,-1.0933720584305364,1.6940324490170688,0.5246316904978343,4.292498732292056,15.703814400035773,0.183542069370754,0.27709101845615514,0.036000000000000004,0.0,0.0,0.0,0.032400000000000005,0.0,0.0,0.0,0.0,3.0307709309767175,-0.8199627129432372,-0.9623325530602629,-75.98023837742585,-0.5228746249265006,2.9771223,3.0634859666666667,49.402609051280386,56.885159449063174,47.1966740409119,489.2325315005723,100.0,US
1994-04-01,2.354663594336337,2.265781519961152,2.354663594336337,2.511342742698197,2.0127317885457074,2.708431180934223,-3.6354914043770004,-0.5152684864443979,-0.7465346811787903,1.3307438107429292,0.5263290345519867,4.292516545085121,15.552659884345092,0.0802649427421892,0.5843772011937993,0.03575342465753425,0.0,0.0,0.0,0.032178082191780824,0.0,0.0,0.0,0.0,2.895549463648641,-0.9145802352884687,-1.0369526662871205,-76.04350081027977,-0.5408858693123042,3.2953145,3.4732972666666666,49.65182102572304,57.20829714191174,47.196869895270986,489.2325315005723,100.0,US
1994-07-01,2.8151688817296794,3.688320296449632,2.8151688817296794,2.6153050761156926,2.5897677280529052,2.8625649815499976,-0.2232280154775168,0.15844226015054863,-0.5662911544905116,0.8330970950984451,0.5261693096767273,4.292433235400101,15.418958996333092,-0.26560552112468994,0.10508648019460515,0.0355041095890411,0.0,0.0,0.0,0.031953698630136994,0.0,0.0,0.0,0.0,2.879473347264849,-0.7844149995460725,-0.4537802697435853,-76.31813895237899,-0.06430446553516944,3.2748912333333333,3.5102900333333333,49.97433063970768,57.738242958183406,47.19595389265955,489.2325315005723,100.0,US
1994-10-01,2.5700242268761997,2.321435087216628,2.5700242268761997,2.625132310968059,3.039173007418583,2.714131768964645,-1.2624111756130485,-0.17357567602516166,-0.21923863054378145,0.40609689164062823,0.5245594785484364,4.29235527086651,15.504639986511778,-0.08020669465382546,0.31349078478035497,0.03525205479452055,0.0,0.0,0.0,0.0317268493150685,0.0,0.0,0.0,0.0,2.817583523187119,-1.1168946534201325,-0.5914653603321431,-76.13870447232847,-0.24755929631091922,3.6598178666666663,3.7548177000000003,50.35547836532586,58.07430615874593,47.195096660798086,489.2325315005723,100.0,US
1995-01-01,2.8006759382391166,2.927166849329055,2.8006759382391166,2.519910657753943,2.437970106998577,2.9061330349942516,-0.6733125004494855,0.42486159120300737,-0.0719745487995258,0.3039515751867006,-0.006693908136745641,4.292211405986932,15.743366368222892,0.03955196818711815,0.7240606198528423,0.035,0.0,0.0,0.0,0.03150000000000001,0.0,0.0,0.0,0.0,2.8142020061975184,-1.1163824730471816,-0.2300949927376008,-76.26100365791108,-0.013526067958401722,3.579337466666667,3.7372576,50.66332845140209,58.500847913306046,47.19351484464603,503.09278350515416,100.0,US
1995-04-01,3.048406031640738,3.2567018935676373,3.048406031640738,2.651284209645688,2.5382259961126863,3.031811159699238,0.05718149430696817,0.6644419643949018,-0.2910978309874368,0.42604003582144,-0.009857643961419527,4.292093424942302,15.7485243035972,0.19586441925210918,0.2917083394497919,0.03401423877327492,0.0,0.0,0.0,0.030612814895947426,0.0,0.0,0.0,0.0,2.861042811286162,-1.058094066948911,0.1528565679920968,-76.44062263227485,0.18736322035457587,3.3292602000000002,3.2893111333333334,50.9858380653867,58.97909169872193,47.19221762518164,503.09278350515416,100.0,US
1995-07-01,2.6291142065731243,2.0111529961791774,2.6291142065731243,2.891210344531192,3.549472267594922,2.9478459362815457,-3.460112005319388,-0.34908525355640263,-0.30987668437573745,0.6746862048205071,-0.009337908415019136,4.292032430629486,15.635862186533044,0.21690319019995186,0.3930867989766055,0.03301752464403067,0.0,0.0,0.0,0.029715772179627602,0.0,0.0,0.0,0.0,2.8146570903435544,-1.5612081952217949,-0.2503591406917245,-76.0560428144209,-0.18554288377043004,3.2447513333333333,3.1233996666666664,51.44028343054685,59.276378376142624,47.19154698346923,503.09278350515416,100.0,US
1995-10-01,2.592412313654524,2.1746275155422268,2.592412313654524,2.8413448223191473,2.839710918570404,3.011337497384936,-4.587698141733049,-0.29243046777874815,-0.22824965580633805,0.884447312603498,-0.009271563732538013,4.291957320860324,15.370377020450816,-0.13426296606096344,-0.18871145621343716,0.03200985761226725,0.0,0.0,0.0,0.02880887185104053,0.0,0.0,0.0,0.0,2.770208135005748,-1.781558264693004,-0.22517120953259484,-75.88977196366382,-0.17779582135122407,2.955391666666667,2.9762854,51.80677162825665,59.5995160689912,47.19072114017527,503.09278350515416,100.0,US
1996-01-01,2.745868744507174,3.540992572739654,2.745868744507174,3.021033392566075,3.156724387986287,2.844379718568124,-1.362931898154901,-0.44732078371176875,-0.21282658130164567,1.0218902664529073,0.7699313471325908,4.325386034136616,15.646121709625918,-0.09724465859697329,-0.533223460743679,0.03100219058050384,0.0,0.0,0.0,0.027901971522453457,0.0,0.0,0.0,0.0,2.7653402569060335,-1.7197837758570103,-0.06833326169034448,-75.98583900985226,-0.01947151239885958,2.8467725,2.9038630666666667,52.21723840969161,60.129461885262856,47.558274908389386,516.2657502863683,100.0,US
1996-04-01,2.7878628845964037,3.4246784539245567,2.7878628845964037,3.3642748781395504,3.9111919384065885,2.6198796821619297,1.3634317819184338,-0.6572091969691551,-0.19688941218370015,1.136003317644363,0.7700696622384262,4.325273123714985,15.74160725914223,-0.006917044454970989,-0.14491497018923188,0.03000547645125959,0.0,0.0,0.0,0.02700492880613363,0.0,0.0,0.0,0.0,2.7698447824441077,-1.861785203166832,-0.07317992668975837,-75.86421063873165,0.018018102152296045,3.202439733333333,3.2487936666666664,52.730321886485335,60.64648219382058,47.55703344119326,516.2657502863683,100.0,US
1996-07-01,2.8588728308537092,2.2951927812083994,2.8588728308537092,3.307476369968665,3.32227823491138,2.6028309535579552,1.064635235436151,0.15063717384404818,0.01960709814469297,1.4248649356907062,0.7717889913192888,4.325286023151448,15.479452412667117,-0.1564097738659287,-0.04940859729720569,0.02900876232201534,0.0,0.0,0.0,0.026107886089813806,0.0,0.0,0.0,0.0,2.787650392126028,-2.0627661491347737,0.044215740510154866,-75.60743927530595,0.07122243872768141,3.1289913000000005,3.291596066666667,53.17010772373708,60.99547090209703,47.557175272451936,516.2657502863683,100.0,US
1996-10-01,3.1802915018760203,3.460302199631471,3.1802915018760203,3.503277351577072,3.6229148450040327,2.5450777866807606,3.902943937741321,0.6198936614146167,-0.06329847426516455,1.5747143816020381,10.49652943997279,4.766957092495159,15.33276546144586,-0.03761155900495472,-0.1356821937459345,0.02800109529025192,0.0,0.0,0.0,0.02520098576122673,0.0,0.0,0.0,0.0,2.866178614076026,-2.0125236626896594,0.41008336687027214,-75.5667861139628,0.31411288779999413,3.0808319999999996,3.1699937666666664,53.653872144714015,61.5254167183687,52.413415610113105,516.2657502863683,100.0,US
1997-01-01,2.9024386704054272,2.429581246857282,2.9024386704054272,3.665836953269519,3.8069627947560747,2.4489381210747396,2.6172209259719525,-0.10643342858529525,0.021092067802817027,1.646644540201947,10.324061316113431,4.795807055258781,15.457192309210733,-0.1889294004151859,-0.25736678858288575,0.0269934282584885,0.0,0.0,0.0,0.024294085432639653,0.0,0.0,0.0,0.0,2.873430625341906,-2.2392614597556815,0.13709841349939378,-75.22244072698815,0.02900804506352106,3.1742476666666666,3.2455742666666665,54.16695562150773,61.900256442073044,52.730625322582846,531.3860252004577,100.0,US
1997-04-01,2.275698712261587,0.917718621349195,2.275698712261587,3.5771732109857624,3.556536969271562,2.4938948347251966,-4.692818734003767,-0.7284695747553971,0.2394696658683202,1.7346336364056802,10.324818551079895,4.79571817962504,15.298558177836963,-0.4430490813052662,-0.15966868663865397,0.02600766703176342,0.0,0.0,0.0,0.02340690032858708,0.0,0.0,0.0,0.0,2.7538842427258423,-2.757712307038801,-0.4941460701825209,-74.56273614000749,-0.4781855304642555,3.1893510666666667,3.3250242666666665,54.65072004248465,62.04243702692642,52.72964812152178,531.3860252004577,100.0,US
1997-07-01,2.2006546680634287,1.995016604415767,2.2006546680634287,3.7873068409139066,4.162812754623957,2.282071451791623,-2.9413803463162247,-1.4337536195868417,0.3585179609025726,1.806729443109012,12.828342084726675,4.917310287905816,15.176588153354789,-0.3028642593123271,-0.3634706544193379,0.02501095290251917,0.0,0.0,0.0,0.022509857612267252,0.0,0.0,0.0,0.0,2.6432383277933598,-3.1031375805991672,-0.5869957240625991,-74.02078710245547,-0.4425836597299311,3.0243428,3.1583393333333336,55.22244163091193,62.352649212061046,54.066571777969955,531.3860252004577,100.0,US
1997-10-01,1.873103670606291,2.1500982098029198,1.873103670606291,4.069083837868082,4.750022832820733,2.2091628205777702,-5.02545693727523,-2.4368271434224598,0.5449134104260933,1.9900879891194712,7.9331068117288295,5.160529772716506,14.996369819038183,-0.3363956424076775,-0.10462910031457903,0.02400328587075575,0.0,0.0,0.0,0.021602957283680176,0.0,0.0,0.0,0.0,2.489211396355946,-3.508199163651838,-0.9930749434697352,-73.37080594670104,-0.616107725749655,2.9521174333333335,3.066178366666667,55.88212038678957,62.68871241262357,56.740806870610086,531.3860252004577,100.0,US
1998-01-01,1.4716816551930023,0.8238931852041276,1.4716816551930023,4.083281990144361,3.863755403861191,2.2353871974233996,-12.372047970721123,-2.0570412873450294,0.5653255603120986,2.2466886790875162,7.516824174044956,5.1701941848644575,14.8252815518516,-0.6319107573591332,-0.3639629136646704,0.022995618838992336,0.0,0.0,0.0,0.020696056955093103,0.0,0.0,0.0,0.0,2.285705448123357,-3.9434860721669764,-1.4017489701489039,-72.61084039203679,-0.8140237929303549,2.748734933333333,2.9368390000000004,56.424522919400054,62.81796748976301,56.84706854670854,542.4971363115687,100.0,US
1998-04-01,1.5709293705180372,1.3147094826493344,1.5709293705180372,4.176575504674229,3.9297110273910363,2.163616218862252,-10.626384845897318,-2.029576596369309,0.78641746041197,2.3204191188154977,7.517129227051811,5.170114142673526,14.657452388706293,-0.6411057891306693,-0.43991965330855753,0.02200985761226725,0.0,0.0004931506849315068,0.0,0.019981474590766556,0.0,0.0,0.0,0.0,2.1427502326022934,-4.207149932826226,-1.1829548722078052,-71.95709000585133,-0.5718208620842562,2.6122002,2.9390829333333333,56.981584979918956,63.024775613186094,56.846188470689775,542.4971363115687,100.0,US
1998-07-01,1.583580650252614,2.045621723354074,1.583580650252614,3.93023908124448,3.1774670609049593,2.327039268235076,-11.977138267353224,-1.8790997795827713,0.6415128764425271,2.414606155872512,5.011264958966155,5.1700085441266,14.490253057270856,-0.6863350960839343,-0.6154299161724766,0.021013143483023,0.0,0.0009917808219178082,0.0,0.019258952422391933,0.0,0.0,0.0,0.0,2.0309163161323576,-4.036571125241153,-1.0596576775407458,-71.67412867146359,-0.4473356658797436,2.660754733333333,2.860749333333333,57.4360303450791,63.34791330603467,56.845027398664065,542.4971363115687,100.0,US
1998-10-01,1.514250337281542,1.8727769579186315,1.514250337281542,3.606779409366556,3.456184145309038,2.3140253502802466,-13.14680680464366,-1.3202528560870008,0.7305969476032761,2.599442145436237,0.1820260986257871,5.169931838240709,14.48073234528331,-0.5156374737548736,-0.6395437250206915,0.020005476451259586,0.0,0.0014958904109589042,0.0,0.018528490449969244,0.0,0.0,0.0,0.0,1.9275831203621945,-3.9693002138992597,-0.974961059074404,-71.278276874616,-0.4133327830806526,2.3254917333333336,2.4843892333333333,57.93445429396442,63.64519998345535,56.844184005824786,542.4971363115687,100.0,US
1999-01-01,1.6731669654015846,1.4595596976842984,1.6731669654015846,3.622845176498757,3.9280184723899936,2.148557615832658,-9.020774471437404,-1.3504896041144243,0.8536502701945006,2.9454966573029373,-0.0049967782007387385,5.169935848182801,14.550137533865614,-0.2751440179859843,-0.09678651059352525,0.018997809419496168,0.0,0.002,0.0,0.01779802847754655,0.0,0.0,0.0,0.0,1.8766998893700726,-4.083536568213759,-0.6125384827217726,-70.6611621809396,-0.203532923968488,2.5083721333333333,2.6671926,58.506175882391695,63.877859122306326,56.84422809574574,549.8281786941575,100.0,US
1999-04-01,2.0903856041019964,2.9835840374509814,2.0903856041019964,3.5384029999230293,3.5919423210881263,2.0611416688436357,-1.7117218605518931,-1.3142585991863132,0.8773163854727333,3.211885083557642,-0.003445504825116963,5.169936009210093,14.481298595467432,-0.17615379323886182,-0.4661614596455277,0.018012048192771087,0.0,0.002493150684931507,0.0,0.017083446113220005,0.0,0.0,0.0,0.0,1.9194370323164573,-3.6808125354860124,-0.052364628500296995,-70.5090726100303,0.17094857178553902,2.596804233333333,2.860825666666667,59.03391888709381,64.35610290772223,56.844229866265216,549.8281786941575,100.0,US
1999-07-01,2.3193537403209064,2.961494268229714,2.3193537403209064,3.6832423477425102,3.756824452182883,1.9926648515241396,3.031111378651294,-1.632729659395482,0.9015693151563067,3.3697034197848974,-0.0010009658360177198,5.169956794366354,14.462667124314763,-0.02758593295609235,-0.02329540956178408,0.017015334063526837,0.0,0.0029917808219178084,0.0,0.016360923944845385,0.0,0.0,0.0,0.0,1.999420373917347,-3.3593392084611793,0.2884374241885488,-70.31024006404202,0.3199333664035593,2.7673422999999997,3.0533913,59.590980947612685,64.83434669313812,56.84445840220807,549.8281786941575,100.0,US
1999-10-01,2.5860917987564846,2.9397291916609447,2.5860917987564846,3.676519382464072,3.4292922841952844,2.0004441381245464,7.146533221529114,-1.8035004572972801,1.0597144537443537,3.567936577667896,0.0013274321184253424,5.170000466031923,14.308297872461678,-0.17243447282163094,-0.08069012576636887,0.016007667031763418,0.0,0.0034958904109589043,0.0,0.015630461972422693,0.0,0.0,0.0,0.0,2.1167546588851747,-2.943603221362764,0.6585086783942902,-70.18784929090839,0.46933713987131,3.0087436666666663,3.1671529,60.1040644244064,65.312590478554,56.84493857878895,549.8281786941575,100.0,US
2000-01-01,3.2058494515416314,3.9385903088248853,3.2058494515416314,3.641238669999858,3.7868956225331374,2.214805247124829,14.295347544573506,-1.8798812610756332,1.085056126492316,3.400389304121876,2.599157637620886,5.306072165426802,14.124360486903608,-0.4257770469620059,-0.4907886799925975,0.015,0.0,0.004,0.0,0.0149,0.0,0.0,0.0,0.0,2.334573617416466,-2.365161003262685,1.3291495621715588,-70.22577296248133,0.8712758341251652,3.1587374666666665,3.317285333333333,60.67578601283368,65.95886586425115,58.34106753375403,563.3447880870556,100.0,US
2000-04-01,3.240749913273344,3.1231858843778326,3.240749913273344,3.7289564667347896,3.9428135080278537,2.370619647329164,11.772269553289986,-1.6329506737675192,1.1775651221658565,3.5569141346169952,2.603616770747208,5.306308940798658,14.239014243249471,-0.2422843522179613,-0.27570398162399157,0.014825622775800712,0.0,0.004298850574712644,0.0,0.014847658199370065,0.0,0.0,0.0,0.0,2.5158088765878417,-2.0691505926207157,1.3213128809568868,-70.02086605656886,0.7249410366855025,3.411166833333333,3.2589822,61.276826657077734,66.47588617280887,58.3436709148482,563.3447880870556,100.0,US
2000-07-01,3.410089384717807,3.638852154007566,3.410089384717807,3.789520642635491,3.9990811557856887,2.505001564859821,11.00516001237153,-1.1456654678381861,1.1038795105662302,3.520598250755824,2.611693486687705,5.306758868758279,14.130443811422952,-0.3322233128918106,-0.329442061471947,0.014651245551601423,0.0,0.004597701149425287,0.0,0.01479531639874013,0.0,0.0,0.0,0.0,2.6946649782138348,-1.6530779843241703,1.41066901080046,-69.93080880612428,0.7154244065039723,3.127963466666667,3.0476560666666668,61.892526829230206,67.0833850353642,58.348617940945694,563.3447880870556,100.0,US
2000-10-01,3.385537342101319,2.8415210211949926,3.385537342101319,4.039263406556248,4.428263339878313,2.545793269551222,10.195686502853407,-1.5690182780589423,1.1973053895934895,3.396056671036074,2.6178861237815765,5.307132337288358,14.101460644538385,-0.20683722792329273,-0.3413330228517062,0.014474952094169175,0.0,0.004899835796387521,0.0,0.01474239941348789,0.0,0.0,0.0,0.0,2.8328394509913317,-1.595841697070341,1.2687826832161444,-69.53412322645343,0.5526978911099873,3.1241631,2.9310508333333334,62.58152464092462,67.5616288207801,58.352724284028824,563.3447880870556,100.0,US
2001-01-01,3.352915234169629,3.8081018770981245,3.352915234169629,3.8652228165343416,3.090733262445511,2.619917183584608,7.399804460092496,-0.9188900711220249,0.8578175419205767,3.195538577355006,1.6577155066696436,5.394764851646021,14.436740997594702,0.3123805106910932,-0.022155784518142707,0.014298658636736928,0.0,0.005201970443349754,0.0,0.014689482428235649,0.0,0.0,0.0,0.0,2.9368546076269912,-0.9901950924282374,1.0183416167531627,-69.71346538011669,0.41606062654263765,2.4760114000000004,2.5579322333333336,63.066954643628506,68.20790420647724,59.316257059102156,583.1615120274909,100.0,US
2001-04-01,3.270828054484287,2.7948371656364657,3.270828054484287,3.7886166096526175,3.636388680500957,2.6036973782995076,6.513274694481774,-0.6087608634027908,0.6853933171443005,2.9756984912475914,1.6470677341855033,5.3944311674553225,14.786781388516548,0.5477671452670779,-0.08869991668104216,0.014126197645770599,0.0,0.005497536945812808,0.0,0.014637715812228022,0.0,0.0,0.0,0.0,3.0036492969984505,-0.8178281986196367,0.7550191778964455,-69.50307750140055,0.26717875748583664,2.6780915000000003,2.731342833333333,63.64290856731461,68.68614799189312,59.31258815085939,583.1615120274909,100.0,US
2001-07-01,2.642990613684759,1.127502390809454,2.642990613684759,3.6897533149427453,3.6036279769462,2.622448863382143,-1.7368205275089976,-0.5952181744690144,0.24667972483152667,2.892762975819252,1.6337254654423372,5.39416881488426,14.526551992485567,0.39610818106261547,-0.28449885619988935,0.013951820421571311,0.0,0.005796387520525452,0.0,0.014585374011598089,0.0,0.0,0.0,0.0,2.9315175603357124,-1.034844858585629,-0.05167436452907559,-68.88404610486633,-0.28852694665095324,2.7963411666666667,2.7474823,64.21886249100072,68.88003060760227,59.30970354458401,583.1615120274909,100.0,US
2001-10-01,1.857521186470379,-0.30035668766252854,1.857521186470379,3.475550554403295,3.571452297720512,2.6778489303605824,-12.962865049429928,-0.3375824540551853,-0.4250062728776305,2.7472239526843967,1.6266841197560389,5.394168599547225,15.359059984441952,1.2575993399035674,-0.29644241823231265,0.013775526964139063,0.0,0.0060985221674876855,0.0,0.014532457026345848,0.0,0.0,0.0,0.0,2.7167182855626457,-1.5648425027260942,-0.9753182645209528,-67.91609385852054,-0.8591970990922668,2.368002033333333,2.5212699666666665,64.79481641468682,68.8283285767465,59.30970117692067,583.1615120274909,100.0,US
2002-01-01,1.2242360264238528,1.27496123691202,1.2242360264238528,3.477635917874533,3.0990747163304633,2.500130220541763,-18.382530455345353,-0.8051708059065521,-0.62967761025768,3.154972432647385,1.2457217013042365,5.462388937591688,15.343463143915766,0.9067221463210651,-0.2823911936678769,0.013599233506706816,0.0,0.006400656814449918,0.0,0.014479540041093607,0.0,0.0,0.0,0.0,2.4182218337348873,-1.5271161837697775,-1.7126185812031385,-67.460065488666,-1.1939858073110345,2.1499735333333336,2.7356563,65.29877609791217,69.04806220788353,60.05979413173584,598.3963344788082,100.0,US
2002-04-01,1.308674500480489,3.1325910618630104,1.308674500480489,3.5559302036486606,3.9495658235974673,2.3973446791666575,-14.594824980256504,-1.547638551029007,-0.767343779338133,3.1657832724527157,1.2551752856792442,5.462567454640417,15.432238173240776,0.6454567847242271,-0.6676871698073344,0.013426772515740487,0.0,0.006696223316912973,0.0,0.014427773425085978,0.0,0.0,0.0,0.0,2.1963123670840075,-1.2333377934862568,-1.6949747965179616,-67.25582179823239,-0.8876378666035185,2.516136866666667,2.825063,65.94672426205904,69.59093353186914,60.06175695373886,598.3963344788082,100.0,US
2002-07-01,1.5639864500195166,2.1487501889655647,1.5639864500195166,3.090753746307673,1.7429221475822487,2.241731858852436,-8.005877764293107,-1.7770746924299807,-0.6713443038631031,3.32714193900433,1.2586986498944075,5.462494248508668,15.49165976845961,0.9651077759740417,-0.2235925643225366,0.0132523952915412,0.0,0.006995073891625616,0.0,0.014375431624456043,0.0,0.0,0.0,0.0,2.069847183671109,-0.6440245356186836,-1.3675311103161958,-67.3572788085782,-0.5058607336515926,2.1735607666666668,2.4191784,66.23470122390208,69.96577325557348,60.06095204122672,598.3963344788082,100.0,US
2002-10-01,2.2285044789434494,2.3577154280332024,2.2285044789434494,2.5234471178541718,1.3022257839065077,2.036229734880024,4.832809599847515,-1.3857784196433354,-0.8083490222918472,3.367924672954681,1.258788373992048,5.462498931619735,15.524682444700769,0.16562246025881577,-0.3856746701142333,0.013076101834108952,0.0,0.007297208538587849,0.0,0.014322514639203804,0.0,0.0,0.0,0.0,2.101578642725577,0.05626404836820598,-0.48821380661919633,-67.62115121960991,0.12692583621787223,1.9956968,2.213647,66.45068394528437,70.37938950241966,60.061003532742575,598.3963344788082,100.0,US
2003-01-01,2.932977920555224,4.092855003359119,2.932977920555224,2.8262750732206854,4.310386537796518,1.8175963501082748,16.328343186637934,-1.600653999195445,-0.811691839157767,3.290515808909966,0.3243934105777724,5.480137339123864,15.625547526805207,0.2820843828894387,-0.16469576672281294,0.012899808376676704,0.0,0.007599343185550082,0.0,0.014269597653951561,0.0,0.0,0.0,0.0,2.2678584982915067,0.3641436966123308,0.5147560868203369,-67.56676833600046,0.6651194222637176,2.0296309666666663,2.1892966333333335,67.170626349892,71.10321793440048,60.25494049615051,606.7583046964485,100.0,US
2003-04-01,1.986089556329862,-0.6549623950384387,1.986089556329862,2.3733584332093827,2.1378992635522565,1.4804764003600646,5.702541047679266,-0.702114953611721,-1.0813712671632931,3.3935085221575734,0.3231414644546904,5.480247826030755,15.648728370932327,0.21649019769155176,-0.14265093997998296,0.012727347385710375,0.0,0.007894909688013136,0.0,0.014217831037943936,0.0,0.0,0.0,0.0,2.211504709899178,0.004995433300337027,-0.2102228107541455,-66.86855292135274,-0.22541515356931585,2.0375917,2.0708606666666665,67.53059755219581,70.98688836497499,60.256155316434814,606.7583046964485,100.0,US
2003-07-01,2.192669610113196,2.9750704040989007,2.192669610113196,2.8925423142991846,3.8196576719414566,1.3523090963471596,8.29415071203552,-0.5557690087763856,-1.0840510790308828,3.5906687556652384,0.32211352959399253,5.480118050623639,15.552994832683803,0.06133506422419388,-0.5349038293783555,0.012552970161511086,0.0,0.00819376026272578,0.0,0.014165489237314,0.0,0.0,0.0,0.0,2.2077376899419816,0.15782723386999464,0.12282242644208674,-66.65740610439215,-0.015068079828785663,1.8198124,2.2198461,68.1785457163427,71.51683418124664,60.25472841616758,606.7583046964485,100.0,US
2003-10-01,1.9820632499684798,1.515289987454338,1.9820632499684798,3.093580028851317,2.1063766421150376,1.1574803149585478,5.171005078678115,0.11604526295099227,-0.7863943851041331,3.8967314849909562,0.31586934888219176,5.479780570759515,15.500908723775208,-0.02377372092556007,-0.13279597662889409,0.01237667670407884,0.0,0.008495894909688013,0.0,0.01411257225206176,0.0,0.0,0.0,0.0,2.162602801947281,0.3636682553118362,-0.11951539275709733,-66.50963444072698,-0.18053955197880134,1.9809389333333334,2.2542807000000002,68.53851691864651,71.78826984323945,60.2510177739203,606.7583046964485,100.0,US
2004-01-01,1.8015259334374534,3.3707057372350135,1.8015259334374534,2.539819060561044,2.0953426646354245,1.3076580003021476,1.3528177646910777,0.7597153486532671,-0.6550644500694718,3.7140469581161017,0.47236398704653126,5.506084769265776,15.751079061945381,0.1255315351401748,-0.18345319363515333,0.01220038324664659,0.0,0.008798029556650246,0.0,0.014059655266809516,0.0,0.0,0.0,0.0,2.0903874282453154,1.0104435180985405,-0.4663325648540533,-66.82847520887685,-0.28886149480786205,1.8661497,2.2546310333333337,68.89848812095032,72.39576870579477,60.54023642259875,619.5876288659788,100.0,US
2004-04-01,2.7477709695900465,3.130017749571934,2.7477709695900465,2.7341345604321,2.915161263036481,1.7651045189660763,8.444277045228453,0.940531691358415,-0.5567255600121683,3.6907599315077255,0.4688026858798988,5.505999690584754,15.722610301312676,0.0738819303803484,0.1381544477024978,0.012026006022447303,0.0,0.009096880131362891,0.0,0.014007313466179585,0.0,0.0,0.0,0.0,2.2218641365142617,1.3344613667474192,0.5362662596908687,-66.8821893305107,0.5259068330757848,2.2136491,2.3900448,69.40244780417567,72.96449104520825,60.5393009696082,619.5876288659788,100.0,US
2004-07-01,2.6397109659017204,2.542830389345596,2.6397109659017204,2.605671127436082,3.3058039399573858,1.792009725598831,7.213357253360781,0.9340395558633086,-0.39137724938396357,3.4278739891889676,0.47274042279410455,5.506086116275515,15.647555471348154,0.09456063866435105,0.50094073295225,0.011851628798248016,0.0,0.009395730706075533,0.0,0.01395497166554965,0.0,0.0,0.0,0.0,2.3054335023917534,1.370044766144261,0.4319732759597388,-66.69144594285783,0.334277463509967,2.4244901999999997,2.4431248,69.97840172786177,73.42980932291022,60.540251233174956,619.5876288659788,100.0,US
2004-10-01,3.3289192814264013,4.272123249553061,3.3289192814264013,2.5921617251417395,2.0523390329376667,2.1411183274476997,13.295101113616708,0.4468206778295736,-0.39235519638342353,3.2762605051558813,0.4759114815301224,5.505921630471266,15.533697102588548,0.03278837881333929,0.08972198348101178,0.011675335340815768,0.0,0.009697865353037767,0.0,0.013902054680297411,0.0,0.0,0.0,0.0,2.510130658198683,2.120367925077886,1.16631647947912,-67.24639199701168,0.8187886232277184,2.0350611666666665,2.334861633333333,70.33837293016559,74.21826529346073,60.53844268683128,619.5876288659788,100.0,US
2005-01-01,2.9900222501133555,2.0151176119828307,2.9900222501133555,2.680572869421205,2.4489872417532865,2.281467776617152,7.728903683777394,-0.014702500825947151,-0.25966542809767024,3.431772815263856,1.9394470085712268,5.61391463723183,16.05651401721393,0.305434955268552,0.35809869701174746,0.01149904188338352,0.0,0.01,0.0,0.013849137695045168,0.0,0.0,0.0,0.0,2.606108976581617,2.1244191312733705,0.8996348218680401,-67.13792458956902,0.3839132735317383,2.2039482333333336,2.4047695,70.77033837293017,74.59310501716509,61.725842161275565,636.0824742268035,100.0,US
2005-04-01,2.881037326219449,2.694078053996307,2.881037326219449,2.4591403137322665,2.029431040280727,2.117726201130754,8.48961776795108,0.09283230707733958,-0.05998514353782092,3.3025686832703793,1.9346273654573531,5.613557332440571,16.044039248386476,0.3214289470738013,0.5324652962377177,0.011326580892417192,0.0,0.010788608981380066,0.0,0.013969935946658496,0.0,0.0,0.0,0.0,2.6610946465091834,2.3731596964944686,0.6591731897051871,-67.30408634299793,0.2199426797102655,2.4674190333333335,2.4067037333333334,71.13030957523398,75.09719981800885,61.72191354095019,636.0824742268035,100.0,US
2005-07-01,3.7486036818094703,6.013095811705682,3.7486036818094703,2.238140219613527,2.4218035634824275,2.0260215812723636,19.216326469356858,0.019053124366330554,0.07333653657559314,3.024320025563454,1.9335468887513807,5.613584792621104,15.97389064045088,0.3263351691027261,0.3535145082675785,0.011152203668217904,0.0,0.011585980284775466,0.0,0.014092076401067527,0.0,0.0,0.0,0.0,2.8785964535692408,3.292184838424845,1.443170179417717,-68.20190940505378,0.8700072282402296,2.3831456666666666,2.394808766666667,71.56227501799856,76.23464449683584,61.72221546979644,636.0824742268035,100.0,US
2005-10-01,3.608771247238085,3.7127935112675203,3.608771247238085,2.426812727243721,2.807029063458444,2.079768831753004,16.29585107883549,-0.16772006958781782,0.07361124977290245,2.556695133291098,1.9460797309374778,5.614120660253444,15.825435701776922,0.29173859918837364,0.39390500034002646,0.010975910210785655,0.0,0.0123921139101862,0.0,0.014215559058272261,0.0,0.0,0.0,0.0,3.02463141230301,3.4356133438947296,1.0986405890394022,-68.42835051700597,0.5841398349350753,3.041884566666667,2.5651291,72.0662347012239,76.9455474211027,61.72810741561866,636.0824742268035,100.0,US
2006-01-01,3.624386494334697,2.0775786003692787,3.624386494334697,2.511432848414774,2.787467726437498,2.0834086902842053,16.357722488584052,0.08521038436475337,0.30747752282138663,2.2007305939244604,3.508725721067507,5.814387966977542,16.01379196904398,-0.04272204816995473,0.20772880412995692,0.010799616753353409,0.0,0.013198247535596935,0.0,0.014339041715476994,0.0,0.0,0.0,0.0,3.1445824287093473,3.1312291850895377,1.0182775177530798,-68.25087823548895,0.4798040656253497,2.2265568333333334,2.4788541,72.57019438444924,77.34623816023495,63.93007680128263,662.199312714776,100.0,US
2006-04-01,3.8492260420826874,3.5934362449882684,3.8492260420826874,2.794593039055915,3.16207180284529,2.4315309975001753,16.388398839513485,-0.8709569100090353,0.40823370594285713,1.876042958278279,3.514519039999975,5.814354737161056,15.981015650325217,-0.06302359806125979,0.08009583898514888,0.01062715576238708,0.0,0.013986856516976998,0.0,0.01445983996709032,0.0,0.0,0.0,0.0,3.285511151384015,3.096035030745398,1.188131395573504,-68.35871934602473,0.5637148906986722,2.7702709666666667,2.6517205,73.14614830813535,78.04421557678785,63.929711434414784,662.199312714776,100.0,US
2006-07-01,3.2855452540150765,3.7583726594352385,3.2855452540150765,3.071068491593465,3.527705373632628,2.77886465323558,5.967556356128267,-0.7103144185053867,0.4091710595850966,1.6562371752263827,3.5199894985161073,5.814701261714497,16.097009853822573,0.12311921337169462,0.028455292089009765,0.01045277853818779,0.0,0.014784227820372399,0.0,0.01458198042149935,0.0,0.0,0.0,0.0,3.2855179719102274,2.976681847113781,0.4069488004458357,-68.41638616747535,2.7282104849035704e-05,2.7729631,2.619602366666667,73.79409647228222,78.7809695164826,63.933521524391715,662.199312714776,100.0,US
2006-10-01,1.946331090015363,-1.6440631447313336,1.946331090015363,3.1467689804418164,3.1098310188518496,2.632586221656119,-7.268183420224994,-0.8360114794268347,0.6102403397740579,1.5781624458363175,3.5009603131604283,5.8141498371155835,15.981670266767987,0.15623456499106458,0.4227945864842932,0.010276485080755543,0.0,0.015590361445783133,0.0,0.014705463078704083,0.0,0.0,0.0,0.0,3.0176805955312545,1.5903804951263112,-1.0783003222876468,-67.22791262657958,-1.0713495055158915,2.0930832666666666,2.4038425666666665,74.37005039596832,78.45783182363405,63.92745852736453,662.199312714776,100.0,US
2007-01-01,2.4025571333846862,3.9024827738465717,2.4025571333846862,3.4133006369458485,3.8535943524536265,2.5929918102979066,-3.396655377417268,-0.4896600218522007,0.5447185577711204,1.2893241360287688,8.917171157664217,6.356686438022561,16.363617534357186,0.3498255653132082,0.2954886741872645,0.010100191623323297,0.0,0.016396495071193867,0.0,0.014828945735908821,0.0,0.0,0.0,0.0,2.894655903101941,1.4981532632837684,-0.7420252953246611,-67.24013473192775,-0.49209876971725475,2.707037766666667,2.5214612333333335,75.08999280057596,79.22702878769078,69.8927306695879,684.0778923253145,100.0,US
2007-04-01,2.6303865227484735,4.5047538024434175,2.6303865227484735,3.3868742738524027,3.0563663504715066,2.2623180897793027,0.4896900518299607,0.4262095246189146,0.5458759191975204,1.1924442173666616,8.903793064527022,6.3557997672244,16.148250239451333,0.16723458912611677,-0.042658487714829496,0.009927730632356968,0.0,0.01718510405257393,0.0,0.014949743987522147,0.0,0.0,0.0,0.0,2.8418020270312474,1.7410476628984384,-0.6551246286355417,-67.60223159492077,-0.2114155042827739,2.9524565666666667,2.5583009333333333,75.66594672426206,80.12431753319271,69.88298158979724,684.0778923253145,100.0,US
2007-07-01,2.3218107205501326,2.524069450641875,2.3218107205501326,3.2632454028897584,3.033189889782051,2.097152342280051,-1.8342743512957282,0.9131331199656922,0.3803096103854733,1.2017097442729607,12.267651179143812,6.573628234130915,16.2189947466738,0.12198489285122627,-0.009115206926881503,0.009753353408157679,0.0,0.01798247535596933,0.0,0.015071884441931176,0.0,0.0,0.0,0.0,2.7378037657350243,1.463176781215239,-0.9637072513600948,-67.47495148513573,-0.41599304518489166,2.6139644,2.513756133333333,76.24190064794816,80.63151445588782,72.278038592861,684.0778923253145,100.0,US
2007-10-01,3.952006005660369,4.876717995709612,3.952006005660369,3.2383782182114906,3.0103622801387786,2.2840604316257007,13.311101454586128,1.3934551833527875,0.2479444288968402,1.2830305124534092,12.269099294957876,6.5731000237482045,16.30452382232442,0.3228535555564349,-0.23309633811189023,0.009577059950725431,0.0,0.018788608981380066,0.0,0.01519536709913591,0.0,0.0,0.0,0.0,2.980644213720093,1.7943136491137892,0.9343254101291145,-67.9415404140284,0.9713617919402759,2.4892767,2.3277174333333335,76.81785457163427,81.62057430615877,72.27223083965882,684.0778923253145,100.0,US
2008-01-01,4.0537494121493545,4.309456399802514,4.0537494121493545,3.114928572095721,3.3597957679905477,2.3600245399169495,13.749321811495818,1.4258250261176664,0.04870025100836006,1.2841946113433367,6.525592065174113,6.785331581812101,16.473209630388588,0.1095920960314023,-0.4345709843622073,0.009400766493293184,0.0,0.0195947426067908,0.0,0.015318849756340645,0.0,0.0,0.0,0.0,3.195265253405945,1.859440547657485,1.1590935090474135,-68.17895557198146,0.8584841587434093,2.232695066666667,2.0628457,77.46580273578114,82.50467903379246,74.6057489818501,699.6426116838481,100.0,US
2008-04-01,4.2201087754484945,5.170191255639978,4.2201087754484945,3.0915811122640413,2.962976511144788,2.309380917722148,14.426831647453431,1.940393089040815,-0.2841736750757331,1.3963187176784908,6.5371391118136835,6.785168562225692,19.101709779307,2.9534595398556656,2.049111925156732,0.009226389269093895,0.0,0.0203921139101862,0.0,0.015440990210749675,0.0,0.0,0.0,0.0,3.400233957814455,2.235253890240486,1.378306748417247,-68.73075925810521,0.8198748176340396,2.3442864333333335,2.1749102,78.04175665946724,83.57801319435829,74.60395655679378,699.6426116838481,100.0,US
2008-07-01,5.119205765209145,6.120457409684477,5.119205765209145,2.885262962178281,2.20791728943901,2.436735439407567,20.74129574013286,3.057499982756706,-0.9507642920332096,1.5390514802541055,6.627108581505836,7.024029165020628,17.377073371780625,1.158078625106826,-0.05705901905188626,0.009052012044894607,0.0,0.021189485213581598,0.0,0.015563130665158707,0.0,0.0,0.0,0.0,3.7440283192933927,3.0003744411739746,2.3814019994741207,-69.70889428816662,1.3751774459157522,2.9108299333333334,2.2999659666666665,78.47372210223182,84.8666863134384,77.23026508113169,699.6426116838481,100.0,US
2008-10-01,1.5832037305636426,-9.267290142872397,1.5832037305636426,2.590339094884797,1.8306668109648427,1.9797862914451514,-10.780487000327676,3.3357040986682795,-1.817826837566738,1.4372651554439342,6.622898619726225,7.023169084638925,17.327626451489593,1.0231026291651735,-0.7026490066374325,0.00887571858746236,0.0,0.021995618838992335,0.0,0.01568661332236344,0.0,0.0,0.0,0.0,3.3118634015474426,-0.08211536428987642,-1.3974404831564504,-66.93440504970731,-1.7286596709838,0.8916023766666666,1.8981964666666666,78.83369330453563,82.92307771849279,77.22080836699948,699.6426116838481,100.0,US
2009-01-01,-0.18440671285047117,-2.7609853738539414,-0.18440671285047117,2.0239881347746014,1.0943919275497649,1.738494956440384,-26.36773345518863,2.706583559460096,-3.2187835117224175,1.6007231271059075,5.057283430556847,7.137310296682027,18.484355485136618,2.011145854748031,-0.5638362371663588,0.008699425130030112,0.0,0.022801752464403066,0.0,0.015810095979568173,0.0,0.0,0.0,0.0,2.6126093786678597,-1.0627548298279947,-3.3796719662564163,-65.97056072435637,-2.797016091518331,0.12484796666666668,1.6413906666666669,79.04967602591792,82.35267506307649,78.47580829021584,740.5337915234816,100.0,US
2009-04-01,-0.9466062570151479,2.1213930789812707,-0.9466062570151479,1.5560954723087939,1.091405861281558,1.813451537776789,-30.535518584086276,1.1290644562486851,-4.2537220653206305,1.851092079055905,5.053328007867419,7.136856522278291,19.550419823500217,0.4487100441932179,-2.693943563726311,0.008526964139063783,0.0,0.023590361445783133,0.0,0.0159308942311815,0.0,0.0,0.0,0.0,1.900766251531258,-0.7091466796453574,-4.346840214829603,-66.22805752878126,-2.847372508546406,1.2668979333333332,1.8535621666666666,79.26565874730021,82.79059126442486,78.47081897188241,740.5337915234816,100.0,US
2009-07-01,-1.6200075619449805,3.426852189965146,-1.6200075619449805,1.36676387286645,1.4505908916696342,1.4694204364806396,-29.33899395644487,-1.0147760709950049,-4.589394336361183,2.1349209649832335,5.705922133771879,7.436469672578244,19.62572171757072,2.2486483457900914,-0.5828400204285793,0.008352586914864495,0.0,0.024387732749178534,0.0,0.016053034685590533,0.0,0.0,0.0,0.0,1.1966114888360102,-0.1545710261555655,-5.364035881238373,-66.72212285335522,-2.8166190507809907,1.9791925,2.0681111,79.55363570914326,83.50291599454026,81.76511096239558,740.5337915234816,100.0,US
2009-10-01,1.4766993079265767,3.1195373366138313,1.4766993079265767,1.360565205577835,1.805872141810383,1.735082851053349,1.191523368450076,-1.9519788585694142,-4.892548096301942,2.6365587721215444,5.719444509035654,7.436564621747837,19.585061344451574,2.257434892961979,-0.657472335500418,0.008176293457432248,0.0,0.025193866374589265,0.0,0.016176517342795266,0.0,0.0,0.0,0.0,1.2526290526541235,0.1791899942444104,-1.835164093620866,-67.05053915205605,0.22407025527245317,1.7406669,1.961975533333333,79.91360691144708,84.1566881747115,81.76615494290371,740.5337915234816,100.0,US
2010-01-01,2.3253235999845856,0.6335117943780944,2.3253235999845856,1.446679841775378,1.4388504723399365,1.331186069982504,14.099405074548383,-1.5475388275360102,-4.796592235883454,3.1374782915778554,4.402330285286737,7.458537124564477,20.385792701125645,1.901437215989027,0.14190707750524645,0.008,0.0,0.026,0.0,0.0163,0.0,0.0,0.0,0.0,1.4671679621202158,-0.05685176182777241,-0.2872857786832741,-66.84920448256561,0.8581556378643698,1.7991717333333332,2.0381484333333333,80.20158387329013,84.29007941431941,82.00774594105555,740.5337915234816,100.0,US
2010-04-01,1.7596996349806382,-0.1411027810345189,1.7596996349806382,1.6216571589246165,1.7913151298785124,0.948101365823284,9.49666281341891,-1.0080656892361706,-4.601595320653123,3.287743512032193,4.407260604395646,7.4584306426358085,20.078833761387752,0.5284139378875341,0.01826395608193143,0.007953798767967146,0.0,0.026197152245345016,0.0,0.016327422177041185,0.0,0.0,0.0,0.0,1.5256742966923003,-0.5686384804997857,-0.1410666165506198,-66.36610000483736,0.23402533828833794,1.5011276,1.9892216333333332,80.56155507559394,84.26035074657733,82.00657515611371,740.5337915234816,100.0,US
2010-07-01,1.195704467930625,1.1708715217650933,1.195704467930625,1.6158340786589953,1.4272985706071495,0.8923462136766425,2.519978664509759,-0.5613250645421397,-4.440950879516457,3.3997172570545353,0.29332434248563466,7.4583146710358115,20.137658387623773,0.5119366700530537,0.19040476879038903,0.007907084188911704,0.0,0.026396495071193866,0.0,0.016355149044938386,0.0,0.0,0.0,0.0,1.4596803309399653,-0.6150703889472027,-0.0009070209053851919,-66.3019932426268,-0.2639758630093403,1.0703518833333332,1.6733046666666667,80.849532037437,84.50735719899079,82.00530003079759,740.5337915234816,100.0,US
2010-10-01,1.2222834885954548,3.2258534192731503,1.2222834885954548,1.6972269843282817,2.1314437644875284,0.6434976322059249,4.165253937145019,-0.21576795569292484,-4.48137612217483,3.548218822526761,0.29384589171272957,7.45844879850392,20.026733814001613,0.441672469550039,0.5189699930990908,0.007859856262833675,0.0,0.02659802847754655,0.0,0.0163831806036916,0.0,0.0,0.0,0.0,1.4122009624710632,-0.3265900012107892,-0.030345564058668728,-66.57559565632329,-0.18991747387560842,1.4184570333333333,1.6049399333333334,81.28149748020158,85.19163357736691,82.00677478263492,740.5337915234816,100.0,US
2011-01-01,2.1254686907878018,4.246252603147482,2.1254686907878018,1.602883827589885,1.0614778453863494,1.0998768900628342,8.855180146538643,0.6809414569965533,-4.022910779879063,3.3665671878151726,0.3818550629490769,7.4870723731688456,19.75023096061028,-0.6355617405153641,-0.20859629511845895,0.007812628336755646,0.0,0.02679956188389923,0.0,0.016411212162444812,0.0,0.0,0.0,0.0,1.554854508134411,0.4645244307146328,0.6583007286675859,-67.37178934576346,0.5706141826533908,1.9503892,2.0018306333333333,81.49748020158387,86.10081378996567,82.32149532365295,740.5337915234816,100.0,US
2011-04-01,3.29134256057646,4.522392698120115,3.29134256057646,1.5957785438610372,1.7628939949631217,1.4407505405757526,16.732922909719548,1.797077406855807,-4.065582761895537,3.013090479296321,0.3799760997269086,7.486824807849959,19.58850333362929,-0.49033042775845914,-0.2737133598183949,0.007766427104722793,0.0,0.02699671412924425,0.0,0.016438634339486,0.0,0.0,0.0,0.0,1.9021521186228207,1.0486646426550976,1.7656682638841599,-68.06166402155274,1.3891904419536394,2.1619145666666664,2.0085433333333333,81.85745140388768,87.07979174421973,82.31877330545609,740.5337915234816,100.0,US
2011-07-01,3.648573742918071,2.5997962511315365,3.648573742918071,1.6777435477512093,1.7551585861678376,1.8803920619827608,15.353774571835267,2.7548753893235634,-4.00940731748662,2.3889853308315834,0.3820106412158353,7.486860716485293,19.319764983030822,-0.8178934045929481,-0.895391707546278,0.007719712525667351,0.0,0.027196056955093098,0.0,0.0164663612073832,0.0,0.0,0.0,0.0,2.2514364434818708,1.087424259267081,2.1888934119781056,-68.27282343779372,1.3971372994362001,1.6508462666666668,1.7595493666666666,82.2174226061915,87.64760929809322,82.31916812634314,740.5337915234816,100.0,US
2011-10-01,3.290008491286045,1.7915924127450467,3.290008491286045,1.5817552979708438,1.7474907653660665,2.151022856954121,9.036754392438818,2.974514908784398,-3.6543863901011644,1.5499972895653413,0.37880839330668437,7.4867556090009275,19.28878718250401,-0.7379466314976046,-0.04003883602350866,0.007672484599589323,0.0,0.027397590361445782,0.0,0.016494392766136415,0.0,0.0,0.0,0.0,2.4591508530427055,0.9327224916726351,1.8778075288149818,-68.28384884963843,0.8308576382433395,1.5608402666666665,1.6130442666666667,82.57739380849532,88.04106175290566,82.31801245362469,740.5337915234816,100.0,US
2012-01-01,2.790037306332227,2.2463678633322104,2.790037306332227,1.8381261505930446,2.0869612558751527,2.204011484876034,3.9923557720719316,1.9277504922978972,-3.3005081802514074,0.9946891157305737,0.7713289096500375,7.545045621656821,18.746510450189945,-1.0037205104203362,-0.7884694365871867,0.007625256673511294,0.0,0.027599123767798467,0.0,0.01652242432488963,0.0,0.0,0.0,0.0,2.5253281437006097,0.8555140720738592,1.235182798197816,-68.3237005015026,0.26470916263161737,1.4449727,1.5757360333333335,83.0093592512599,88.53688422881253,82.95891997596469,767.1248568155778,100.0,US
2012-04-01,1.8703182957327869,0.8435166557223539,1.8703182957327869,1.83011643824047,1.7308551455528232,2.227899529660071,-4.123584544183334,0.9834526815470368,-3.2477469296249692,0.7388047512516871,0.7761299033005375,7.545158373290597,18.77898275531535,-0.8095205783139409,-0.5275782030548322,0.007578542094455853,0.0,0.027798466593647316,0.0,0.016550151192786827,0.0,0.0,0.0,0.0,2.394326174107045,0.5386040290018315,-0.03183382289003389,-68.10186587904504,-0.5240078783742583,1.3555188233333333,1.540233233333333,83.3693304535637,88.72378707035612,82.96015969726429,767.1248568155778,100.0,US
2012-07-01,1.6708233914489945,1.801816633996367,1.6708233914489945,1.8221762302708555,1.7233977542893797,1.9976396341111702,-3.1900064620591695,0.14656249338943494,-3.0960629347600133,0.5862441950150066,0.7802627845864496,7.545506402085902,18.904482937679912,-0.41528204535091207,0.1504144251587396,0.007531827515400411,0.0,0.027997809419496165,0.0,0.016577878060684028,0.0,0.0,0.0,0.0,2.249625617575435,0.4996362008633639,-0.5806130520328763,-68.12147059897178,-0.5788022261264407,1.5327488999999999,1.4983123666666665,83.72930165586753,89.12434855441123,82.96398632660846,767.1248568155778,100.0,US
2012-10-01,1.885676669605374,2.6510055253705644,1.885676669605374,1.7286515157184823,1.3733919071565737,1.9302521128429895,-0.12882395807289893,0.014920170798116139,-2.8787361275186303,0.45519902271179413,0.7827090409648463,7.545585053377057,18.451110756500526,-0.8376764260034836,-0.30640575051362406,0.007484599589322382,0.0,0.02819934282584885,0.0,0.01660590961943724,0.0,0.0,0.0,0.0,2.176835827981423,0.7562975312665685,-0.5734741834373316,-68.44087400352528,-0.2911591583760491,1.7930800333333332,1.515621033333333,84.01727861771057,89.7169830830955,82.96485110947341,767.1248568155778,100.0,US
2013-01-01,1.7252337630003112,1.6045962369119593,1.7252337630003112,1.8049480118983219,2.392147240594511,1.9107935222468342,-1.295164450838815,-0.2005411408278146,-2.8290332217206435,0.428185247954338,0.3618159000720489,7.572394242377545,19.305193124152304,0.5586826739623574,0.6416225001606357,0.0074373716632443534,0.0,0.02840087623220153,0.0,0.016633941178190455,0.0,0.0,0.0,0.0,2.0865154149852008,0.45345805049397825,-0.8000943807002985,-68.24398625260469,-0.3612816519848896,1.2271109,1.4797121000000002,84.52123830093592,90.07760474831453,83.25962220516146,779.8487972508584,100.0,US
2013-04-01,1.4048094445326953,-0.4381806181481096,1.4048094445326953,1.882005932677,2.0390868286675357,1.6477051481516014,-2.3958482466508224,-0.4432934245251041,-2.6468750874083646,0.3388809288703998,0.3660888228271375,7.572830977008505,19.252205046399382,0.47322229108403,0.7416362921619585,0.0073911704312114995,0.0,0.02859802847754655,0.0,0.01666136335523164,0.0,0.0,0.0,0.0,1.9501742208946997,-0.24604067691430487,-0.9895167295743499,-67.62466939090078,-0.5453647763620044,1.3291835333333333,1.4753455000000002,84.9532037437005,89.97898312445713,83.26442416861103,779.8487972508584,100.0,US
2013-07-01,1.493741351304756,2.1575442610846096,1.493741351304756,1.7895662925286437,1.3536391936959546,1.72973035039945,-1.9233459426854171,-0.42369195116951364,-2.3655043430644334,0.478622052884603,0.3636981487843194,7.5729992343422525,19.249412951953886,0.3449300142739753,0.7865288613401693,0.007344455852156057,0.0,0.028797371303395398,0.0,0.01668909022312884,0.0,0.0,0.0,0.0,1.858887646976711,-0.023113690671650033,-0.7558842662706793,-67.82564565774788,-0.3651462956719551,1.6676276333333335,1.7538160999999999,85.24118070554356,90.4656284898871,83.26627418349307,779.8487972508584,100.0,US
2013-10-01,1.2000751215597738,1.476340606390636,1.2000751215597738,2.0356937068743974,2.3579015645395884,1.7084689879363957,-4.622278387074486,-0.8937112923990576,-2.084819818460085,0.7650350616870805,0.36554008895341994,7.573217665061091,19.213386222768435,0.7622754662679088,1.0925325445243215,0.007297227926078029,0.0,0.028998904709748082,0.0,0.016717121781882054,0.0,0.0,0.0,0.0,1.7271251418933236,-0.22737325324038693,-0.9767607064216492,-67.60525541821065,-0.5270500203335498,1.6433769,1.7420456,85.74514038876889,90.80014062952395,83.2686758623474,779.8487972508584,100.0,US
2014-01-01,1.419781201081527,2.483420554998972,1.419781201081527,1.68922935645055,1.0062898388991215,1.589807959353795,-1.3005920210443667,-0.2688686264303075,-1.8380445367601386,0.7305862191716805,3.486222033446129,7.841040309868028,19.137615228253228,-0.16757789589907368,0.3706206057497592,0.00725,0.0,0.029200438116100767,0.0,0.01674515334063527,0.0,0.0,0.0,0.0,1.6656563537309643,0.19252929149402576,-0.6667342139036738,-67.97453809723565,-0.24587515264943738,1.4811783666666667,1.7877615666666664,85.96112311015118,91.36563159200895,86.21342642747531,791.5005727376855,100.0,US
2014-04-01,2.0589999702959716,2.118694458709669,2.0589999702959716,1.847239763544195,2.6711284570421157,1.8787531497285848,1.5676894378130135,0.40935564532386115,-1.3917271941382605,0.7509063328759225,3.477915656776309,7.84084122169116,19.212493461563376,-0.03971158483600523,0.7556700329949053,0.007203798767967146,0.0,0.02939759036144578,0.0,0.016772575517676455,0.0,0.0,0.0,0.0,1.7443250770439658,0.055157967500022664,0.10882574940127188,-67.8364295976525,0.3146748932520058,1.6493156000000002,1.8579101,86.53707703383729,91.85085515159037,86.21123742280109,791.5005727376855,100.0,US
2014-07-01,1.775121221560294,1.0220292661418995,1.775121221560294,2.2547928109141857,2.9838513831759172,1.7584860399353808,-1.5062639681661216,0.42646815242064484,-1.279077111871886,0.8029188535018439,3.480414259718989,7.84121135211425,19.287779305510064,0.03836635355617679,0.6784428546261446,0.007157084188911704,0.0,0.029596933187294634,0.0,0.016800302385573656,0.0,0.0,0.0,0.0,1.7504843059472315,-0.41923390088214774,-0.08376642541641699,-67.34597406839406,0.024636915613062582,1.9270282333333333,1.8915243666666666,87.18502519798416,92.08584088182984,86.21530706289202,791.5005727376855,100.0,US
2014-10-01,1.1572832187645155,-0.9950114047924785,1.1572832187645155,2.2416878914542693,2.3054818866999227,1.712355217951167,-8.716233862938383,0.8774803468909576,-0.9332992997598604,0.7996249198864658,3.4798976847918883,7.841397012175373,19.249230966032172,0.03584474326373821,0.6861876468235909,0.007109856262833676,0.0,0.029798466593647314,0.0,0.016828333944326868,0.0,0.0,0.0,0.0,1.6318440885106882,-1.1653070572828739,-0.5698419231288081,-66.5208507455209,-0.47456086974617273,1.7031663666666665,1.8468636,87.6889848812095,91.85705939529305,86.21734842339875,791.5005727376855,100.0,US
2015-01-01,-0.11295693550543717,-2.5975400620808387,-0.11295693550543717,2.6447822543609334,2.618667290525778,1.674320282364672,-23.5490210155608,0.15779577169610093,-0.787596267460474,0.9745787159101349,2.291426315234757,8.022786306433778,19.41380618818373,0.27619095993050014,1.0506885588351413,0.007062628336755647,0.0,0.03,0.0,0.016856365503080083,0.0,0.0,0.0,0.0,1.2828838837074632,-2.335160691415581,-1.7786132892364015,-65.2167989073693,-1.3958408192129004,0.6992739133333333,1.6439367666666669,88.2649388048956,91.26248604045168,88.21175120125437,804.9541809851082,100.0,US
2015-04-01,0.037003244185651596,2.718535177474024,0.037003244185651596,2.1399993611934676,0.6519968843722523,1.761392732080047,-20.280449205635787,-0.38175040129151405,-0.7085032186976532,1.2260727475204902,2.303602050336906,8.023559471504937,19.527708519936557,0.31521505837318053,0.5459464954457781,0.0070164271047227925,0.0,0.030281579976535,0.0,0.016913337386037765,0.0,0.0,0.0,0.0,1.033707755803101,-1.5508727208726611,-1.7073218328583142,-65.73343348064466,-0.9967045116174493,1.6892917,1.776696,88.40892728581713,91.88484923687804,88.22025226837613,804.9541809851082,100.0,US
2015-07-01,0.15848530666531246,1.507957516060543,0.15848530666531246,2.043389446454391,2.5974117242196115,1.8437122896965974,-19.614116704041606,-0.4318533004590397,-0.39588992892743136,1.280550565332117,2.3067609810750955,8.024191701879477,19.471851133132553,0.18407182762248953,0.8117237939888617,0.006969712525667351,0.0,0.030566288619475947,0.0,0.016970942289917197,0.0,0.0,0.0,0.0,0.8586632659755432,-1.6235824492423205,-1.591998999281919,-65.46106992860501,-0.7001779593102307,1.8180931766666666,1.8464430466666666,88.98488120950324,92.2318991189974,88.22720373715153,804.9541809851082,100.0,US
2015-10-01,0.3996702357589754,-0.03027168841782668,0.3996702357589754,2.0317643240868932,2.258981397229931,1.9745759540737318,-18.463921402977277,-0.8186451129766237,-0.34962927335052374,1.1333579846091846,2.311289176831499,8.02474506239099,19.475103313524038,0.2258723474918678,0.4778708703475608,0.006922484599589322,0.0,0.030854125928822838,0.0,0.017029180214718383,0.0,0.0,0.0,0.0,0.7668646599322296,-2.023390833053938,-1.2321738527517128,-64.88875665719304,-0.3671944241732542,1.3622015166666668,1.78608411,89.48884089272858,92.22491934483186,88.2332880198311,804.9541809851082,100.0,US
2016-01-01,0.9869486291798069,-0.2484264883975129,0.9869486291798069,2.01863939707545,2.5661675824800056,2.1467886788467005,-13.28082531209882,-1.179680257483784,-0.23626570577233963,1.132702579402478,2.818018353331553,8.252085570558632,19.48989607847619,0.07608989029245783,0.23648283857436297,0.006875256673511293,0.0,0.03114196323816973,0.0,0.01708741813951957,0.0,0.0,0.0,0.0,0.810881453781745,-2.520037809277042,-0.29593525452765634,-64.18510813947367,0.17606717539806183,1.1243757133333334,1.7355012566666668,90.06479481641469,92.1676593456591,90.7329313580026,804.9541809851082,100.0,US
2016-04-01,1.1039169888446665,3.1864086161334626,1.1039169888446665,2.5724891238436243,2.867395791444949,2.2001452142708544,-12.029274978396842,-1.9526423971481632,-0.28901698974225365,0.9667773145101477,2.820965028841105,8.253124022662861,19.553292656146333,0.025584136209774733,0.30669467736731254,0.006828542094455853,0.0,0.031426671881110674,0.0,0.017145023043399002,0.0,0.0,0.0,0.0,0.8694885607943293,-2.166975832600542,0.07020923304156557,-64.26486134564571,0.23442842805033715,1.5436493933333333,1.7295723299999999,90.71274298056156,92.90480105058528,90.74434929625421,804.9541809851082,100.0,US
2016-07-01,1.150503812361503,1.694304810127889,1.150503812361503,2.398196468648539,1.9002411034392708,2.2251004858096834,-10.383344646990988,-2.427122174856089,-0.2744424849626892,0.7905674205369473,2.817422646475576,8.25348196690871,19.51827075041678,0.04641961728422406,-0.07424030642356116,0.0067818275154004105,0.0,0.03171138052405162,0.0,0.017202627947278434,0.0,0.0,0.0,0.0,0.9256916111077641,-1.974570862362313,0.2918405463859598,-64.21337727231793,0.2248122012537389,1.7675527333333332,1.6685437533333332,91.14470842332614,93.29915829093768,90.7482849474797,804.9541809851082,100.0,US
2016-10-01,1.790848012314683,2.5311051113948935,1.790848012314683,2.384850704669539,2.20559834131393,2.1588861958413474,-0.5103772601992795,-2.6814728179014313,-0.15911129411102642,0.9383422347537418,2.816485087634435,8.253973753403551,19.471842038805853,-0.003261274718185936,0.03788593357006256,0.006734599589322382,0.0,0.03199921783339851,0.0,0.017260865872079624,0.0,0.0,0.0,0.0,1.0987228913491478,-1.6630074631767116,1.0239833523824533,-64.29475396483814,0.6921251209655352,1.9793108000000001,1.8055258299999999,91.64866810655147,93.89140505439055,90.75369221451513,804.9541809851082,100.0,US
2017-01-01,2.5542305549238087,2.8051036820389896,2.5542305549238087,2.4478127013703777,2.818015569283361,2.1536485233066394,9.359292619535676,-2.3061658183307854,0.023729755415123677,0.8765987022350541,3.341305408780837,8.532471135620005,19.362193480222835,-0.12770259825335417,-0.17374491682898585,0.006687371663244354,0.0,0.0322870551427454,0.0,0.017319103796880807,0.0,0.0,0.0,0.0,1.38982442406408,-1.39635708727684,1.7433491011420637,-64.29152599302702,1.1644061308597287,1.84955124,1.91043834,92.29661627069832,94.5521570087273,93.81581313509574,807.7548682703315,100.0,US
2017-04-01,1.8729387268359154,0.46124130378188966,1.8729387268359154,2.3530497410193973,2.4883439500410276,1.7618437705333,2.959574356430106,-1.6086914195346358,0.20748831712696436,0.8330899200392317,3.3404317636838154,8.533470319201117,19.187776315786458,-0.36551634035987546,-0.22545245596037733,0.006641170431211499,0.0,0.032568635119280404,0.0,0.01737607567983849,0.0,0.0,0.0,0.0,1.486447284618447,-1.6448710967826727,1.0034501660415862,-63.78475033146221,0.38649144221746834,1.4140545966666667,1.8094428933333333,92.87257019438445,94.66124829383298,93.82679930998496,807.7548682703315,100.0,US
2017-07-01,1.9262671095810369,1.9076183411083747,1.9262671095810369,2.573241396647763,2.7810077259527333,1.6291345691130665,4.22569035778928,-1.4620712757641208,0.22555893712974662,0.9197461198486523,3.3457550694520055,8.53429471678947,19.21734016974504,-0.3009305806717377,-0.1339944714926655,0.0065944558521560575,0.0,0.03285334376222135,0.0,0.01743368058371792,0.0,0.0,0.0,0.0,1.574411249610965,-1.5851175510121607,1.0005754984732729,-63.566402985251145,0.35185585997007185,1.8073800666666668,1.8362551299999998,93.52051835853132,95.11377031889813,93.83586368639698,807.7548682703315,100.0,US
2017-10-01,2.0858738468327864,3.1695320604018917,2.0858738468327864,2.7122933459737375,2.7618061386178283,1.740574683083107,4.314486848454557,-1.2855077141487592,0.3779890199160727,1.0480729711060066,3.342479636412188,8.534523688419474,19.080221565198137,-0.391620473607715,-0.14447667375244058,0.0065472279260780294,0.0,0.03314118107156824,0.0,0.01749191850851911,0.0,0.0,0.0,0.0,1.6767037690553293,-1.1910795198344672,0.9871509554836386,-63.668334465697164,0.4091700777774572,2.2819830366666665,1.9430470833333333,94.1684665226782,95.87042954047237,93.83838126416693,807.7548682703315,100.0,US
2018-01-01,2.223709235092386,3.3564452350773877,2.223709235092386,2.9210378099801204,3.6529934253088925,1.9449216149723725,3.515043988123306,-1.4623778367665485,0.49814502542277683,1.215498797045178,2.5041659172736708,8.748836132473484,19.112019203871085,-0.25017427635174727,-0.019790662328966258,0.006500000000000001,0.0,0.03342901838091513,0.0,0.017550156433320294,0.0,0.0,0.0,0.0,1.7861048622627407,-1.0234600627990673,0.8338848110283059,-63.59419741813927,0.43760437282964526,1.9105596900000001,1.9999974433333332,95.03239740820734,96.6782737725938,96.1947790631541,823.6013745704461,100.0,US
2018-04-01,2.6513328522709934,2.1717357724963193,2.6513328522709934,2.9031832680662006,2.4169257823853485,2.1987321053527964,6.9345708033694216,-1.6345260129219774,0.5860455700998468,1.4311557409315223,2.4834013447391445,8.748043970644883,19.005932629868212,-0.1818436859182454,-0.1665062309160734,0.006453798767967146,0.0,0.03371059835745013,0.0,0.017607128316277976,0.0,0.0,0.0,0.0,1.9591504602643912,-0.864806656536274,1.1648855676525462,-63.53289991566713,0.6921823920066021,1.8018564833333333,2.040628143333333,95.60835133189346,97.20460044670556,96.18606912380552,823.6013745704461,100.0,US
2018-07-01,2.575464969399821,1.6041468096236855,2.575464969399821,3.0328329020573364,3.299606261917276,2.1715877943513817,5.822665165941721,-1.6624551099511664,0.7416947669118925,1.5744625259078826,2.467870783467818,8.74753045158972,18.877385728493344,-0.33995444125169416,-0.1150512943105747,0.006407084188911704,0.0,0.03399530700039108,0.0,0.01766473322015741,0.0,0.0,0.0,0.0,2.082413362091477,-1.1099370520105651,1.001053719788856,-63.10903505259367,0.49305160730834396,2.2205206700000004,2.124077573333333,96.40028797696183,97.5952092898209,96.18042290397604,823.6013745704461,100.0,US
2018-10-01,2.189375964400586,1.625176040404952,2.189375964400586,3.086432419061147,2.9762042066330707,2.1730542347872195,0.5026902790482513,-1.6412758467406752,0.6650824680357963,1.442357741854361,2.476106936473821,8.7484856532397,18.746896459396762,-0.333325105801377,-0.31703876554525284,0.0063598562628336755,0.0,0.03428314430973797,0.0,0.017722971144958598,0.0,0.0,0.0,0.0,2.103805882553299,-1.2992337156738074,0.5126721953452569,-62.77127801103656,0.08557008184728732,2.12008428,2.137434583333333,97.12023038156947,97.99253939694754,96.19092549086751,823.6013745704461,100.0,US
2019-01-01,1.616880545737942,1.0664635604268113,1.616880545737942,2.838129253822519,2.6597807643543803,2.106603643403915,-6.791042626192562,-0.9458574896890504,0.6228514029577332,1.407546121297698,3.86678872586792,9.093760921398092,19.05404274865881,-0.057976455212277456,-0.17617822169166636,0.006312628336755647,0.0,0.03457098161908487,0.0,0.017781209069759784,0.0,0.0,0.0,0.0,2.0064208151902276,-1.391315434210533,-0.16922431652479863,-62.372948710054686,-0.3895402694522856,1.6562379166666668,1.87369886,97.76817854571635,98.25415167307773,99.98727938680882,846.5704467353946,100.0,US
2019-04-01,1.8059773517283162,2.928122996457816,1.8059773517283162,2.967576814611661,2.934716025541917,2.0254497141562133,-3.4661275346648592,-1.1141210322296535,0.8482978671290575,1.4493176929371798,3.880462864095424,9.094180994276416,19.18493542443095,0.17900279456274093,0.2841304123222318,0.006266427104722793,0.0,0.03485256159561986,0.0,0.017838180952717466,0.0,0.0,0.0,0.0,1.9663321224978454,-1.0109958961833954,-0.15317310853607502,-62.37130045278371,-0.1603547707695292,1.9438868733333334,1.7290286866666669,98.48812095032399,98.97604127890145,99.99189815176325,846.5704467353946,100.0,US
2019-07-01,1.7342738718033601,1.3173328899238612,1.7342738718033601,2.9435532102128903,3.2035118443221933,2.246912322796124,-6.471104790831639,-1.204736508938331,0.8747059457322499,1.53573928014884,3.8840866512857453,9.09397669701852,19.16731968705652,0.28993395856317383,0.10229826007812615,0.006219712525667351,0.0,0.035137270238560815,0.0,0.017895785856596902,0.0,0.0,0.0,0.0,1.9199204723589482,-1.1281101955894712,-0.34813949028811697,-61.899755714184124,-0.18564660055558813,1.7023068533333332,1.6318809233333333,99.28005759539236,99.30253960375565,99.98965187245378,846.5704467353946,100.0,US
2019-10-01,2.027883881802417,2.7996160804011794,2.027883881802417,2.9220486546588376,2.89018598441686,2.300989731966041,-3.564690689287975,-0.9760995259463501,0.8686819201788096,1.7538148730498082,3.8835162382510724,9.094917850717938,19.076380750528717,0.329484291131954,0.16498385912953506,0.006172484599589322,0.0,0.0354251075479077,0.0,0.017954023781398085,0.0,0.0,0.0,0.0,1.941513154247642,-0.7906049570784788,-0.07592200075088185,-61.87711323818026,0.08637072755477493,1.7085620133333332,1.6786218533333332,100.0,100.0,100.0,846.5704467353946,100.0,US
2020-01-01,2.121112185329199,1.4393767745339403,2.121112185329199,3.259977198381936,4.011494939246774,2.2240401657358966,-1.8822388316259153,-1.4093377420992481,0.6301555017800982,1.7963554307992124,3.6985554692201106,9.43639592867733,19.239692480569936,0.18564973191112777,0.09159230450921152,0.0061252566735112935,0.0,0.0357129448572546,0.0,0.018012261706199274,0.0,0.0,0.0,1.0,1.9774329604639536,-1.1074540566067839,0.11469137013897157,-61.23408369700202,0.14367922486524565,1.4767156333333336,1.54115205,101.0079193664507,100.36049241014186,103.75460321428233,859.7926689576168,100.0,US
2020-04-01,0.40844097448173855,-3.9225618469320267,0.40844097448173855,2.882043853549199,1.4229826462109685,1.2694935511023075,-20.543830855467192,1.0388085773790356,-8.54095213233898,2.361079394469956,3.3164822285964846,9.40084501167077,30.246201213806877,11.061265789375927,3.5936187540547246,0.006078542094455852,0.0,0.03599765350019554,0.0,0.018069866610078707,0.0,0.0,0.0,1.0,1.6636345632675105,-2.062413478513257,-1.5578911480161068,-59.89769757371628,-1.255193588785772,0.08120435666666666,1.1841864133333333,101.3678905687545,99.3811266906564,103.36371549445806,859.7926689576168,100.0,US
2020-07-01,1.2157209578507633,4.54645282339996,1.2157209578507633,2.6477396460363067,2.266295014270625,1.6537482640052836,-12.705690519533514,1.3129637604201827,-4.344726861526247,3.044912207857864,3.3246390766692446,9.401400652017387,24.7967033934753,5.629383706418784,2.8106127823926794,0.006031827515400411,0.0,0.03628236214313649,0.0,0.01812747151395814,0.0,0.0,0.0,1.0,1.574051842184161,-0.9728920128976526,-0.704199514508185,-60.46773702599856,-0.35833088433339766,1.6105125366666666,1.3462851666666669,101.9438444924406,100.51714956363486,103.3698248442701,859.7926689576168,100.0,US
2020-10-01,1.2346176801893094,2.875202969755364,1.2346176801893094,2.7690800145186323,3.375547458346162,1.63000459776379,-11.577263494115787,1.0180816658416747,-2.3145933974794666,3.6258718109038024,3.3477558740091062,9.404547400531726,21.56631143080864,2.4899306802799224,2.3534110693514605,0.005984599589322383,0.0,0.036570199452483375,0.0,0.018185709438759325,0.0,0.0,0.0,1.0,1.5061650097851906,-0.6569266352485172,-0.7068954740583326,-60.34265090385094,-0.27154732959588124,1.4888628066666667,1.3771135833333332,102.80777537796978,101.24227054638709,103.4044238210392,859.7926689576168,100.0,US
2021-01-01,1.8848792358871158,4.040422997325166,1.8848792358871158,2.9496520444071805,4.733783058800967,1.4251263176037199,0.9364557448173383,0.5978000795387906,-1.780480343463453,4.282659412753254,4.731999413386401,9.893659665809096,30.60619382481965,11.366501344249713,2.2747551984342564,0.005937371663244354,0.0,0.03685803676183027,0.0,0.01824394736356051,0.0,771.0,0.0,0.0,1.5819078550055756,-0.4138784232536352,-0.09255372457683775,-60.16931088848193,0.3029713808815402,1.5451391233333334,1.4348011433333332,104.03167746580273,102.27010691979983,108.78228729716461,870.8327605956466,103.91757383991545,US
2021-04-01,4.672093812337952,7.226296458871317,4.672093812337952,3.4895375850615196,3.5825248088283246,3.6670338122452684,19.043962043270263,-1.198229569342335,-1.4835435670370538,4.29626152881275,5.189081815904606,9.901540966932037,23.403715942912886,-6.842485270893992,0.7078931711283509,0.005891170431211499,0.0,0.03713961673836527,0.0,0.018300919246518194,0.0,771.0,0.0,0.0,2.1999450464720507,0.8639418858323822,3.0084592490704414,-61.080253800992644,2.472148765865901,1.8927044300000002,1.5859295333333332,104.96760259179267,104.13448215245894,108.8689433973329,870.8327605956466,104.17904140812122,US
2021-07-01,5.116411731508563,6.323724500082406,5.116411731508563,4.420609250449559,5.9905816758227814,3.9709569019799495,17.20537673472468,-0.5706054856687182,-0.6196562496093172,3.9362595340224793,5.230881215279126,9.906266095536887,21.883631291537235,-2.913072101938069,0.3021799881850855,0.005844455852156058,0.0,0.03742432538130622,0.0,0.018358524150397626,0.0,957.0,0.0,0.0,2.783238383479353,1.158161759074119,3.5423598893244024,-61.16353950705761,2.3331733480292103,2.4065552799999996,1.6159198666666665,106.55147588192943,105.79385883277497,108.92089690238272,870.8327605956466,105.1766450331227,US
2021-10-01,6.552029303941964,8.617673259488967,6.552029303941964,4.8523355203067275,5.1024525377748375,4.896024545952482,22.408195454079078,0.8884320153787262,0.27775102463229295,3.608670617227372,5.245386356158477,9.911019330928122,20.874831925322333,-0.6914795054863032,0.9761697227114112,0.005797227926078029,0.0,0.03771216269065311,0.0,0.018416762075198816,0.0,597.0,0.0,0.0,3.536996567571875,2.2013508358884906,5.0458642941567735,-62.04234468748605,3.015032736370089,2.3181722199999997,1.7100703533333335,107.91936645068394,108.0978305827853,108.97315944580811,870.8327605956466,103.21192645861275,US
2022-01-01,7.7185514888642,8.706511737014111,7.7185514888642,4.862537880199991,4.7745924983740196,6.138532439262878,20.07228912759193,2.734075832454963,0.5752501125570739,3.188766864244208,4.421338205445702,10.340906104427697,21.485204465282674,-9.120989359536976,-7.852379855785269,0.00575,0.0,0.038,0.0,0.018475,-0.1,0.0,0.0,1.0,4.37330755183034,3.2328969481357177,6.1366436338586245,-63.02532449714623,3.3452439370338602,2.642292046666667,1.8883005333333334,109.21526277897766,110.47651176738223,113.699829664887,922.4077892325308,100.0,US
2022-04-01,8.236293227759361,9.297263414451962,8.236293227759361,5.471678283907178,6.019086423657072,5.854778852162035,24.806722385121937,4.061505638154195,0.8071333960364471,2.1329306446554175,4.331446567788166,10.339844847922294,21.417505413466042,-1.986210529446844,-0.3518703910584595,0.005703798767967146,0.0,0.038184804928131415,0.0,0.018498100616016425,-0.1,0.0,0.0,1.0,5.145904687016144,3.9765578740391234,6.036348181287311,-63.84486874484491,3.0903885407432172,3.7514248766666665,2.32763752,110.87113030957524,113.07440956280765,113.68816098878874,922.4077892325308,100.0,US
2022-07-01,7.966210290781017,5.243392752169029,7.966210290781017,5.136085967253301,4.648212409207275,6.081800197112663,17.584539415218604,5.460816407276536,0.9055984157102763,1.10600723758697,4.259419486096316,10.337330780370527,20.907895333608177,-0.9757359579290553,0.26374687710858324,0.005657084188911705,0.0,0.038371663244353184,0.0,0.018521457905544148,-0.1,0.0,0.0,1.0,5.709965807769119,3.9590817851761173,5.182971907301664,-63.99366383058533,2.2562444830118986,3.6218530133333338,2.229384656666667,112.16702663786899,114.56640091822806,113.66051843507873,922.4077892325308,100.0,US
2022-10-01,6.8517657930913245,4.159895268730196,6.8517657930913245,5.009177231522699,4.5948175948524295,5.810108625196175,6.726436139006509,5.128487603749909,0.8705657004122536,0.29617503296472947,4.179874508005854,10.334067347823058,21.091567102462406,0.2167351771400705,0.4349780168608983,0.005609856262833676,0.0,0.0385605749486653,0.0,0.018545071868583164,-0.1,0.0,0.0,1.0,5.93832580483356,3.65177181580205,3.3147692255194494,-63.8849332490548,0.9134399882577648,2.9963756299999997,2.348285543333333,113.46292296616271,115.76407846300204,113.62463649968322,922.4077892325308,100.0,US
2023-01-01,5.57170678070511,3.5862756874692536,5.57170678070511,4.951188000162787,4.542635572934373,5.387119330307311,-3.132473056150231,3.959391064214579,0.9019631079188866,-0.4671779021951705,5.405505206261019,10.91526805703508,20.328457947952288,-1.156746517330387,-1.065008085930539,0.005562628336755647,0.0,0.038749486652977415,0.0,0.018568685831622175,0.1,0.0,0.0,0.0,5.86500200000787,3.1919006900062996,1.19839922887477,-63.6458432776885,-0.2932952193027596,2.45511881,2.21665761,114.75881929445644,116.8066499152087,120.01502637182641,1003.0950744558985,100.0,US
2023-04-01,3.9643086405334316,2.8676708537652473,3.9643086405334316,4.507268776929951,4.243409530725728,5.1014459632072295,-16.313638888680025,1.9808136267691734,0.9001766628073966,-0.44505876719470594,5.407182406534217,10.91433090911971,20.152033183061484,-1.2654722304045602,-1.3861239222198614,0.005516427104722793,0.0,0.03893429158110883,0.0,0.018591786447638606,0.1,0.0,0.0,0.0,5.484863328112982,2.644172662544186,-1.1815960464827127,-63.301908608448365,-1.5205546875795504,2.223577893333333,2.007066516666667,115.98272138228941,117.64706642676926,120.00472228848281,1003.0950744558985,100.0,US
2023-07-01,3.5039381851326823,3.401910930566032,3.5039381851326823,4.394932013179265,4.198865354204528,4.31419874628034,-10.218419628668862,-0.21951159877132698,0.7980345475462962,-0.00564177456490178,5.419330967196201,10.913002851177291,19.86298593376302,-1.0449093998451564,-1.4040920122028229,0.0054697125256673515,0.0,0.03912114989733059,0.0,0.01861514373716632,0.1,0.0,0.0,0.0,5.088678299516922,2.291196831063303,-2.2060276226364364,-63.10267000253879,-1.58474011438424,2.6312401,2.141665623333333,117.2066234701224,118.65189539645118,119.99012009015384,1003.0950744558985,100.0,US
2023-10-01,3.182318960842334,2.8734183715688033,3.182318960842334,4.224230519830119,3.9120116214558465,3.909402488683611,-8.22786546865425,-1.2836006243585718,0.6288242400857897,0.3122787984133568,5.421305337389448,10.909773079634654,19.685336951366303,-1.4062301510961022,-1.79299387597634,0.005422484599589323,0.0,0.03931006160164271,0.0,0.018638757700205337,0.1,0.0,0.0,0.0,4.707406431782005,1.8702873516176908,-2.7560068439912255,-62.843021690067005,-1.5250874709396705,2.884144786666667,2.3417291133333333,118.3585313174946,119.50730549695993,119.9546082626074,1003.0950744558985,100.0,US
2024-01-01,3.192843110240773,3.6283722850630085,3.192843110240773,4.177511606523332,4.355759919707225,3.741235107461538,-5.600831987964194,-1.8609384161862308,0.5923463238523561,0.8565539634415975,4.540487167710117,11.422298114973183,20.145357172873744,-0.18310077507854017,-0.5996831964685927,0.005375256673511294,0.0,0.039498973305954824,0.0,0.018662371663244352,0.0,0.0,0.0,1.0,4.404493767473758,1.5468459829927426,-2.672158889767097,-62.66117478140598,-1.211650657232985,2.309724643333333,2.1764869833333336,119.65442764578833,120.59627952185963,125.58989869349425,1035.1741122565859,100.0,US
2024-04-01,3.14165020481596,2.662899232065996,3.14165020481596,3.9554897865053285,3.355322250653714,3.3708074836665602,-1.6691217832303096,-1.7623091337038432,0.45549040859875367,1.5089382119010786,4.519493028260069,11.41891987954826,20.257400190231493,0.10536700717001246,-0.46414278456576574,0.005328542094455852,0.0,0.03968583162217659,0.0,0.018685728952772075,0.0,0.0,0.0,1.0,4.151925054942199,1.2121297237305981,-2.343213123297022,-62.48806902675894,-1.0102748501262386,2.7886249,2.3871753866666663,120.66234701223901,121.40179716259256,125.55275448306409,1035.1741122565859,100.0,US
2024-07-01,2.6229108404532298,1.3269534731151111,2.6229108404532298,3.6784370245314335,3.0906543063089487,3.2137246930333596,-7.103783267725467,-1.5191759179635778,0.25151828955957,2.03694032909959,4.529242788407473,11.418643659219233,20.419581534093005,0.5565956003299816,-0.15317772691984644,0.005281827515400411,0.0,0.039872689938398355,0.0,0.01870908624229979,0.0,0.0,0.0,1.0,3.846122212044405,0.6139051850445867,-2.4657674590636924,-62.04714381846051,-1.2232113715911752,2.3796082066666666,2.21892045,121.59827213822894,121.80520225834472,125.54971739868837,1035.1741122565859,100.0,US
2024-10-01,2.686749159578028,3.128771648067996,2.686749159578028,3.6432814101491573,3.7713891639267416,3.2137111833312915,-6.455399256960054,-1.3432975979980943,0.2804039327678689,2.4879573992764747,4.560353748949941,11.418816190960518,20.489008961553722,0.8036720101874201,0.37600941439585933,0.005234599589322382,0.0,0.04006160164271047,0.0,0.018732700205338806,0.0,0.0,0.0,1.0,3.6142476015511296,0.34588252282499354,-2.0206572722039766,-61.88648943949586,-0.9274984419731016,2.4460535166666664,2.25764112,122.75017998560115,122.76168982917649,125.55161441132901,1035.1741122565859,100.0,US
2025-01-01,2.6875393259359726,3.631532950494787,2.6875393259359726,3.313912712880729,3.0382851306335112,3.029462848955955,-4.340085472117922,-0.7098138457536596,0.2757153475512064,2.7174677430544247,2.6715889440099616,11.731567781074814,20.76345334387771,0.6180961710039651,0.13793334096290094,0.005187371663244353,0.0,0.040250513347022586,0.0,0.01875631416837782,0.0,0.0,0.0,0.0,3.428905946428098,0.42694123347141755,-1.7169544415377853,-62.03480139446119,-0.7413666204921254,2.5128244533333333,2.40252785,123.68610511159106,123.88129730735822,128.990365538582,1060.924398625429,100.0,US
2025-04-01,2.431231671185774,1.6376686130652018,2.431231671185774,3.4960457821512136,4.083854527735653,2.7786685220416274,-5.971195034210563,-0.6556099816533822,0.20690622022856964,2.7436667653207736,2.6795243211095165,11.729028782424807,21.293060559103203,1.0356603688717103,0.49820109693230363,0.005141170431211499,0.0,0.04043531827515401,0.0,0.018779414784394252,0.0,0.0,0.0,0.0,3.229371091379633,-0.21429597567281888,-1.7206933837564247,-61.42325491579356,-0.7981394201938592,2.6530216266666664,2.3357519300000003,124.95536357091432,124.38952827067048,128.9624488636688,1060.924398625429,100.0,US
2025-07-01,2.8601350864624564,3.0425671342218408,2.8601350864624564,3.518196309693078,3.179256416476406,3.0161066899833777,-2.8418655786533464,-0.4956367700439168,0.07086637493550718,2.668482336684641,2.6632094799956985,11.726831690616796,21.310319828411412,0.8907382943184078,0.5644332688790367,0.005094455852156058,0.0,0.04062217659137577,0.0,0.01880277207392197,0.0,0.0,0.0,0.0,3.1555238903961977,-0.2570616155338925,-0.9859871255819486,-61.38908259522988,-0.29538880393374134,2.760669013333333,2.3053336066666668,125.95248380129588,125.339294577491,128.93829150629546,1060.924398625429,100.0,US
2025-10-01,2.7906653347560706,2.850892641242453,2.7906653347560706,3.3071686416120905,2.9272784916027916,2.7157037408860774,0.17752936444589973,-0.35572100268876916,-0.04815878735892998,2.548417311426243,2.6627035308353086,11.726949546419371,21.381438382481164,0.8924294209274403,0.44586352929968304,0.005047227926078029,0.0,0.040811088295687886,0.0,0.018826386036960983,0.0,0.0,0.0,0.0,3.0825521792681725,-0.28324604550451227,-0.823582266795059,-61.369986132639866,-0.2918868445121019,2.8747805366666666,2.3168946,126.8776097912167,126.23580779253012,128.93958734870446,1060.924398625429,100.0,US
2026-01-01,2.668106957207339,3.1412994402998606,2.668106957207339,3.262833169620105,2.86094324266557,2.4974694811874087,0.8498238658557644,-0.3653001315050086,0.06575723087035534,2.5028432698108394,3.066090356215012,12.096839413321959,21.314676098743043,0.5512227548653326,0.18180190070945323,0.005,0.0,0.041,0.0,0.01885,0.0,0.0,0.0,1.0,2.999663134856006,-0.20317993850077443,-0.760798989220759,-61.44007518204834,-0.33155617764866685,2.4891295766666666,2.2990350333333334,127.78833693304534,127.23107188650373,133.0065824879007,1090.25658648339,100.0,US
2026-04-01,3.7323247846815732,5.894539922962139,3.7323247846815732,3.090102433260533,3.392931582297365,2.67446685336008,14.007491335013667,-0.04324612952901763,0.1292658097582633,2.3839974439130662,3.0532374200046064,12.092666998278958,21.410566915176886,0.1175063560736822,-0.22172048952943196,0.005,0.0,0.041,0.0,0.01885,0.0,0.0,0.0,1.0,3.1461954648211194,0.4495453328719279,0.5029536933019401,-62.0654772672146,0.5861293198604538,3.2835065166666664,2.45723127,128.87688984881208,129.1198763287422,132.96070615222087,1090.25658648339,100.0,US
2026-07-01,3.1179290947032534,0.5849843743085614,3.1179290947032534,,,2.302475315116048,11.306682309722243,0.3078905204686122,0.29237196512007113,,3.0559429233138147,12.090728900091571,,,,0.005,0.0,0.041,0.0,0.01885,0.0,0.0,0.0,1.0,3.140542190797546,,-0.03759479569294433,,-0.02261309609429274,2.4762188433333336,2.50234485,128.87688984881208,129.30884725152004,132.93939646895382,1090.25658648339,100.0,US
