,gp,gp_q,pi_yoy,gw,gw_q,gp_core,grpe,grpf,slack,dmw,minwage,transfer_share,h,h_disc,cov_automatic,cov_benchmark,cov_minwage,cov_public,lambda,wedge,scheme,populist,election,pistar,catchup,catchup_bb,real_wage,pigap,gw_alt,lvl_wage,lvl_price,lvl_minwage,lvl_benefit,lvl_handout,country
1960-01-01,4.125916352837322,6.707261176536328,4.125916352837322,6.618097423068958,6.356548467736811,,,,,0.0,0.24,,,,0.0,0.7,0.4,0.0,0.35,0.0,0.0,0.0,0.0,4.072324837473573,,,-341.0965111684525,0.053591515363748954,,2.9143004538438997,9.086502198594847,2.3928215353938187,100.0,100.0,FR
1960-04-01,4.23039069409108,0.20458421913698288,4.23039069409108,6.778787647702078,6.311588162606441,,,,,0.0,0.24,,,,0.0,0.7,0.4012455516014235,0.0,0.3504359430604982,0.0,0.0,0.0,0.0,4.1039380087970745,,,-339.5697601825851,0.1264526852940051,,2.9606498254901688,9.09115077466761,2.3928215353938187,100.0,100.0,FR
1960-07-01,4.402560979994341,3.6650581073491395,4.402560979994341,7.752899364088117,9.048076941953731,,,,,0.0,0.24,,,,0.0,0.7,0.402491103202847,0.0,0.3508718861209964,0.0,0.0,0.0,0.0,4.163662603036528,,,-338.2240054739339,0.23889837695781324,,3.0283834800866796,9.174832552066729,2.3928215353938187,106.84200561684956,100.0,FR
1960-10-01,3.476839807607801,3.3304557274087543,3.476839807607801,7.100908003316864,6.687418440970472,,,,,4.082199452025526,0.25,,,,0.0,0.7,0.4037503421845059,0.0,0.35131261976457706,0.0,0.0,0.0,0.0,4.026298043950782,-2.1455135881353726,,-337.3847647955435,-0.5494582363429812,,3.079439248815948,9.251542391367868,2.4925224327018944,106.84200561684956,100.0,FR
1961-01-01,2.151172789457245,1.4045931039341042,2.151172789457245,7.366749788709148,7.419915609305949,,,,,4.082199452025526,0.25,,,,0.0,0.7,0.4050095811661648,0.0,0.35175335340815767,0.0,0.0,0.0,0.0,3.651272993052075,-3.0473176641455098,-1.921152048016328,-335.8809341692006,-1.5001002035948297,,3.1370952977107773,9.2840861279219,2.4925224327018944,106.84200561684956,100.0,FR
1961-04-01,1.7739985523844037,-1.304112729154383,1.7739985523844037,7.978895746519266,8.76017199384691,,,,,4.082199452025526,0.25,,,,0.0,0.7,0.4062414453873529,0.0,0.3521845058855735,0.0,0.0,0.0,0.0,3.2758181049185406,-4.788109979495744,-2.3299394564126708,-333.3648629884502,-1.501819552534137,,3.206556876563025,9.253866679404252,2.4925224327018944,106.84200561684956,100.0,FR
1961-07-01,1.9569557903338808,4.396887059147048,1.9569557903338808,7.450179496283749,6.933211941011663,,,,,4.082199452025526,0.25,,,,0.0,0.7,0.4074869969887764,0.0,0.3526204489460717,0.0,0.0,0.0,0.0,3.012045642001609,-4.332121111085144,-2.206706812702647,-332.7307817679841,-1.055089851667728,,3.262620696948754,9.356148317161447,2.4925224327018944,115.00995135093929,100.0,FR
1961-10-01,3.578415560027093,9.816294806181602,3.578415560027093,7.919643176923041,8.565273163527642,,,,,3.922071315328135,0.26,,,,0.0,0.7,0.4087462359704353,0.0,0.35306118258965236,0.0,0.0,0.0,0.0,3.1253196256067057,-2.9879455317167753,-0.44788248392368946,-333.04353717864757,0.4530959344203871,,3.333237153990005,9.588595641023065,2.59222333000997,115.00995135093929,100.0,FR
1962-01-01,4.7272510769031495,5.999935171438331,4.7272510769031495,7.891909263321839,7.30897995490114,,,,,3.922071315328135,0.26,,,,0.0,0.7,0.41000547495209416,0.0,0.3535019162332329,0.0,0.0,0.0,0.0,3.4457059158659944,-2.4844142478727917,1.0759780838510746,-332.7162759827819,1.281545161037155,,3.3947034223029937,9.733507128996552,2.59222333000997,115.00995135093929,100.0,FR
1962-04-01,6.030204640245129,3.907701524213536,6.030204640245129,7.883528945352591,8.72665072196992,,,,,3.922071315328135,0.26,,,,0.0,0.7,0.41123733917328226,0.0,0.3539330687106488,0.0,0.0,0.0,0.0,3.962605660741821,-2.9266317404038773,2.7543865353265886,-331.51153868334274,2.067598979503308,,3.4695781875948253,9.829062221615787,2.59222333000997,115.00995135093929,100.0,FR
1962-07-01,5.7655962019579565,3.3384533059983568,5.7655962019579565,8.437032817072076,9.147227427889604,,,,,3.922071315328135,0.26,,,,0.0,0.7,0.41248289077470573,0.0,0.354369011771147,0.0,0.0,0.0,0.0,4.323203768985048,-3.5437136581009554,2.7535505599563477,-330.05934515287,1.442392432972908,,3.549834900017662,9.911440175287723,2.59222333000997,124.45419676438831,100.0,FR
1962-10-01,4.270993699297465,3.8378847955396367,4.270993699297465,8.588551012620439,9.171345945721088,,,,,7.410797215372189,0.28,,,,0.0,0.7,0.41374212975636465,0.0,0.35480974541472765,0.0,0.0,0.0,0.0,4.312761755047532,-3.946070361187992,1.1456740736907594,-328.72597986532463,-0.041768055750067035,,3.6321670740041703,10.006995267906957,2.791625124626122,124.45419676438831,100.0,FR
1963-01-01,4.501100840247885,6.920363735240009,4.501100840247885,8.524331979724364,7.0521038233168465,,,,,7.410797215372189,0.28,,,,0.0,0.7,0.41500136873802357,0.0,0.3552504790583082,0.0,0.0,0.0,0.0,4.350429572087602,-2.9837709636973386,1.0553949243818903,-328.6930448433054,0.15067126816028242,,3.696770940372492,10.181631714433381,2.791625124626122,124.45419676438831,100.0,FR
1963-04-01,4.5864388146258595,4.249053421725435,4.5864388146258595,8.360807330662057,8.072552125720689,,,,,7.410797215372189,0.28,,,,0.0,0.7,0.4162332329592116,0.0,0.3556816315357241,0.0,0.0,0.0,0.0,4.397631420595253,-3.0636463804005416,0.6238331538840383,-327.7371701673066,0.1888073940306061,,3.772134796089252,10.290363945999914,2.791625124626122,124.45419676438831,100.0,FR
1963-07-01,5.182434119806878,5.722434526722431,5.182434119806878,7.9552927738537615,7.525169200656423,,,,,10.91992919649918,0.29,,,,0.0,0.7,0.41747878456063514,0.0,0.3561175745962223,0.0,0.0,0.0,0.0,4.554591960437579,-2.621607572457606,0.8592303508218295,-327.2864864988231,0.6278421593692993,,3.843771411801264,10.438636854520041,2.8913260219341974,135.52838076613773,100.0,FR
1963-10-01,5.2280355386515875,4.020290470918475,5.2280355386515875,7.078387499506711,5.663724848332885,,,,,3.5091319811269894,0.29,,,,0.0,0.7,0.418738023542294,0.0,0.3565583082398029,0.0,0.0,0.0,0.0,4.68928067608038,-2.188821834965438,0.9152737836040554,-326.8756279044695,0.5387548625712073,,3.8985837073870746,10.544081746433523,2.8913260219341974,135.52838076613773,100.0,FR
1964-01-01,4.183069421723085,2.7404992675259976,4.183069421723085,7.262346174475898,7.787938523193594,,,,,3.5091319811269894,0.29,,,,0.0,0.7,0.4199972625239529,0.0,0.3569990418833835,0.0,0.0,0.0,0.0,4.5880384252089215,-2.6545310284515153,-0.16736015036451768,-325.6137680905526,-0.40496900348583686,,3.9752322796691177,10.616569900811212,2.8913260219341974,135.52838076613773,100.0,FR
1964-04-01,3.4307525941733363,1.239786111526442,3.4307525941733363,6.730154717686987,5.943786298565046,,,,,3.5091319811269894,0.29,,,,0.0,0.7,0.4212428141253764,0.0,0.3574349849438817,0.0,0.0,0.0,0.0,4.356581259001804,-2.9756894946999637,-0.966878826421917,-324.43776804379297,-0.9258286648284679,,4.034743162510783,10.649526638347005,2.8913260219341974,135.52838076613773,100.0,FR
1964-07-01,2.7092494218207364,2.836421837312031,2.7092494218207364,6.200994136606186,5.4085268763332195,,,,,0.0,0.29,,,,0.0,0.7,0.42248836572679993,0.0,0.3578709280043799,0.0,0.0,0.0,0.0,4.02711489156559,-2.7227089525435986,-1.8453425386168423,-323.7947417840376,-1.317865469744854,,4.08966870059019,10.725311392489443,2.8913260219341974,145.7371318707001,100.0,FR
1964-10-01,2.347228755679387,2.5722078063530773,2.347228755679387,6.230646469842471,5.782334181278026,,,,,0.0,0.29,,,,0.0,0.7,0.4237476047084588,0.0,0.3583116616479606,0.0,0.0,0.0,0.0,3.6911376643883496,-2.652619376833286,-2.3420519204009933,-322.9922101903064,-1.3439089087089626,,4.149217656339185,10.794502947102384,2.8913260219341974,145.7371318707001,100.0,FR
1965-01-01,2.3617189453438048,2.798460026183669,2.3617189453438048,5.5326719591209494,4.9960404803075065,,,,,3.390155167568132,0.3,,,,0.0,0.7,0.4250068436901177,0.0,0.3587523952915412,0.0,0.0,0.0,0.0,3.425253920579441,-2.3328824207704884,-2.2263194798651167,-322.44281507677545,-1.063534975235636,,4.201366800868694,10.870287701244822,2.991026919242273,145.7371318707001,100.0,FR
1965-04-01,3.167106233421846,4.461335263838606,3.167106233421846,5.488346247673947,5.766483452777038,,,,,3.390155167568132,0.3,,,,0.0,0.7,0.4262387079113058,0.0,0.359183547768957,0.0,0.0,0.0,0.0,3.373624383147922,-1.8199206350711847,-1.1894750255799584,-322.1165280295408,-0.20651814972607596,,4.262373265608546,10.992206331870351,2.991026919242273,145.7371318707001,100.0,FR
1965-07-01,2.6376970054403426,0.7187849253860179,2.6376970054403426,5.552131524397074,5.663667983225729,,,,,6.669137449867235,0.31,,,,0.0,0.7,0.4274842595127293,0.0,0.3596194908294552,0.0,0.0,0.0,0.0,3.226438907606406,-2.266355742430221,-1.3894178861252477,-320.8803072650809,-0.5887419021660634,,4.323154221589598,11.011976670347149,3.0907278165503493,154.0275144742856,100.0,FR
1965-10-01,2.502023836738987,2.0295151315476545,2.502023836738987,5.6164449750205065,6.039587983771755,,,,,6.669137449867235,0.31,,,,0.0,0.7,0.4287434984943882,0.0,0.3600602244730359,0.0,0.0,0.0,0.0,3.081555893432922,-2.4321115560660473,-1.1891138276493627,-319.87778905202487,-0.5795320566939353,,4.38892468088764,11.06799108601279,3.0907278165503493,154.0275144742856,100.0,FR
1966-01-01,2.6325152162199217,3.320425544107408,2.6325152162199217,5.956373355212752,6.355754001076486,,,,,3.2789822822991033,0.31,,,,0.0,0.7,0.4300027374760471,0.0,0.3605009581166165,0.0,0.0,0.0,0.0,2.991747757990322,-2.2980250994510243,-0.7927387043595191,-319.11895693778257,-0.35923254177040054,,4.459218982559179,11.160249578867276,3.0907278165503493,154.0275144742856,100.0,FR
1966-04-01,2.252607698833531,2.941705194293043,2.252607698833531,5.801610906632037,5.147433658454181,,,,,3.2789822822991033,0.31,,,,0.0,0.7,0.43123460169723515,0.0,0.3609321105940323,0.0,0.0,0.0,0.0,2.843919746158964,-1.971427780883289,-1.121016684314391,-318.5675248217423,-0.5913120473254332,,4.516973630521708,11.242627532539212,3.0907278165503493,154.0275144742856,100.0,FR
1966-07-01,2.6282437132188807,2.2213289829274174,2.6282437132188807,5.797456110269472,5.647048797775467,,,,,0.0,0.31,,,,0.0,0.7,0.43248015329865863,0.0,0.3613680536545305,0.0,0.0,0.0,0.0,2.800784539570947,-1.9138867785109142,-0.5981951943875252,-317.71109486803033,-0.17254082635206647,,4.581194815359945,11.305235147734352,3.0907278165503493,163.48070733508158,100.0,FR
1966-10-01,2.7600090816799927,2.5565766053921024,2.7600090816799927,5.683597433221155,5.584153275578485,,,,,3.174869831458027,0.32,,,,0.0,0.7,0.43373939228031755,0.0,0.3618087872981111,0.0,0.0,0.0,0.0,2.7926294479927565,-1.659053105397959,-0.32154681175292943,-316.9542007004837,-0.03262036631276377,,4.645598554907687,11.37772330211204,3.190428713858425,163.48070733508158,100.0,FR
1967-01-01,2.766239332971532,3.3453465492735646,2.766239332971532,5.600437338755948,6.023113623215659,,,,,3.174869831458027,0.32,,,,0.0,0.7,0.43499863126197647,0.0,0.3622495209416917,0.0,0.0,0.0,0.0,2.7873514249885116,-1.2890291223201302,-0.22550842501879043,-316.28475893199817,-0.021112092016979833,,4.716080292430695,11.473278394731276,3.190428713858425,163.48070733508158,100.0,FR
1967-04-01,2.432105245590499,1.6051688447689116,2.432105245590499,5.886453277179093,6.291497412146763,,,,,3.174869831458027,0.32,,,,0.0,0.7,0.4362304954831645,0.0,0.3626806734191076,0.0,0.0,0.0,0.0,2.716302189108909,-1.3834670726972718,-0.411814500568465,-315.1131767901537,-0.2841969435184102,,4.790844743914109,11.519412271214367,3.190428713858425,163.48070733508158,100.0,FR
1967-07-01,2.532505698799703,2.6229307957642334,2.532505698799703,5.759744646095266,5.140214273440158,,,,,6.252035698133396,0.33,,,,0.0,0.7,0.43747604708458804,0.0,0.3631166164796058,0.0,0.0,0.0,0.0,2.6795428910470678,-0.7601610959953291,-0.2682788407712442,-314.48385592073475,-0.14703719224736478,,4.852806936250778,11.595197025356805,3.290129611166501,172.89757355964892,100.0,FR
1967-10-01,3.276222925430705,5.531445511916111,3.276222925430705,6.146541122195137,7.131339179977969,,,,,3.0771658666753687,0.33,,,,0.0,0.7,0.43873528606624695,0.0,0.3635573501231864,0.0,0.0,0.0,0.0,2.798878897923795,0.07824759228157063,0.48359347743794867,-314.0838825037193,0.4773440275069101,,4.940100302930878,11.75665633293593,3.290129611166501,172.89757355964892,100.0,FR
1968-01-01,3.831464065907131,5.566311111179267,3.831464065907131,5.843212402965381,4.809798746296634,,,,,6.062462181643502,0.34,,,,0.0,0.7,0.4399945250479058,0.0,0.363998083766767,0.0,0.0,0.0,0.0,3.005395931520462,1.3872062314392792,1.0441126409186192,-314.27301059493993,0.8260681343866687,,4.99986110024117,11.921402980168104,3.3898305084745766,172.89757355964892,100.0,FR
1968-04-01,4.091337430392761,2.6446623027114313,4.091337430392761,14.34019697281894,40.279435691561005,,,,,36.29054936893685,0.46,,,,0.0,0.7,0.44124007664932935,0.0,0.3644340268272652,0.0,0.0,0.0,0.0,3.2225842312949218,-7.1836624663519615,1.3750352412838516,-304.86431724772757,0.868753199097839,,5.529562626322003,12.000484334075292,4.586241276171486,172.89757355964892,100.0,FR
1968-07-01,4.636452750158604,4.803392074827606,4.636452750158604,15.225598343791646,8.681819757330977,,,,,33.213383502261486,0.46,,,,0.0,0.7,0.4424856282507528,0.0,0.36486996988776343,0.0,0.0,0.0,0.0,3.505357935067658,-6.4935741143708015,1.9569098591115361,-303.8947103271017,1.131094815090946,,5.650891219698163,12.145460642830669,4.586241276171486,183.30134322658557,100.0,FR
1968-10-01,5.188114049463177,7.738090709134404,5.188114049463177,14.939140786663547,5.985508951465568,,,,,35.36400402435783,0.47,,,,0.0,0.7,0.44374486723241174,0.0,0.3653107035313441,0.0,0.0,0.0,0.0,3.8419091579467617,-4.432797596434966,2.389235151539382,-304.33285576651895,1.3462048915164155,,5.736085695333157,12.38270470455223,4.685942173479561,183.30134322658557,100.0,FR
1969-01-01,5.537562040376454,6.964103074832373,5.537562040376454,15.557477522732805,7.283145690573667,,,,,32.3787077093897,0.47,,,,0.0,0.7,0.44500410621407066,0.0,0.36575143717492475,0.0,0.0,0.0,0.0,4.1810397344327,-3.078885752668043,2.5321661088559915,-304.25309511258354,1.356522305943754,,5.84148419379117,12.600178427796997,4.685942173479561,183.30134322658557,100.0,FR
1969-04-01,6.175417096683811,5.19608252794086,6.175417096683811,7.784097016852454,9.185913668039603,,,,,4.2559614418795855,0.48,,,,0.0,0.7,0.4462359704352587,0.0,0.3661825896523405,0.0,0.0,0.0,0.0,4.579915206882922,-2.867855992610032,2.952832865388889,-303.25563732755893,1.5955018898008886,,5.977184821570134,12.764925075029172,4.785643070787637,183.30134322658557,100.0,FR
1969-07-01,6.129511462864512,4.619769539550411,6.129511462864512,7.873063846693073,9.037687076693457,,,,,4.2559614418795855,0.48,,,,0.0,0.7,0.4474815220366822,0.0,0.36661853271283873,0.0,0.0,0.0,0.0,4.88983445807924,-2.7362101521233626,2.624153527796854,-302.1511579432731,1.239677004785272,,6.113771864730007,12.913207243660995,4.785643070787637,214.1563290842503,100.0,FR
1969-10-01,5.638943595283186,5.775819238809099,5.638943595283186,9.049299858839415,10.690453000050937,,,,,6.187540371808753,0.5,,,,0.0,0.7,0.4487407610183411,0.0,0.3670592663564194,0.0,0.0,0.0,0.0,5.039656285520029,-2.738484405826057,1.797034437336424,-300.9224995029627,0.5992873097631568,,6.279372415731981,13.101020829134718,4.985044865403789,214.1563290842503,100.0,FR
1970-01-01,5.3790698742759435,5.924608190803404,5.3790698742759435,9.977798034737695,10.997138394166782,,,,,8.167803101426719,0.51,,,,0.0,0.7,0.45,0.0,0.3675,0.0,0.0,0.0,0.0,5.107539003271212,-2.778543979027802,1.1980301398432438,-299.65436695212185,0.2715308710047317,,6.454405285467814,13.296511047206687,5.084745762711865,214.1563290842503,100.0,FR
1970-04-01,5.294602639448609,4.858213588631521,5.294602639448609,9.99705396236732,9.2629373785581,,,,,6.06246218164348,0.51,,,,0.0,0.7,0.4504106963584923,0.0,0.36764374372547226,0.0,0.0,0.0,0.0,5.144951730506691,-2.683738032128872,0.7146874325656869,-298.5531860046402,0.14965090894191757,,6.605616229955905,13.45898896707267,5.084745762711865,214.1563290842503,100.0,FR
1970-07-01,5.140662624182335,4.004009478485315,5.140662624182335,10.37487477597998,10.548970331144103,,,,,9.909090264423092,0.53,,,,0.0,0.7,0.4508259560098567,0.0,0.36778908460344983,0.0,0.0,0.0,0.0,5.14409390924182,-3.0910564500657074,0.2508281661030951,-296.9169457914755,-0.0034312850594853117,,6.78213980044796,13.59439032033156,5.2841475573280166,236.62680519223954,100.0,FR
1970-10-01,4.852086174859371,4.621513441517244,4.852086174859371,10.47500634577762,11.090979279241498,,,,,5.826890812397578,0.53,,,,0.0,0.7,0.4512457789540933,0.0,0.36793602263393266,0.0,0.0,0.0,0.0,5.0856923623653305,-3.4011694324015593,-0.18757011066065754,-295.29957933204446,-0.23360618750595918,,6.972822587553129,13.75236782591196,5.2841475573280166,236.62680519223954,100.0,FR
1971-01-01,4.7398621312302325,5.475712016286849,4.7398621312302325,10.601557628599878,11.503343525455811,,,,,7.550755250814523,0.55,,,,0.0,0.7,0.4516656018983298,0.0,0.3680829606644154,0.0,0.0,0.0,0.0,5.016526316138311,-3.5527706104440426,-0.3676768720409793,-293.7926714547522,-0.2766641849080784,,7.176260774842176,13.941922312385042,5.483549351944169,236.62680519223954,100.0,FR
1971-04-01,5.099148138091758,6.295357616077624,5.099148138091758,10.555155726132206,9.077329768687415,,,,,9.352605801082358,0.56,,,,0.0,0.7,0.4520762982568221,0.0,0.3682267043898877,0.0,0.0,0.0,0.0,5.0330506805290005,-2.823156764289479,-0.04580359241493337,-293.0971784165997,0.06609745756275753,,7.340975886691632,14.163081560085903,5.583250249252244,236.62680519223954,100.0,FR
1971-07-01,5.459183667411915,5.444151595765945,5.459183667411915,10.682476311658704,11.058252673250092,,,,,10.724553035359751,0.59,,,,0.0,0.7,0.45249155790818657,0.0,0.36837204526786527,0.0,0.0,0.0,0.0,5.118277277905584,-2.758423023168575,0.3150897581700951,-291.6936531472287,0.34090638950633156,,7.54675311721048,14.357164241179667,5.882352941176471,263.0909565286482,100.0,FR
1971-10-01,5.708531564161445,5.618905028515364,5.708531564161445,10.459540500089606,10.199236032965109,,,,,12.405264866997879,0.6,,,,0.0,0.7,0.4529113808524231,0.0,0.3685189832983481,0.0,0.0,0.0,0.0,5.236328135156756,-2.4156271117956862,0.6228392017961148,-290.5485703961163,0.47220342900468903,,7.741655163430507,14.560266271067997,5.982053838484546,263.0909565286482,100.0,FR
1972-01-01,5.5718960091873715,4.929169796390553,5.5718960091873715,10.422205079732086,11.35400184402573,,,,,8.701137698962969,0.6,,,,0.0,0.7,0.4533312037966597,0.0,0.3686659213288309,0.0,0.0,0.0,0.0,5.303441709962879,-2.5941239721465763,0.5553696930490606,-288.94236238420746,0.2684542992244925,,7.96455055882187,14.740801408746512,5.982053838484546,263.0909565286482,100.0,FR
1972-04-01,5.3967078499638,5.594604979183337,5.3967078499638,10.531685623396044,9.515251943343245,,,,,11.778303565638337,0.63,,,,0.0,0.7,0.4537464634480241,0.0,0.36881126220680843,0.0,0.0,0.0,0.0,5.3220949379630635,-2.131774183670018,0.3636571694347994,-287.96220064316753,0.07461291200073639,,8.156283767677985,14.948422373143826,6.281156530408774,263.0909565286482,100.0,FR
1972-07-01,5.949553181342404,7.655532921280361,5.949553181342404,10.920821312548505,12.614795429859937,,,,,11.21172981207062,0.66,,,,0.0,0.7,0.4541617230993885,0.0,0.36895660308478595,0.0,0.0,0.0,0.0,5.4475865866389315,-1.9345528433730692,0.8312759034368202,-286.72238501602266,0.5019665947034726,,8.417607417534231,15.237273037362431,6.580259222333002,291.9906746124771,100.0,FR
1972-10-01,6.597128279444986,8.209205420925691,6.597128279444986,12.066205446781026,14.780772569895195,,,,,13.976194237515866,0.69,,,,0.0,0.7,0.4545815460436251,0.0,0.3691035411152688,0.0,0.0,0.0,0.0,5.6774949252001425,-2.1057285182034207,1.3608001442882296,-285.0794932287802,0.9196333542448434,,8.734472605585916,15.553218788411531,6.879361914257228,291.9906746124771,100.0,FR
1973-01-01,6.260377030959496,3.5821648024485953,6.260377030959496,12.661976894413177,13.73708763455433,,,,,16.833531481921472,0.71,,,,0.0,0.7,0.45500136898786164,0.0,0.3692504791457516,0.0,0.0,0.0,0.0,5.7940713463520135,-3.103337958598388,0.9569353209966174,-282.5407625207538,0.4663056846074829,,9.039648434858954,15.693129816067701,7.07876370887338,291.9906746124771,100.0,FR
1973-04-01,6.8549438557073294,7.97287227817467,6.8549438557073294,13.462896392126519,12.718929934196616,,,,,11.954515064978267,0.71,,,,0.0,0.7,0.4554120653463539,0.0,0.36939422287122387,0.0,0.0,0.0,0.0,6.0062458482230765,-2.6609557123552463,1.532848917744266,-281.35424810674834,0.848698007484253,,9.331703754529109,16.009066307005106,7.07876370887338,291.9906746124771,100.0,FR
1973-07-01,7.336735549475604,9.582699696353458,7.336735549475604,14.398055665800586,16.355432524556207,,,,,17.979311044059596,0.79,,,,0.0,0.7,0.4558273249977184,0.0,0.3695395637492014,0.0,0.0,0.0,0.0,6.272343788473582,-2.732629421059187,1.8891489628366722,-279.66106489969764,1.064391761002022,,9.721172024401943,16.397222409080932,7.876370887337987,331.4051465001344,100.0,FR
1973-10-01,7.97298998345104,10.754223156827436,7.97298998345104,14.725282436606829,16.08967965312016,,,,,18.47341031993386,0.83,,,,0.0,0.7,0.4562471479419549,0.0,0.3696865017796842,0.0,0.0,0.0,0.0,6.612473027469074,-2.429793998010382,2.2954950582508973,-278.3272007756245,1.360516955981966,,10.120169259619555,16.84405057887994,8.275174476570289,331.4051465001344,100.0,FR
1974-01-01,10.734302786829586,14.62741601596278,10.734302786829586,16.507630393417408,20.86647946179665,,,,,17.997137944900107,0.85,,,,0.0,0.7,0.45666697088619146,0.0,0.36983343981016703,0.0,0.0,0.0,0.0,7.436838979341176,-2.38052544331714,4.9402314404775725,-276.767434914166,3.29746380748841,,10.66211268974951,17.47141388635746,8.474576271186441,331.4051465001344,100.0,FR
1974-04-01,12.716777134962687,15.902769670707073,12.716777134962687,18.528802040599025,20.803616522923086,,,,,24.817962947553475,0.91,,,,0.0,0.7,0.4570776672446838,0.0,0.3699771835356393,0.0,0.0,0.0,0.0,8.492826610465478,-1.9595045761275287,6.71053128673961,-275.542223201112,4.223950524497209,,11.231312416614035,18.180016153767973,9.072781655034897,331.4051465001344,100.0,FR
1974-07-01,13.593674609679685,13.09028959522145,13.593674609679685,18.580647904763914,16.562815981215763,,,,,23.572233352106984,1.0,,,,0.0,0.7,0.4574929268960482,0.0,0.3701225244136168,0.0,0.0,0.0,0.0,9.51299621030832,-1.1834298538529993,7.321330821206103,-274.6740916046134,4.080678399371365,,11.706130382436363,18.78481256903568,9.970089730807578,390.886774348599,100.0,FR
1974-10-01,13.98085510057232,12.302945120397979,13.98085510057232,18.92988117839958,17.48661274766282,,,,,21.58883804330379,1.03,,,,0.0,0.7,0.45791274984028474,0.0,0.37026946244409964,0.0,0.0,0.0,0.0,10.40656798836112,-0.9017625791928481,7.3683820731032466,-273.3781746977972,3.5742871122112003,,12.229232604580032,19.371561026602556,10.269192422731805,390.886774348599,100.0,FR
1975-01-01,13.058859735000095,10.939434553673877,13.058859735000095,17.08314889941371,13.479550345853175,,,,,22.078783762175075,1.06,,,,0.0,0.7,0.45833257278452133,0.0,0.37041640047458246,0.0,0.0,0.0,0.0,10.937026337688915,0.02467200696958116,5.622020755658919,-272.74314574975233,2.12183339731118,,12.648366502861537,19.908656765240817,10.568295114656033,390.886774348599,100.0,FR
1975-04-01,11.47995890742739,9.587166360416255,11.47995890742739,16.06117768733302,16.71573167460032,,,,,18.04883757122937,1.09,,,,0.0,0.7,0.4587432691430136,0.0,0.3705601442000548,0.0,0.0,0.0,0.0,11.04561285163661,-0.29374329219183437,2.987132296961912,-270.9610044212063,0.4343460557907797,,13.188132943674942,20.391590110553185,10.86739780658026,390.886774348599,100.0,FR
1975-07-01,10.374961446601016,8.670299751915955,10.374961446601016,14.771602174361783,11.404513929330818,,,,,13.976194237515863,1.15,,,,0.0,0.7,0.459158528794378,0.0,0.37070548507803225,0.0,0.0,0.0,0.0,10.911482570629492,0.491060053902288,0.8619652362926971,-270.27745087685264,-0.5365211240284751,,13.569555139132078,20.83841828035219,11.465603190428713,463.7053956328583,100.0,FR
1975-10-01,9.463219593433214,8.65597770772677,9.463219593433214,13.35080428242572,11.803421179918573,,,,,13.59556362360289,1.18,,,,0.0,0.7,0.4595783517386146,0.0,0.3708524231085151,0.0,0.0,0.0,0.0,10.621829975190236,1.110725150330211,-0.9433483949279058,-269.49059000880465,-1.158610381757022,,13.975939494600068,21.294275059057465,11.764705882352942,463.7053956328583,100.0,FR
1976-01-01,9.136584759000588,9.632895215943371,9.136584759000588,13.71676753465027,14.943403354751371,,,,,12.405264866997877,1.2,,,,0.0,0.7,0.45999817468285115,0.0,0.3709993611389979,0.0,0.0,0.0,0.0,10.324780931952306,1.1276655461189193,-1.8004415786883268,-268.1629629741027,-1.1881961729517183,,14.507935157404619,21.813313579883197,11.964107676969093,463.7053956328583,100.0,FR
1976-04-01,8.990322950965357,9.002119128275332,8.990322950965357,12.525418740041323,11.950336496164526,,,,,12.08364731432737,1.23,,,,0.0,0.7,0.46041343433421555,0.0,0.3711447020169754,0.0,0.0,0.0,0.0,10.057889335754917,1.715004609477262,-2.0552899006712533,-267.42590863213036,-1.0675663847895596,,14.947911531878212,22.309794468610814,12.26321036889332,463.7053956328583,100.0,FR
1976-07-01,9.12260260719897,9.19941837685041,9.12260260719897,13.144170774955539,13.879522068987683,,,,,13.026519483790159,1.31,,,,0.0,0.7,0.46082869398558,0.0,0.371290042894953,0.0,0.0,0.0,0.0,9.870831990043728,1.7767854323587358,-1.7888799634305208,-266.25588270909606,-0.748229382844757,,15.475689888024695,22.828832989436545,13.060817547357926,531.8795759482595,100.0,FR
1976-10-01,9.496341455321256,10.150933100215909,9.496341455321256,13.183083053997679,11.959070296087138,,,,,14.19702612703874,1.36,,,,0.0,0.7,0.46124851692981655,0.0,0.37143698092543576,0.0,0.0,0.0,0.0,9.795933883099233,2.5229774068501456,-1.1254885198689806,-265.80384841012824,-0.2995924277779771,,15.945363130215531,23.415581447003426,13.559322033898306,531.8795759482595,100.0,FR
1977-01-01,8.637323123623286,6.196821889151494,8.637323123623286,12.118171691792373,10.683757905930147,,,,,12.516314295400614,1.36,,,,0.0,0.7,0.46166833987405315,0.0,0.3715839189559186,0.0,0.0,0.0,0.0,9.564211731204043,2.4875242836527036,-1.68745780832902,-264.6821144059336,-0.9268886075807572,,16.37699275192836,23.78116139675774,13.559322033898306,531.8795759482595,100.0,FR
1977-04-01,9.396649040464844,12.039422795641563,9.396649040464844,11.772338528158071,10.56700384162732,,,,,14.36427022288432,1.42,,,,0.0,0.7,0.4620790362325454,0.0,0.3717276626813909,0.0,0.0,0.0,0.0,9.530699193056204,3.8933980438361004,-0.6612402952900727,-265.05021914443716,-0.13405015259136022,,16.815397398689107,24.507820881980777,14.15752741774676,531.8795759482595,100.0,FR
1977-07-01,9.444702752448597,9.391633224785423,9.444702752448597,11.396191228435171,12.374932870096078,,,,,10.840929850718483,1.46,,,,0.0,0.7,0.46249429588390983,0.0,0.3718730035593684,0.0,0.0,0.0,0.0,9.513499904934683,4.013145162875617,-0.42612923759513066,-264.3043942331095,-0.06879715248608598,,17.3437517295875,25.09005040503867,14.556331006979065,600.4016330165102,100.0,FR
1977-10-01,8.795843660949876,7.555496734221023,8.795843660949876,11.648344042271452,12.967681551432264,,,,,11.778303565638337,1.53,,,,0.0,0.7,0.46291411882814637,0.0,0.3720199415898512,0.0,0.0,0.0,0.0,9.369968656137722,3.4415901513269205,-1.0000902221493568,-262.95134802880665,-0.5741249951878462,,17.91523583089181,25.568474075953755,15.254237288135593,600.4016330165102,100.0,FR
1978-01-01,8.805478312588999,6.235360495707987,8.805478312588999,11.686634758318448,10.83692077011813,,,,,11.778303565638337,1.53,,,,0.0,0.7,0.46333394177238296,0.0,0.372166879620334,0.0,0.0,0.0,0.0,9.257070587427977,3.0365349964881148,-0.7587334186150443,-261.80095796020413,-0.451592274838978,,18.407235416432208,25.970168461333138,15.254237288135593,600.4016330165102,100.0,FR
1978-04-01,8.60594520830773,11.241290378516489,8.60594520830773,12.704810478423578,14.63970672204784,,,,,11.307714461897088,1.59,,,,0.0,0.7,0.46374463813087524,0.0,0.37231062334580634,0.0,0.0,0.0,0.0,9.126845511603928,2.840457416798415,-0.9247539847484738,-260.95135387432134,-0.5209003032961981,,19.093406829354613,26.71036622985973,15.852442671984049,600.4016330165102,100.0,FR
1978-07-01,8.892848239699758,10.539245350353532,8.892848239699758,12.56770108779568,11.826495307584484,,,,,14.629209321473708,1.69,,,,0.0,0.7,0.46415989778223965,0.0,0.37245596422378385,0.0,0.0,0.0,0.0,9.080046057223095,3.5619382046807573,-0.6206516652349254,-260.62954138501357,-0.1871978175233373,,19.66635527324853,27.42348743177923,16.849451645064807,674.832942210585,100.0,FR
1978-10-01,9.07261186396231,8.274551231271232,9.07261186396231,12.120384683138607,11.178415932803976,,,,,11.705655542101761,1.72,,,,0.0,0.7,0.46457972072647624,0.0,0.3726029022542667,0.0,0.0,0.0,0.0,9.078559218570938,3.794760145862142,-0.2973567921754121,-259.9035752096304,-0.00594735460862772,,20.223703587421163,27.996688345930853,17.148554336989033,674.832942210585,100.0,FR
1979-01-01,9.666810280574678,8.61215416215746,9.666810280574678,12.502081174642543,12.363706736133873,,,,,11.705655542101761,1.72,,,,0.0,0.7,0.4649995436707128,0.0,0.37274984028474945,0.0,0.0,0.0,0.0,9.196209430971686,3.698259793801924,0.409739693146701,-258.9656870661363,0.47060084960299164,,20.858564436003704,28.60600369570754,17.148554336989033,674.832942210585,100.0,FR
1979-04-01,9.641568614811424,11.140323715463474,9.641568614811424,11.657691203184118,11.262146836214137,,,,,10.724553035359758,1.77,,,,0.0,0.7,0.46541024002920506,0.0,0.37289358401022177,0.0,0.0,0.0,0.0,9.285281267739634,4.436393575544457,0.5147231032074959,-258.9352312859486,0.35628734707179,,21.454190665468687,29.41390214086358,17.647058823529413,674.832942210585,100.0,FR
1979-07-01,10.193130200187683,12.745491691858568,10.193130200187683,12.282624761300564,14.326229540050273,,,,,11.184830013656889,1.89,,,,0.0,0.7,0.4658254996805695,0.0,0.37303892488819934,0.0,0.0,0.0,0.0,9.466851054229243,4.692371180152861,1.1130841429645884,-258.5400468239007,0.7262791459584399,,22.236510812824744,30.366230548184774,18.843469591226324,764.7018191592048,100.0,FR
1979-10-01,10.9093512436782,11.1394354052333,10.9093512436782,12.97816407711746,13.960573196071557,,,,,13.570925192453542,1.97,,,,0.0,0.7,0.46624532262480606,0.0,0.3731858629186821,0.0,0.0,0.0,0.0,9.755351092119035,4.566776111990492,1.8307920251072627,-257.8347623761911,1.1540001515591651,,23.026299107387807,31.22377245215772,19.64107676969093,764.7018191592048,100.0,FR
1980-01-01,12.500445427177853,14.97653089615607,12.500445427177853,13.89955409219027,16.04926679642511,,,,,17.062551703076334,2.04,26.346984320204044,,,0.0,0.7,0.46666514556904265,0.0,0.3733328009491649,0.0,0.0,0.0,0.0,10.3043699591308,4.847233449875887,3.3042359962061667,-257.5665784011238,2.196075468047054,,23.968972205132694,32.414993221082845,20.33898305084746,764.7018191592048,100.0,FR
1980-04-01,12.850838413716215,12.54189566161692,12.850838413716215,14.638121336857068,14.216415814881334,,,,,16.138834712748885,2.08,26.184514233755333,,,0.0,0.7,0.46708040522040706,0.0,0.37347814182714245,0.0,0.0,0.0,0.0,10.813663650047882,4.906625116577061,3.5655571459765802,-257.14794836280777,2.0371747636683324,,24.836173732834247,33.447458635044875,20.73778664007976,764.7018191592048,100.0,FR
1980-07-01,12.77041263293106,12.423788568717953,12.77041263293106,14.224639658908044,12.672302828254178,,,,,14.274804772944671,2.18,26.377254827665535,,,0.0,0.7,0.46749566487177147,0.0,0.37362348270512,0.0,0.0,0.0,0.0,11.205013446624518,5.261799509440721,3.3035615787018173,-257.0858197979237,1.5653991863065428,,25.635598853797937,34.50262058278051,21.73479561316052,878.733371362975,100.0,FR
1980-10-01,12.742336498384477,11.027130867046964,12.742336498384477,13.57520943581142,11.362852303685056,,,,,13.289667346643164,2.25,26.58317487377877,,,0.0,0.7,0.46791548781600806,0.0,0.3737704207356028,0.0,0.0,0.0,0.0,11.51247805697651,5.530239292757585,2.9869854062654415,-257.0018894387642,1.2298584414079663,,26.374274821793158,35.467014915645144,22.43270189431705,878.733371362975,100.0,FR
1981-01-01,11.92985918834153,11.726621655984282,11.92985918834153,12.308719796517508,10.983308239249467,,,,,12.861737782209348,2.32,26.87965166320693,0.532667343002885,,0.0,0.7,0.4683353107602446,0.0,0.37391735876608556,0.0,0.0,0.0,0.0,11.595954283249513,6.010723150097078,1.6254892292107304,-257.18771779294786,0.333904905092016,,27.108500955973714,36.52217686338077,23.13060817547358,878.733371362975,100.0,FR
1981-04-01,12.034279228791744,12.95957582341778,12.034279228791744,12.098368044994402,13.375008808788902,,,,,20.37254654571081,2.55,26.839303000968055,0.6547887672127217,,0.0,0.7,0.4687460071187369,0.0,0.3740611024915579,0.0,0.0,0.0,0.0,11.68361927235796,6.116779957602546,1.2206155787438622,-257.0838595466051,0.350659956433784,,28.030266957682844,37.72483387025384,25.423728813559322,878.733371362975,100.0,FR
1981-07-01,12.763596827969215,15.341058965427834,12.763596827969215,12.64008704677211,14.839178835365008,,,,,19.145404035722713,2.64,27.153894633645344,0.7766398059798063,,0.0,0.7,0.46916126677010134,0.0,0.37420644336953546,0.0,0.0,0.0,0.0,11.899614783480212,6.359212210417468,1.5585833813446968,-257.20932957912083,0.8639820444890027,,29.089661502331747,39.19978446162818,26.321036889332007,993.8325362377523,100.0,FR
1981-10-01,13.197074530457575,12.761041677000406,13.197074530457575,13.803215020797687,16.015364199787374,,,,,18.60184186752808,2.71,27.472527472527474,0.889352598748705,,0.0,0.7,0.4695810897143379,0.0,0.3743533814000182,0.0,0.0,0.0,0.0,12.159106732875685,5.5871084694652495,1.684596473481065,-256.3957489484241,1.0379677975818904,,30.277996079853462,40.47052180971033,27.018943170488537,993.8325362377523,100.0,FR
1982-01-01,13.0848432031907,11.277696346916777,13.0848432031907,15.190282562930602,16.531578407781122,,,,,20.223686649489615,2.84,27.781704306979677,0.9020526437727494,,0.0,0.7,0.4700009126585744,0.0,0.374500319430501,0.0,0.0,0.0,0.0,12.344254026938687,4.325499195322777,1.4888889199411857,-255.082278433208,0.740589176252012,,31.555572340350217,41.627795009147896,28.31505483549352,993.8325362377523,100.0,FR
1982-04-01,12.878319234792635,12.13347994982552,12.878319234792635,14.58381341051691,10.949132199134137,,,,,12.861737782209348,2.9,27.81480549966465,0.9755024986965954,,0.0,0.6630136986301369,0.47041160901706675,0.0,0.3635481727450144,0.0,0.0,0.0,0.0,12.451067068509477,4.759925543740934,1.1946999624346741,-255.3783653708808,0.4272521662831572,,32.431268132358284,42.9098667339493,28.913260219341975,993.8325362377523,100.0,FR
1982-07-01,10.434712481898734,5.56663195385223,10.434712481898734,12.885994681409162,8.047903918934018,,,,,12.44944702443702,2.99,28.22024048302322,1.0663458493778755,,0.0,0.6256164383561643,0.47082686866843115,0.0,0.3524743355408002,0.0,0.0,0.0,0.0,12.04779615118733,4.17088511723162,-1.4649023015814784,-254.75804737961042,-1.6130836692885957,,33.09038586801578,43.511199867441675,29.810568295114656,1156.8678969883547,100.0,FR
1982-10-01,9.053298109579755,7.235384187724492,9.053298109579755,11.027623709174161,8.581880310847367,,,,,13.12224560180445,3.09,29.151438837873528,1.678911365346053,,0.0,0.5878082191780821,0.4712466916126677,0.0,0.34127880781785835,0.0,0.0,0.0,0.0,11.448896542865814,3.8690073099840845,-3.10580862329593,-254.42142334882968,-2.395598433286059,,33.80800077541827,44.30541186750698,30.807577268195416,1156.8678969883547,100.0,FR
1983-01-01,8.862269383599575,10.513581442996056,8.862269383599575,9.729333751713831,11.338418577939802,,,,,11.93467576325662,3.2,28.626369852933962,0.8446655459542873,,0.0,0.55,0.4716665145569043,0.0,0.3300832800949165,0.0,0.0,0.0,0.0,10.931571111012566,3.6967302966478712,-3.4819846433391124,-254.21521406509373,-2.0693017274129915,,34.78003552181828,45.48537234060645,31.904287138584248,1156.8678969883547,100.0,FR
1983-04-01,8.584294438459628,11.021580169265732,8.584294438459628,9.105832121453062,8.455125678091058,,,,,12.92117314800063,3.3,28.878083605877304,1.0632781062126506,,0.0,0.513013698630137,0.47207721091539656,0.0,0.3191311334094299,0.0,0.0,0.0,0.0,10.462115776501978,4.41168234910873,-3.8667726300498497,-254.8568276878874,-1.8778213380423505,,35.52303447270067,46.75610042857691,32.901296111665005,1156.8678969883547,100.0,FR
1983-07-01,9.30556616435827,8.4517188574468,9.30556616435827,9.614690294791274,10.083336612286864,,,,,11.069741958601398,3.34,29.051773184145645,0.8315327011224283,,0.0,0.4756164383561644,0.47249247056676097,0.0,0.30805729620521566,0.0,0.0,0.0,0.0,10.230805854073237,3.9678997983265845,-2.7422299868290594,-254.44892324917737,-0.9252396897149673,,36.42989344094729,47.75453493204609,33.30009970089731,1275.080867408524,100.0,FR
1983-10-01,9.379575177837784,7.53142024164255,9.379575177837784,9.625863497995057,8.626573123662507,,,,,9.56043407124616,3.4,29.071278709222227,-0.08016012865130206,,0.0,0.4378082191780822,0.47291229351099756,0.0,0.29686176848227375,0.0,0.0,0.0,0.0,10.060559718826147,3.688282157619966,-2.0693213650280295,-254.17513502867243,-0.6809845409883621,,37.22408949580699,48.66220182064429,33.898305084745765,1275.080867408524,100.0,FR
1984-01-01,8.461801031992389,6.842484859614473,8.461801031992389,8.695029662863396,7.615083237413156,,,,,8.100378415308708,3.47,29.383890566449594,0.7575207135156303,,0.0,0.4,0.4733321164552341,0.0,0.2856662407593319,0.0,0.0,0.0,0.0,9.740807981459396,3.4915356422748687,-2.4697700790201775,-253.98198543422274,-1.279006949467007,,37.93953950134984,49.50178836803339,34.59621136590229,1275.080867408524,100.0,FR
1984-04-01,7.500896884188624,7.177963578050672,7.500896884188624,8.643595210029886,8.249387866757019,,,,,8.422973402775291,3.59,29.45166505595347,0.573581450076166,-0.011977381955843969,0.0,0.39377281021897814,0.4737473761065985,0.0,0.28394342470300293,0.0,0.0,0.0,0.0,9.292825762005242,3.230492440622811,-2.9612188923133544,-253.71412936204615,-1.791928877816618,,38.73010856124673,50.398111619800645,35.7926221335992,1275.080867408524,100.0,FR
1984-07-01,7.062288652080495,6.697285929014285,7.062288652080495,6.8336807204039784,2.8436786537832326,,,,,8.32618412881503,3.63,29.446277637592424,0.39450445344677565,-0.16715443397820806,0.0,0.3875456204379562,0.47416263575796297,0.0,0.28222060864667387,0.0,0.0,0.0,0.0,8.846718340020292,4.205829331414208,-3.168517201992742,-254.6775311808539,-1.784429687939797,,39.006429565071194,51.2490418040207,36.19142572283151,1390.9123498770957,100.0,FR
1984-10-01,6.608199112189661,5.715062082079214,6.608199112189661,6.596314332326103,7.677107571351005,,,,-0.844199007737263,8.725644499722819,3.71,30.350610022930564,1.2793313137083373,0.7339382863200038,0.0,0.38125000000000003,0.4745824587021995,0.0,0.2804788605457698,0.0,0.0,0.0,0.0,8.399014494454166,3.5937041896296478,-3.4523606066364856,-254.18701980853595,-1.7908153822645048,,39.76230138830321,51.98652635981955,36.98903290129611,1390.9123498770957,100.0,FR
1985-01-01,6.241615567629166,5.3761506813724935,6.241615567629166,6.197017848878272,6.017897303621833,,,,-0.691254910579076,6.687728266057591,3.71,29.985532955582727,0.6016423891331335,0.22702299451355873,0.0,0.3749543795620438,0.4750022816464361,0.0,0.27873711244486576,0.0,0.0,0.0,0.0,7.967534709089166,3.353575195184959,-3.4991924138302295,-254.0265831529736,-1.7259191414599995,,40.36503764138627,52.689961484902184,36.98903290129611,1390.9123498770957,100.0,FR
1985-04-01,6.26089487870809,7.2550808223663665,6.26089487870809,5.647634756629372,6.051855497761416,,,,-0.6221294195211691,8.02569551301675,3.89,30.212388633196806,0.7607235772433385,0.6016847205974143,0.0,0.3687956204379562,0.4754129780049284,0.0,0.2770332284331118,0.0,0.0,0.0,0.0,7.6262067430129505,3.5511145852538846,-3.031930883297152,-254.32738948412484,-1.3653118643048607,,40.980389365351456,53.65435581776681,38.783649052841476,1390.9123498770957,100.0,FR
1985-07-01,5.5127120094902615,3.704554452142972,5.5127120094902615,6.278925523896195,5.368841722850526,,,,-0.5655721995646985,8.953344642233985,3.97,30.035000490661083,0.5887228530686628,0.6216079694027755,0.0,0.36256843065693434,0.4758282376562928,0.0,0.2753104123767828,0.0,0.0,0.0,0.0,7.203507796308413,3.025669870313635,-3.3340063305300305,-253.91131766644796,-1.6907957868181516,,41.53414036450023,54.15357769955726,39.581256231306085,1479.8342335351872,100.0,FR
1985-10-01,4.689678475493597,2.422927946092557,4.689678475493597,5.770048776356274,5.6416005811913195,,,,-0.518441182934307,6.773421807975533,3.97,30.033840264260963,-0.31676975866959944,-0.4797692396248433,0.0,0.3562728102189781,0.4762480606005293,0.0,0.27356866427587867,0.0,0.0,0.0,0.0,6.7007419321454496,2.1260672832889327,-3.7093360189605686,-253.10664950767324,-2.0110634566518524,,42.12408847557602,54.48259872832497,39.581256231306085,1479.8342335351872,100.0,FR
1986-01-01,3.470520752688877,0.49951979015361303,3.470520752688877,5.303491478355782,4.151668111619866,,,,-0.38643169371888497,6.773421807975533,3.97,30.32523902868344,0.3397060731007151,0.3017935133752116,0.0,0.3499771897810219,0.4766678835447659,0.0,0.2718269161749746,0.0,0.0,0.0,0.0,6.054697696254135,1.177985355712451,-4.497013956400289,-252.1936124273067,-2.584176943565258,,42.56357838762013,54.55067906953406,39.581256231306085,1479.8342335351872,100.0,FR
1986-04-01,2.382063236687948,2.90125075836265,2.382063236687948,5.433963812313292,6.573744833591455,,,,-0.5132917911892356,4.030772348809286,4.05,30.44921180514401,0.2368231719472036,0.1587928759384996,0.0,0.3438184306569343,0.4770785799032582,0.0,0.27012303216322064,0.0,0.0,0.0,0.0,5.320170804340898,0.3245931515192808,-5.244143506325003,-251.27548890849957,-2.93810756765295,,43.268863225607404,54.94778043951087,40.37886340977069,1479.8342335351872,100.0,FR
1986-07-01,2.0734637373822196,2.4701564549200583,2.0734637373822196,4.295459924665934,0.8148261722610961,,,,-0.6343277459546535,3.2220879011162884,4.1,30.31244619069236,0.2774457000312758,0.02986616540496062,0.0,0.3375912408759124,0.4774938395546226,0.0,0.26840021610689163,0.0,0.0,0.0,0.0,4.670829390949162,0.8732363511433334,-5.1300440589261935,-251.68932147916428,-2.5973656535669427,,43.35709456710511,55.28815436522123,40.877367896311064,1560.4355670209527,100.0,FR
1986-10-01,2.12227256110582,2.6181632409869593,2.12227256110582,3.3372583947990586,1.8087944617238172,,,,-0.8441996939093439,3.2220879011162884,4.1,30.072058017130193,0.03821775286922957,-0.5597538053981987,0.0,0.33129562043795624,0.4779136624988592,0.0,0.2666584680059876,0.0,0.0,0.0,0.0,4.161118024980494,1.1698903147706403,-4.578469371039629,-251.89166367398005,-2.038845463874674,,43.553598708082205,55.651224824705196,40.877367896311064,1560.4355670209527,100.0,FR
1987-01-01,3.1930555618871814,4.782651793279058,3.1930555618871814,3.63233007593764,5.331954836174191,,,,-0.8571641668189613,5.631843059022357,4.2,30.216464212584484,-0.108774816098961,-0.5604597917047895,0.0,0.325,0.47833348544309573,0.0,0.2649167199050835,0.0,0.0,0.0,0.0,3.9675055323618316,1.0749571762831067,-2.861642134366954,-251.75433791325625,-0.7744499704746501,,44.13804994168414,56.320619779183254,41.874376869391824,1560.4355670209527,100.0,FR
1987-04-01,3.3302639969039483,3.4500844984297174,3.3302639969039483,2.514637065795089,2.1029727930212516,,,,-0.7152828547699652,3.63676441708749,4.2,29.852888140890787,-0.5963236642532233,-0.9081582869071299,0.0,0.3188412408759124,0.478744181801588,0.0,0.2632128358933295,0.0,0.0,0.0,0.0,3.8400572252702547,1.4747529598767812,-1.9899068074369497,-252.09111583960836,-0.5097932283663065,,44.37071380840847,56.808498024142764,41.874376869391824,1560.4355670209527,100.0,FR
1987-07-01,3.310097283019786,2.3894895993834098,3.310097283019786,3.374339377201263,4.253635417885793,,,,-0.6146001695043317,3.3576295533604306,4.24,29.904268850556758,-0.4081773401356015,-0.33172671703316986,0.0,0.3126140510948905,0.4791594414529525,0.0,0.2614900198370005,0.0,0.0,0.0,0.0,3.734065236820161,0.9685133281970764,-1.3607321079293762,-251.6250793849828,-0.4239679538003749,,44.845073629816675,57.14887194985312,42.27318045862413,1618.1577206859936,100.0,FR
1987-10-01,3.111131497658537,1.8223000995419625,3.111131497658537,4.178739562851463,5.0263952043246185,,,,-0.5522649751946105,3.3576295533604306,4.24,30.017227162966016,-0.05483085416417843,0.014380918820181554,0.0,0.3063184306569343,0.479579264397189,0.0,0.25974827173609644,0.0,0.0,0.0,0.0,3.609478488987836,0.16420711830880919,-1.0499865273219573,-250.82405560878712,-0.49834699132929927,,45.412151773998175,57.40982189752344,42.27318045862413,1618.1577206859936,100.0,FR
1988-01-01,2.388661262922387,1.892770854334458,2.388661262922387,4.278150854859719,5.729600004207214,,,,-0.28278613607574954,0.9478743954543623,4.24,30.17930312981314,-0.037161082771342,-0.018535550228965053,0.0,0.3000228102189781,0.4799990873414256,0.0,0.2580065236351924,0.0,0.0,0.0,0.0,3.3653150437747463,-0.6940904867241215,-1.5788442694394447,-249.86484832131896,-0.9766537808523594,,46.06731652441057,57.6821247421364,42.27318045862413,1618.1577206859936,100.0,FR
1988-04-01,2.5048168278287264,3.9147067580550754,2.5048168278287264,4.659630239535062,3.628890331722623,,,,-0.1347389953803262,3.278982282299081,4.34,30.03399590908767,0.1811077681968809,0.2961626511928348,0.0,0.2937956204379562,0.48041434699279,0.0,0.2562837075788634,0.0,0.0,0.0,0.0,3.1932154005855424,-0.41050532072665646,-1.3352403974415283,-249.9363024279021,-0.688398572756816,,46.4871511610407,58.24941770502425,43.270189431704885,1618.1577206859936,100.0,FR
1988-07-01,2.7994288345544405,3.567937626286266,2.7994288345544405,4.787701201442607,4.765919265515972,,,,-0.041586269869116066,3.2485455144488418,4.38,30.100085627254735,0.1958167766979768,0.33312481948406225,0.0,0.28756843065693427,0.4808296066441544,0.0,0.2545608915225343,0.0,0.0,0.0,0.0,3.114458087379322,-0.5051752834569356,-0.9346364022657205,-249.63680701809463,-0.3150292528248815,,47.04434904273545,58.77131760036489,43.668993020937194,1688.8871167563889,100.0,FR
1988-10-01,2.9597215576028013,2.463470991735406,2.9597215576028013,4.541175312295653,4.0402916477368045,,,,-0.028278374071140533,3.2485455144488418,4.38,29.911932948325763,-0.10529421464025024,-0.19962743305789862,0.0,0.2812728102189781,0.481249429588391,0.0,0.25281914342163025,0.0,0.0,0.0,0.0,3.083510781424018,-0.6896426770769324,-0.6497569313850349,-249.2426018540942,-0.1237892238212166,,47.52193921298805,59.134388059848845,43.668993020937194,1688.8871167563889,100.0,FR
1989-01-01,3.327185601665228,3.3626270305841643,3.327185601665228,4.040091869483287,3.725266232957747,,,,0.10146958025764086,5.505977718302746,4.48,30.052917929839758,-0.12638519997338338,-0.18252880254084577,0.0,0.2749771897810219,0.48166925253262755,0.0,0.2510773953207262,0.0,0.0,0.0,0.0,3.13224574547226,-0.5343334520879637,-0.03812944210951841,-249.15194205350087,0.19493985619296783,,47.96658622342318,59.63360068152758,44.666001994017954,1688.8871167563889,100.0,FR
1989-04-01,3.558810358696274,4.841205786179259,3.558810358696274,4.469189418156638,5.34528052641603,,,,0.15137365303824524,3.174869831458027,4.48,29.89707991048096,-0.136915998606707,-0.15596145759473454,0.0,0.26881843065693434,0.4820799488911198,0.0,0.24937351130897223,0.0,0.0,0.0,0.0,3.217558668117063,-0.3958192059156147,0.3655949581107314,-249.02592336844168,0.3412516905792109,,48.61187533302127,60.35973234038379,44.666001994017954,1688.8871167563889,100.0,FR
1989-07-01,3.3412465459155882,2.6976823751635237,3.3412465459155882,4.328443329068921,4.202934909165101,,,,0.15802742627525035,4.027389913793988,4.56,29.410999277818622,-0.6890863494361132,-0.6362549539601257,0.0,0.2625912408759124,0.4824952085424843,0.0,0.24765069525264322,0.0,0.0,0.0,0.0,3.242296243676768,-0.5311027861786499,0.22678845853626628,-248.64961023494126,0.09895030223882006,,49.125349602145846,60.76818660730325,45.46360917248255,1758.5167884610228,100.0,FR
1989-10-01,3.525009388783662,3.198522363207701,3.525009388783662,5.033968669522992,6.862393009553092,,,,0.18630575044296194,4.027389913793988,4.56,29.32712221917756,-0.5848107291482052,-0.6894327923106811,0.0,0.2562956204379562,0.4829150314867208,0.0,0.2459089471517391,0.0,0.0,0.0,0.0,3.298838872698147,-1.185243140596043,0.4414986073596441,-247.73364257335496,0.22617051608551497,,49.97541423872683,61.25605559215106,45.46360917248255,1758.5167884610228,100.0,FR
1990-01-01,3.311583488123304,2.508923427942733,3.311583488123304,5.5425930100637455,5.759763595120759,,,,0.3110640111126486,1.7699577099400843,4.56,29.270575316483338,-0.7823426133564182,-0.7823133740784954,0.0,0.25,0.48333485443095736,0.0,0.24416719905083506,0.0,0.0,0.0,0.0,3.3013877957831785,-1.6445923949132464,0.17933774265104407,-246.9209325315604,0.010195692340125628,,50.70023665100412,61.64147996127575,45.46360917248255,1758.5167884610228,100.0,FR
1990-04-01,2.9787479708724085,3.5098637171756764,2.9787479708724085,5.725565354668438,6.0771699048348005,,,,0.39756426087588004,3.7244173172371164,4.65,29.524483687890417,-0.37259622259054326,-0.2522996653410038,0.0,0.2494436103506138,0.4837455507894497,0.0,0.2441440258814915,0.0,0.0,0.0,0.0,3.2368598308010244,-1.8761969353707855,-0.23881069724465442,-246.27910598464564,-0.25811185992861585,,51.476402718377194,62.18474293430537,46.36091724825524,1758.5167884610228,100.0,FR
1990-07-01,3.046133781360094,2.9672256171142664,3.046133781360094,5.905071470725964,4.920959373395206,,,,0.47907317016701967,4.502368137395507,4.77,29.334176583983506,-0.07682269383511575,0.08306608139716992,0.0,0.2488810385940122,0.4841608104408141,0.0,0.24412059523248858,0.0,0.0,0.0,0.0,3.1987146209128383,-1.9086288876504796,-0.196162462316674,-245.7906725455754,-0.15258083955274415,,52.11359740948113,62.647748519242064,47.55732801595214,1858.7359316014881,100.0,FR
1990-10-01,3.241721553377186,3.980873451276068,3.241721553377186,5.221102817504186,4.126518396665979,,,,0.49238041722048287,6.577131356820387,4.87,29.80597504525629,0.4788528260787295,0.5308039546812249,0.0,0.24831228473019518,0.48458063338505064,0.0,0.24409690710382626,0.0,0.0,0.0,0.0,3.2073160074057077,-1.4786531489533559,-0.05711731932096109,-245.75426130922799,0.03440554597147827,,52.65399938619604,63.27434323744858,48.554336989032905,1858.7359316014881,100.0,FR
1991-01-01,3.3048288443810137,2.761352591958044,3.3048288443810137,4.257998428481913,1.9073460390316654,,,,0.4774093900096563,6.577131356820387,4.87,29.857694799740823,0.5871194832574866,0.5899965754506032,0.0,0.24774353086637818,0.48500045632928723,0.0,0.24407321897516396,0.0,0.0,0.0,0.0,3.226818574800769,-0.8340469590584121,0.003441048597835117,-245.96776294745956,0.0780102695802447,,52.90567243674852,63.71266136459646,48.554336989032905,1858.7359316014881,100.0,FR
1991-04-01,3.237968057873708,3.2424205711464538,3.237968057873708,4.156433096773271,5.670908578000233,,,,0.2960942813908449,4.622671749523355,4.87,29.963815399216987,0.43933171132656823,0.26041565992458215,0.0,0.24718714121699195,0.4854111526877795,0.0,0.2440500458058204,0.0,0.0,0.0,0.0,3.2290484714153567,-1.084680823270503,0.001108227072683654,-245.36064094574607,0.008919586458351336,,53.66107261999076,64.23121835961386,48.554336989032905,1858.7359316014881,100.0,FR
1991-07-01,3.152377651239391,2.6248639905769977,3.152377651239391,3.6765030044482394,3.00123900409508,,,,0.05156685486948831,4.308358613631191,4.98,30.250282273240497,0.9161056892569908,0.5416007889821375,0.0,0.24662456946039035,0.4858264123391439,0.0,0.24402661515681745,0.0,0.0,0.0,0.0,3.2137143073801635,-0.7991355443492125,-0.04633696967344747,-245.26654719236652,-0.06133665614077266,,54.065211129723,64.65409988055994,49.65104685942175,1939.590046110275,100.0,FR
1991-10-01,2.960753655945858,3.2143774701019368,2.960753655945858,4.0980228296396914,5.812597697431787,,,,-0.2578343741542781,2.2335953942063114,4.98,30.31849580130238,0.512520756046092,-0.11228388402902534,0.0,0.24605581559657336,0.4862462352833805,0.0,0.24400292702815518,0.0,0.0,0.0,0.0,3.1631221770933022,-1.1114875745277288,-0.24656235145984962,-244.61699213553408,-0.2023685211474442,,54.85659550682936,65.17574975288471,49.65104685942175,1939.590046110275,100.0,FR
1992-01-01,2.7429039844101055,1.8899539058150339,2.7429039844101055,4.947662228974203,5.305903636369713,,,,-0.4607749319654353,4.221732449589211,5.08,30.21707238802549,0.35937758828466504,-0.2690198735388789,0.0,0.24548706173275633,0.48666605822761705,0.0,0.24397923889949286,0.0,0.0,0.0,0.0,3.079078538556663,-1.565442065433075,-0.4839145903906634,-243.76300470289544,-0.3361745541465573,,55.58910255495149,65.48442631625029,50.64805583250249,1939.590046110275,100.0,FR
1992-04-01,2.697681847724187,3.06153202440278,2.697681847724187,4.051874841769032,2.087759029179548,,,,-0.6171393266346819,4.221732449589211,5.08,30.30014426761643,0.33632886839944365,-0.23425835264349892,0.0,0.24492448997615474,0.48708131787898146,0.0,0.2439558082504899,0.0,0.0,0.0,0.0,3.0027992003901676,-0.8111447070141935,-0.5313666236911696,-244.0064479517013,-0.3051173526659805,,55.880002683226785,65.98755596517762,50.64805583250249,1939.590046110275,100.0,FR
1992-07-01,2.111606836332225,0.28056394500914905,2.111606836332225,4.386768849164846,4.340815033678336,,,,-0.7302534217603274,4.130380614123563,5.19,30.39160995202499,0.14132767878449193,-0.2632669478677475,0.0,0.2443619182195531,0.4874965775303459,0.0,0.243932377601487,0.0,0.0,0.0,0.0,2.824560727578579,-1.3991765054404084,-1.1021074710479386,-242.99138517953392,-0.7129538912463542,,56.48971690974238,66.03385652367129,51.74476570289133,2037.9680480706797,100.0,FR
1992-10-01,1.8022734884008962,1.9770440783766219,1.8022734884008962,3.9313867480313514,3.9910692928978087,,,,-0.8982616326496409,4.130380614123563,5.19,30.56077511903376,0.2422793177313809,-0.19052042129133911,0.0,0.24379316435573611,0.48791640047458246,0.0,0.24390868947282468,0.0,0.0,0.0,0.0,2.6201032797430424,-1.3844819640411572,-1.360848688692406,-242.48787887590368,-0.8178297913421462,,57.05617410905338,66.36104405032266,51.74476570289133,2037.9680480706797,100.0,FR
1993-01-01,2.117414194607292,3.150516730640618,2.117414194607292,3.386350220780643,3.125757527366879,,,,-1.0163667189234094,2.142243558740664,5.19,30.839032306138332,0.621959918112841,0.17052691613552107,0.0,0.2432244104919191,0.488336223418819,0.0,0.24388500134416236,0.0,0.0,0.0,0.0,2.5195654627158923,-0.8368711715576467,-0.9616643439493706,-242.49406867672207,-0.40215126810860014,,57.50378013043345,66.88578679995481,51.74476570289133,2037.9680480706797,100.0,FR
1993-04-01,2.005202798953576,2.6126864417879148,2.005202798953576,3.325346620147074,1.8437446266452717,,,,-1.2176403526614887,2.142243558740664,5.19,31.027143552790683,0.7269992851742513,0.18625316070765208,0.0,0.2426680208425329,0.48874691977731133,0.0,0.24386182817481883,0.0,0.0,0.0,0.0,2.416692929963429,-0.1386283773450998,-0.9975964014365917,-242.68630413050772,-0.4114901310098533,,57.76944765296667,67.324095666991,51.74476570289133,2037.9680480706797,100.0,FR
1993-07-01,2.1320113917845163,0.7877983163329105,2.1320113917845163,2.453450269556612,0.8532296313164878,,,,-1.403949795957832,2.2858138076050194,5.31,31.614702986544142,1.2230930345191515,0.6534857496205956,0.0,0.2421054490859313,0.48916217942867574,0.0,0.24383839752581588,0.0,0.0,0.0,0.0,2.3597566223276467,0.2521678346979286,-0.6925493357940629,-242.6699463017619,-0.22774523054313045,,57.89280568340764,67.45682084796893,52.94117647058824,2108.1625923580677,100.0,FR
1993-10-01,2.0760672494784416,1.753267509152323,2.0760672494784416,1.8542334099971303,1.5942018546598824,,,,-1.5786149239998633,2.2858138076050194,5.31,31.414748538460273,0.8539734194265125,0.16212662671706068,0.0,0.24153669522211427,0.4895820023729123,0.0,0.24381470939715355,0.0,0.0,0.0,0.0,2.3030187477578057,0.6758784511557963,-0.5440360302646008,-242.709712715385,-0.22695149827936412,,58.1239981321493,67.75314442232839,52.94117647058824,2108.1625923580677,100.0,FR
1994-01-01,1.6840236509025885,1.5823423363372058,1.6840236509025885,1.330616217773617,1.0312887584728259,,,,-1.6085536847955328,2.2858138076050194,5.31,31.608550157508635,0.7695178513703049,0.19705431189253508,0.0,0.24096794135829727,0.49000182531714886,0.0,0.24379102126849128,0.0,0.0,0.0,0.0,2.1792197283867623,1.1630480922469246,-0.8355418118133038,-242.8474761098511,-0.4951960774841737,,58.274048044694304,68.0216969217034,52.94117647058824,2108.1625923580677,100.0,FR
1994-04-01,1.6821727810991227,2.6052829625740515,1.6821727810991227,1.109823433712287,0.9605734903999519,,,,-1.472154152980405,2.2858138076050194,5.31,31.678322438902363,0.6511788861116807,0.2745792759342554,0.0,0.24041155170891107,0.49041252167564114,0.0,0.2437678480991477,0.0,0.0,0.0,0.0,2.079810338929234,1.8761579521188878,-0.7345201488643065,-243.25865347789457,-0.39763755783011145,,58.41415747344024,68.46618228324257,52.94117647058824,2108.1625923580677,100.0,FR
1994-07-01,1.611373249694914,0.5046001907160758,1.611373249694914,1.4687417417655668,2.288902863529607,,,,-1.2425919149692621,2.0503980197707383,5.42,31.516772599820246,-0.09793038672389343,-0.1350241294522848,0.0,0.23984897995230947,0.49082778132700555,0.0,0.24374441745014475,0.0,0.0,0.0,0.0,1.98612292108237,1.6624950223475992,-0.7483833726327327,-242.8125778096912,-0.3747496713874561,,58.74937649423324,68.5526069057269,54.037886340977074,2136.4016055021616,100.0,FR
1994-10-01,1.5909312138167486,1.6714993656396615,1.5909312138167486,2.1062601599664887,4.14427552746357,,,,-0.9864275089969254,2.0503980197707383,5.42,31.428115015974438,0.013366477514165087,0.18282882464522324,0.0,0.23928022608849245,0.49124760427124214,0.0,0.24372072932148248,0.0,0.0,0.0,0.0,1.9070845796292457,1.2292324358077167,-0.7120875339410571,-242.1943837692352,-0.3161533658124971,,59.36122461319354,68.83967036838766,54.037886340977074,2136.4016055021616,100.0,FR
1995-01-01,1.745350369901466,2.2000189606760756,1.745350369901466,2.3450664423367185,1.9865138879537447,,,,-0.7635190941262078,2.0503980197707383,5.42,31.493158960119544,-0.11539119738909198,0.10469381186682811,0.0,0.23871147222467543,0.4916674272154787,0.0,0.24369704119282015,0.0,0.0,0.0,0.0,1.8747377376836898,1.5101372767241514,-0.4338693584852962,-242.24776003741573,-0.1293873677822237,,59.65676261143764,69.21933494803575,54.037886340977074,2136.4016055021616,100.0,FR
1995-04-01,1.618844046004586,2.0992576669865315,1.618844046004586,2.9026185336533894,3.1907818556666356,,,,-0.7635192438364804,2.0503980197707383,5.42,31.410746249908406,-0.2675761889939565,-0.18360094730648446,0.0,0.23815508257528922,0.49207812357397096,0.0,0.24367386802347657,0.0,0.0,0.0,0.0,1.8235589993478691,1.4219605490819731,-0.4609662929246481,-241.97487899024574,-0.20471495334328305,,60.13454499138445,69.58356292148204,54.037886340977074,2136.4016055021616,100.0,FR
1995-07-01,1.7938901400371243,1.2047845668462287,1.7938901400371243,2.8793537808090797,2.195843852152368,,,,-0.7851505317294372,3.9788250058412578,5.64,31.460067678382366,-0.056704921437883415,-0.25169479373260784,0.0,0.23759251081868762,0.4924933832253354,0.0,0.24365043737447367,0.0,0.0,0.0,0.0,1.81762522748572,1.32468772218607,-0.19223278104524577,-241.7271141689193,-0.02373508744859576,,60.465567930742225,69.79346187335723,56.23130608175474,2187.093701202739,100.0,FR
1995-10-01,1.9624969837888528,2.3459267406465756,1.9624969837888528,2.203386353333925,1.4404058175629508,,,,-0.7984547845774568,3.9788250058412578,5.64,31.464525592526826,0.036410576552387,-0.3905029281341218,0.0,0.2370237569548706,0.49291320616957196,0.0,0.24362674924581135,0.0,0.0,0.0,0.0,1.8465995787463467,1.7012306408801692,0.05541240415960713,-241.95349439969013,0.11589740504250612,,60.68369782902149,70.20399040529723,56.23130608175474,2187.093701202739,100.0,FR
1996-01-01,2.0544590965475784,2.567867411710978,2.0544590965475784,2.3679227459915353,2.6446594585841865,,,,-0.6786865668908391,3.9788250058412578,5.64,31.657817592915272,0.1646586327957278,-0.11899338459095687,0.0,0.2364550030910536,0.4933330291138085,0.0,0.24360306111714902,0.0,0.0,0.0,0.0,1.8881714823065932,1.8060232583361255,0.17972135886388863,-241.9342963879718,0.16628761424098526,,61.08624640609946,70.65612648221344,56.23130608175474,2187.093701202739,100.0,FR
1996-04-01,2.3497232607600615,3.280314323836464,2.3497232607600615,2.2228674745109256,2.610560769744197,,,,-0.7568685646117679,5.910403935770425,5.75,31.600936083374364,0.19018983346595908,-0.07925813005467269,0.0,0.235892431334452,0.49374828876517296,0.0,0.24357963046814612,0.0,0.0,0.0,0.0,1.9804818379972868,2.105638861886689,0.5261642614121924,-242.10173477649488,0.3692414227627747,,61.48622358840695,71.23794466403162,57.32801595214357,2187.093701202739,100.0,FR
1996-07-01,1.8040988481189402,-0.9777130837182568,1.8040988481189402,2.1555736921434976,1.9266687226826562,,,,-0.6470810317323661,2.451961717431872,5.78,31.82114998152376,0.3610823031413968,0.11041820908893468,0.0,0.23532985957785038,0.49416354841653737,0.0,0.24355619981914317,0.0,0.0,0.0,0.0,1.9452052400216175,1.5049552988614607,-0.013526379366779917,-241.3756393248947,-0.14110639190267737,,61.78309694486616,71.06403162055337,57.6271186440678,2239.500416995206,100.0,FR
1996-10-01,1.648298259348202,1.7227243855636232,1.648298259348202,1.9876070975207494,0.768539439071958,,,,-0.48905036173455585,2.451961717431872,5.78,31.68030303030303,0.2157774377762045,-0.06039867947307198,0.0,0.23476110571403339,0.4945833713607739,0.0,0.24353251169048087,0.0,0.0,0.0,0.0,1.8858238438869344,1.8839560072143797,-0.19830131939814466,-241.61418556151756,-0.2375255845387323,,61.901917923248504,71.37075098814228,57.6271186440678,2239.500416995206,100.0,FR
1997-01-01,1.5321716406335284,2.103360936852283,1.5321716406335284,1.937195969795491,2.443014947683153,0.8713921917073542,2.6752451024726565,0.10229035001754205,-0.4707557664829256,2.451961717431872,5.78,31.82000581856121,0.16218822564593727,0.1987950126592447,0.0,0.23419235185021636,0.4950031943050105,0.0,0.24350882356181858,0.0,0.0,0.0,0.0,1.8150934032362531,1.8650789953371714,-0.35599984167306475,-241.5292720588099,-0.2829217626027247,,62.281143087299675,71.74703557312252,57.6271186440678,2239.500416995206,100.0,FR
1997-04-01,0.9585937567246461,0.9860027882009348,0.9585937567246461,1.743474064737227,1.8356731495111411,0.6911222813132945,-0.09597200456092914,-0.34444078983510984,-0.425839540934728,0.5203827875027045,5.78,31.95914428984957,0.35820820647520235,0.2094344564910296,0.0,0.23363596220083016,0.4954138906635028,0.0,0.243485650392475,0.0,0.0,0.0,0.0,1.6437934739339317,1.6950549481787505,-1.0218880812726407,-241.31685446848232,-0.6851997172092856,,62.5676194860264,71.92411067193675,57.6271186440678,2239.500416995206,100.0,FR
1997-07-01,1.3523872533325765,0.5974609027134647,1.3523872533325765,1.7608785969001284,1.9962868513342613,0.7577686355622504,0.026424346297959644,1.0226401413851782,-0.32270912482174197,3.902106586283005,6.01,31.671093761465198,-0.15005622005856423,-0.360333943890359,0.0,0.23307339044422856,0.4958291503148672,0.0,0.24346221974347207,0.0,0.0,0.0,0.0,1.5855122298136606,1.3515223908279097,-0.5928179866890411,-240.9671479813271,-0.2331249764810841,,62.88065726804231,72.03162055335967,59.920239282153545,2283.306867272479,100.0,FR
1997-10-01,1.2022604352996957,1.1222171134321002,1.2022604352996957,1.7988922142595953,0.9205939085098258,0.6862588539830128,-1.7605916639048758,1.2972701441051004,-0.19961085164919545,3.902106586283005,6.01,31.405424034872265,-0.2748789954307662,-0.29416409263183624,0.0,0.23250463658041154,0.4962489732591038,0.0,0.24343853161480977,0.0,0.0,0.0,0.0,1.5088618709108677,1.4267275743999903,-0.6835634085872386,-241.01755378255768,-0.3066014356111719,,63.025542805128175,72.23399209486165,59.920239282153545,2283.306867272479,100.0,FR
1998-01-01,0.7070581267010212,0.12255170245758507,0.7070581267010212,1.769704076542844,2.3262623968161478,0.7065992240584684,-3.1807972784212435,-0.16658874781256827,-0.05655455239162066,3.902106586283005,6.01,31.5921001552795,-0.2279056632817078,-0.17350187155540076,0.0,0.23193588271659454,0.4966687962033403,0.0,0.24341484348614745,0.0,0.0,0.0,0.0,1.3485011220688983,0.8976987086560655,-1.108035276535232,-240.4666261089681,-0.6414429953678771,,63.393145570323114,72.25612648221343,59.920239282153545,2283.306867272479,100.0,FR
1998-04-01,1.0060887103560567,2.182125122821077,1.0060887103560567,1.668579876845211,1.4311763507206088,0.8263826881219849,-3.332919316042604,0.8835299616874792,0.0049898433693709165,3.902106586283005,6.01,31.399482328850358,-0.5596619609992082,-0.5004375355308966,0.0,0.23137949306720834,0.4970794925618326,0.0,0.2433916703168039,0.0,0.0,0.0,0.0,1.28001863972633,1.176359785340992,-0.637704763577875,-240.65436330199321,-0.2739299293702733,,63.62036875031734,72.65138339920948,59.920239282153545,2283.306867272479,100.0,FR
1998-07-01,0.6563138850776973,-0.8016383983999731,0.6563138850776973,1.8923369490897235,2.8913151403123116,0.813801868144548,-5.24805524946359,-0.07406165314276514,0.08317503490943423,1.9770001401003823,6.13,31.243755179353617,-0.4273385821115805,-0.3922305232294651,0.0,0.23081692131060672,0.49749475221319706,0.0,0.24336823966780097,0.0,0.0,0.0,0.0,1.1552776887966034,0.2852770276950878,-0.9291983447359633,-239.73112491731507,-0.49896380371890614,,64.08190112372539,72.50592885375494,61.11665004985045,2324.074309551958,100.0,FR
1998-10-01,0.3234127201640291,-0.2093875462225725,0.3234127201640291,2.0888256878959677,1.7065488637348025,0.9118541509837819,-6.718426926226417,-1.4019966977193654,0.018297090422834117,1.9770001401003823,6.13,31.56062794497194,0.15520391009967716,0.08496867717201531,0.0,0.23024816744678972,0.4979145751574336,0.0,0.24334455153913867,0.0,0.0,0.0,0.0,0.9889046950700886,-0.08880069925046996,-1.1854491507468385,-239.25214081482568,-0.6654919749060595,,64.35588240005957,72.46798418972331,61.11665004985045,2324.074309551958,100.0,FR
1999-01-01,0.3363991027055313,0.17449723262359385,0.3363991027055313,2.0679491760455138,2.242756349414332,0.6851886302539079,-7.158149597236729,-0.5183387341739731,-0.018295593320111436,1.9770001401003823,6.13,31.60192961525584,0.009829459976340438,-0.10626128900723796,0.0,0.2296794135829727,0.4983343981016702,0.0,0.24332086341047637,0.0,0.0,0.0,0.0,0.8584035765971771,-0.46993303805828646,-1.012102019363367,-238.73507603562808,-0.5220044738916458,,64.71773228820196,72.499604743083,61.11665004985045,2324.074309551958,100.0,FR
1999-04-01,0.4256249639285059,2.5390285677129754,0.4256249639285059,2.0417358913727535,1.3263232120295676,0.6480478772606268,-3.722828261510891,-1.341100575166232,0.01164296786186192,1.9770001401003823,6.13,31.549767198339534,0.15028486948917563,-0.0545182717505458,0.0,0.2291230239335865,0.49874509446016246,0.0,0.2432976902411328,0.0,0.0,0.0,0.0,0.7718478540634429,-0.012660949408541455,-0.8543936757978241,-239.0382523745489,-0.346222890134937,,64.9326800303978,72.9612648221344,61.11665004985045,2324.074309551958,100.0,FR
1999-07-01,0.5002729302658437,-0.5030465330506217,0.5002729302658437,1.952282814285411,2.5335028319629416,0.5006781912280545,0.32150410660336526,-2.0895252105936457,0.33102188748740424,1.296614599726742,6.21,31.593310800444456,0.34955562109084126,0.4585255232639901,0.0,0.2285604521769849,0.49916035411152687,0.0,0.24327425959212987,0.0,0.0,0.0,0.0,0.7175328693039231,-0.6812994226214073,-0.6550047585307597,-238.2791150332955,-0.21725993903807939,,65.34525304162601,72.8695652173913,61.91425722831506,2372.6353634971515,100.0,FR
1999-10-01,1.024492377927988,1.8874902444260044,1.024492377927988,2.378630970012008,3.41194148664119,0.3321376707859258,3.690234759873423,-1.2866022484794293,0.7053013604183125,1.296614599726742,6.21,31.191306130818123,-0.3693218141538168,0.09360857593887723,0.0,0.22799169831316787,0.4995801770557634,0.0,0.24325057146346757,0.0,0.0,0.0,0.0,0.7789247710287361,-0.9141507353357952,0.03558768285789937,-237.89800222274172,0.24556760689925183,,65.905022472837,73.21422924901185,61.91425722831506,2372.6353634971515,100.0,FR
2000-01-01,1.5579335357505997,2.3082618639140406,1.5579335357505997,2.621479321340514,3.214149754728357,0.3531396106177809,8.956993067319052,-1.341267471405727,1.003058274187767,1.296614599726742,6.21,30.951342847510954,-0.6505867677448873,0.10270848040791003,0.0,0.22742294444935088,0.5,0.0,0.24322688333480524,0.0,0.0,0.0,0.0,0.9347265239731088,-0.9448151135269711,0.6995299591534225,-237.6715302500382,0.6232070117774908,,66.43672736542561,73.63794466403161,61.91425722831506,2372.6353634971515,100.0,FR
2000-04-01,1.5268128779404755,2.4145459364724786,1.5268128779404755,2.885198786573029,2.3812010729596267,0.10215548952547948,8.588845231564335,-0.9408671009822012,1.2791903875093933,1.296614599726742,6.21,30.704204157685787,-0.8455630406537462,-0.2336020546508315,0.0,0.22686037269274928,0.5002372572024508,0.0,0.24314115182868257,0.0,0.0,0.0,0.0,1.0531437947665823,-0.7120921818872716,0.7549650238770326,-237.67986646591638,0.4736690831738932,,66.83340492145715,74.08379446640318,61.91425722831506,2372.6353634971515,100.0,FR
2000-07-01,2.0444812960934478,1.5676271395612673,2.0444812960934478,2.9684116991830267,2.866354482402933,0.3677526311913759,9.562011897387634,-0.0009456623030423827,1.500428734391317,3.1698374987191302,6.41,30.44616554629929,-1.1471452541451654,-0.5982652127501618,0.0,0.22629780093614765,0.5004745144049015,0.0,0.24305542032255983,0.0,0.0,0.0,0.0,1.2514112950319554,-0.8142356565959119,1.3269484267895246,-237.355184630206,0.7930700010614924,,67.31404554716264,74.37470355731224,63.90827517447657,2435.6559355366,100.0,FR
2000-10-01,2.051880143328688,1.9170856333669661,2.051880143328688,3.139868139799984,4.097767249109019,0.6731834239057655,6.906986650446889,-0.03834199734837895,1.6368320588666716,3.1698374987191302,6.41,29.788246895109534,-1.4030592357085925,-0.8751299137710423,0.0,0.22572904707233066,0.5007143788293573,0.0,0.24296874671197424,0.0,0.0,0.0,0.0,1.4115050646913019,-1.1111732520038515,1.272955372299952,-236.81001422627043,0.6403750786373863,,68.00718310883691,74.73201581027666,63.90827517447657,2435.6559355366,100.0,FR
2001-01-01,1.4282607268300218,-0.18621580208062483,1.4282607268300218,2.594017921451286,1.0307488813335652,0.8164643657013748,-1.8790494667733526,1.1242890464695954,1.7299841356333694,3.1698374987191302,6.41,30.193438439265925,-0.7579044082450304,-0.3545821526938585,0.0,0.22516029320851363,0.5009542432538131,0.0,0.24288207310138865,0.0,0.0,0.0,0.0,1.4148561971190459,-1.1431481531920724,0.49353420285691296,-236.50577305541685,0.013404529710975943,,68.18265491572961,74.69723320158101,63.90827517447657,2435.6559355366,100.0,FR
2001-04-01,2.2077256392769584,5.532405586260225,2.2077256392769584,2.9983309279854264,3.9984530990961886,1.2218292488402227,-0.7488965429125027,2.465456956784573,1.6767541493510318,3.1698374987191302,6.41,30.252079604085502,-0.452124553600286,-0.1924948034274359,0.0,0.22460390355912743,0.5011888932342589,0.0,0.2427972836997288,0.0,0.0,0.0,0.0,1.5734300855506285,-0.5028668370280513,1.1545818445103762,-236.88926117720786,0.63429555372633,,68.86763566084026,75.73754940711461,63.90827517447657,2435.6559355366,100.0,FR
2001-07-01,1.9201398386227808,0.4172839369445569,1.9201398386227808,3.0553476472134022,3.094421359314836,1.3812318339240903,-5.738800433907132,2.6147659034455817,1.6518024373329858,3.9760588994953494,6.67,30.43320256039645,-0.012962985902842394,0.12672868125045145,0.0,0.22404133180252583,0.5014261504367097,0.0,0.24271155219360613,0.0,0.0,0.0,0.0,1.6427720361650588,-0.9574078945344411,0.6687285435908255,-236.21997682161532,0.27736780245772197,,69.40246543627131,75.81660079051383,66.50049850448654,2499.663886703801,100.0,FR
2001-10-01,1.5075767921461036,0.2668334474602574,1.5075767921461036,2.9040159652987896,3.4924405214505683,1.4692494369914044,-9.199008714123602,2.0056001074742813,1.5619761243577504,3.9760588994953494,6.67,30.51166290443943,0.7234160093298969,0.7434643310133717,0.0,0.2234725779387088,0.5016660148611655,0.0,0.24262487858302056,0.0,0.0,0.0,0.0,1.6157329873612678,-1.509653572545318,0.09607172745480175,-235.4135750531177,-0.10815619521516417,,70.01107845737047,75.86719367588933,66.50049850448654,2499.663886703801,100.0,FR
2002-01-01,2.256033738574992,2.807611983634928,2.256033738574992,3.5277948347440358,3.52586435911455,1.8968411980385014,-6.165949599598175,1.9001132841850232,1.5935819589367686,3.9760588994953494,6.67,30.553422163706333,0.35998372444041027,0.4705676676318759,0.0,0.22290382407489182,0.5019058792856211,0.0,0.24253820497243492,0.0,0.0,0.0,0.0,1.7437931376040126,-1.3542388589829102,0.8411775414559459,-235.23401195924785,0.5122406009709792,,70.63093025130111,76.40158102766799,66.50049850448654,2499.663886703801,100.0,FR
2002-04-01,1.6767454871146725,3.215252580418948,1.6767454871146725,3.653482978632727,4.501205674650954,1.9615913707951016,-7.142179434215734,-0.7756173834303048,1.4571794329162007,3.9760588994953494,6.67,30.61256519219625,0.36048558811074827,0.421406184746938,0.0,0.2223474344255056,0.502140529266067,0.0,0.24245341557077513,0.0,0.0,0.0,0.0,1.7303836075061445,-1.3122068350505174,0.10331540156404406,-234.9125236856898,-0.05363812039147198,,71.43022994220016,77.01818181818182,66.50049850448654,2499.663886703801,100.0,FR
2002-07-01,1.7119174277705262,0.5579716995679718,1.7119174277705262,3.6086879895512958,2.9152414029891105,2.0781002601226284,-5.605129167489142,-1.6216967620594325,1.2276236823501794,2.3704813655166523,6.83,30.8207203755149,0.38751781511844885,0.40011146062658043,0.0,0.221784862668904,0.5023777864685178,0.0,0.24236768406465242,0.0,0.0,0.0,0.0,1.726690371559021,-1.5517674369321242,0.0691453916054674,-234.32320625983456,-0.014772943788494697,,71.95272252886421,77.12569169960474,68.09571286141576,2589.420811666602,100.0,FR
2002-10-01,2.038024334300381,1.5712610735796773,2.038024334300381,3.357933927207668,2.4894242720760573,2.0032800669593342,-1.123806646815595,-1.2452700103625869,1.0063853354682557,2.3704813655166523,6.83,30.407806264691413,-0.10385663974801784,-0.4255025418962527,0.0,0.221216108805087,0.5026176508929735,0.0,0.2422810104540668,0.0,0.0,0.0,0.0,1.788957164107293,-1.3529390755959128,0.4222913469391134,-234.09366546021047,0.24906717019308822,,72.40192102077486,77.4292490118577,68.09571286141576,2589.420811666602,100.0,FR
2003-01-01,2.295283335198395,3.836647987226982,2.295283335198395,3.040656976837708,2.2567565576347093,1.794940259024802,4.136445594646476,-0.9610046505334147,0.9695306552222771,2.3704813655166523,6.83,30.914634867915,0.3612127042086688,0.13821840079911565,0.0,0.22064735494126997,0.5028575153174293,0.0,0.24219433684348124,0.0,0.0,0.0,0.0,1.8902223983255133,-0.5128702490784747,0.5514901975943822,-234.48863831760858,0.40506093687288147,,72.81155927657545,78.17549407114626,68.09571286141576,2589.420811666602,100.0,FR
2003-04-01,1.8911074158910246,1.5985489031894673,1.8911074158910246,2.6692250885186564,3.0154781213747484,1.7218474928806238,-1.8430497670327561,0.18567072419557462,0.6605640180361014,2.3704813655166523,6.83,31.07186797169479,0.45930277949853826,0.30423032178518883,0.0,0.22009096529188377,0.5030921652978751,0.0,0.24210954744182142,0.0,0.0,0.0,0.0,1.8903994018386157,-0.4941226034266606,0.1607238083848801,-234.1344060130622,0.0007080140524089451,,73.36253765616313,78.48853754940711,68.09571286141576,2589.420811666602,100.0,FR
2003-07-01,2.05331024870814,1.2067830308364336,2.05331024870814,2.9180359249781684,3.910484748827159,1.610227467150338,-1.6522286736249114,0.9412862039894776,0.6499244421304109,5.136649815025662,7.19,31.07132074595323,0.25060037043833083,0.11610715760990473,0.0,0.21952839353528217,0.5033294225003259,0.0,0.2420238159356987,0.0,0.0,0.0,0.0,1.9229815712125204,-0.8027861088566226,0.3266198771491191,-233.4584805835645,0.1303286774956196,,74.08326260745113,78.72569169960474,71.68494516450649,2669.3654784079213,100.0,FR
2003-10-01,2.352954768891369,2.769839154312592,2.352954768891369,2.8787918849258354,2.332448111866725,1.8097752112910648,-2.9702553059361314,2.2275903704952693,0.1559578049442365,5.136649815025662,7.19,31.1398747070039,0.732068442312489,0.29366889825907533,0.0,0.21895963967146514,0.5035692869247816,0.0,0.2419371423251131,0.0,0.0,0.0,0.0,2.00897621074829,-0.29059499090061536,0.5639976047840758,-233.567828344176,0.34397855814307876,,74.51651296227755,79.27272727272727,71.68494516450649,2669.3654784079213,100.0,FR
2004-01-01,1.982404080167921,2.354445232333191,1.982404080167921,3.45161271162282,4.548039864422648,1.7979321317410424,-6.056637341779858,0.9562106221600697,-0.03467211336506182,5.136649815025662,7.19,31.048325838599904,0.1336909706849021,-0.20016339236343011,0.0,0.21839088580764815,0.5038091513492374,0.0,0.24185046871452753,0.0,0.0,0.0,0.0,2.0036617846322162,-0.4846550503663707,0.09218168184240771,-233.0194296861536,-0.021257704464295202,,75.36860816491374,79.74071146245059,71.68494516450649,2669.3654784079213,100.0,FR
2004-04-01,2.5849452954642693,4.0087137643748605,2.5849452954642693,3.364796861410424,2.668214720525164,1.8073361452010772,1.4489800414440257,1.0321340079788577,-0.028638750551239767,5.136649815025662,7.19,31.107867355340968,0.03599938364617916,-0.5743460328476221,0.0,0.21782831405104652,0.5040464085516881,0.0,0.2417647372084048,0.0,0.0,0.0,0.0,2.119918486798627,0.2170690522868597,0.6945458936256537,-233.3545544471161,0.4650268086656424,,75.87303777706107,80.54387351778657,71.68494516450649,2669.3654784079213,100.0,FR
2004-07-01,2.436241741459,0.6119688148153557,2.436241741459,3.04068799526096,2.614049284229303,1.9085501457016818,3.259636945569433,-0.29669347514809097,-0.20097107940346426,5.677200014063932,7.61,31.10422213487396,0.0329013889207308,0.10813989030420446,0.0,0.21726574229444492,0.504283665754139,0.0,0.2416790057022821,0.0,0.0,0.0,0.0,2.1831831377307016,-0.01030469784254251,0.5132601702464794,-232.85403432976258,0.25305860372829825,,76.37050114904491,80.66719367588934,75.87238285144566,2763.110181816951,100.0,FR
2004-10-01,2.2325701471777926,1.955152777187763,2.2325701471777926,3.292909707790015,3.3413349619829447,1.7017944498689097,6.417722358529376,-2.1887247123051345,-0.25334183902755747,5.677200014063932,7.61,31.247720011938846,0.10784530493494482,-0.009469541236059642,0.0,0.21669698843062793,0.5045235301785947,0.0,0.24159233209169653,0.0,0.0,0.0,0.0,2.1930605396201197,-0.04772509460474339,0.22359393642950254,-232.50748878356382,0.039509607557672854,,77.01112164740402,81.06245059288538,75.87238285144566,2763.110181816951,100.0,FR
2005-01-01,1.8582710765177701,0.8572489496931013,1.8582710765177701,2.6829256175342486,2.108103503399583,1.6223897167611412,5.3368120969842,-2.4647797699944185,-0.004078140607427727,5.677200014063932,7.61,31.56166624902345,0.5133404104235462,0.3997379489308051,0.0,0.2161282345668109,0.5047633946030504,0.0,0.24150565848111089,0.0,0.0,0.0,0.0,2.12610264699965,-0.021673747873137472,-0.1453907081144461,-232.1947751451372,-0.26783157048187967,,77.41806158323135,81.23636363636362,75.87238285144566,2763.110181816951,100.0,FR
2005-04-01,1.7975039464720233,3.765645244191873,1.7975039464720233,2.7795352626461156,3.0546533009726318,1.591244031688177,5.641579575159694,-3.003913887301124,-0.2281799841430754,5.677200014063932,7.61,31.443081751867247,0.3352143965262788,0.5060592513060125,0.0,0.2155718449174247,0.5049980445834963,0.0,0.2414208690794511,0.0,0.0,0.0,0.0,2.0603829068941244,0.4859791917779148,-0.32241454032660366,-232.37252313094197,-0.2628789604221011,,78.01153812379621,82.00474308300396,75.87238285144566,2763.110181816951,100.0,FR
2005-07-01,2.0024729032751765,1.4318446420279685,2.0024729032751765,3.1470005585182204,4.083910467717722,1.3075045506586669,8.851009834764545,-3.0673065791648746,-0.4273108004678967,5.372135608507556,8.03,31.222039509116108,0.11781737424214622,-0.00591938589043324,0.0,0.2150092731608231,0.5052353017859471,0.0,0.24133513757332842,0.0,0.0,0.0,0.0,2.0488009061703347,0.11112115896017372,-0.18071023445552514,-231.70950667451953,-0.04632800289515826,,78.81209828252209,82.298814229249,80.05982053838484,2838.245781971887,100.0,FR
2005-10-01,1.8282468833506371,1.2582486974896057,1.8282468833506371,3.2504652833632353,3.7551938613630043,1.29597956123364,5.633878573713513,-2.7048971579596515,-0.50979745124868,5.372135608507556,8.03,31.031670903398954,-0.21604910853988968,-0.8991544507433306,0.0,0.21444051929700608,0.5054751662104028,0.0,0.2412484639627428,0.0,0.0,0.0,0.0,2.0046901016063954,-0.18224601799488482,-0.3648136562694826,-231.08527038355118,-0.17644321825575826,,79.55546896830236,82.55810276679843,80.05982053838484,2838.245781971887,100.0,FR
2006-01-01,1.9504164377981859,1.3459271674832962,1.9504164377981859,3.329808293839598,2.4254755453050336,1.3016510616389532,6.3516766048897555,-2.51695608908995,-0.5773034671256685,5.372135608507556,8.03,31.462673733472414,-0.0989925155510385,-0.3840400895261117,0.0,0.2138717654331891,0.5057150306348586,0.0,0.2411617903521572,0.0,0.0,0.0,0.0,1.9938353688447534,-0.10955933366778936,-0.17568620920146394,-230.8153832890958,-0.04341893104656758,,80.03933410072963,82.83636363636364,80.05982053838484,2838.245781971887,100.0,FR
2006-04-01,2.158988386548355,4.59993303919255,2.158988386548355,3.1721065897855283,2.4238464847563534,1.43672589815802,6.879719473512402,-2.082497941787853,-0.3514825714324452,5.372135608507556,8.03,31.137782643946586,-0.30529910792065906,-0.4331882166045894,0.0,0.21331537578380289,0.5059496806153044,0.0,0.2410770009504974,0.0,0.0,0.0,0.0,2.026865972385474,0.7632576706612326,0.09860547965423061,-231.35940492770484,0.13212241416288117,,80.52581419999792,83.79446640316203,80.05982053838484,2838.245781971887,100.0,FR
2006-07-01,1.9028621491308684,0.4073396923580219,1.9028621491308684,2.8095899074330077,2.6338437383076396,1.460968144155128,2.2348858987381703,-0.8258908268445886,-0.22567133333560996,2.9449981076929532,8.27,30.72717776888485,-0.49486174023125606,-0.42297539542108026,0.0,0.21275280402720126,0.5061869378177551,0.0,0.24099126944437466,0.0,0.0,0.0,0.0,2.0020652077345527,0.42924389742449875,-0.14593875703946635,-230.8027789162174,-0.09920305860368428,,81.0577947487091,83.8798418972332,82.45264207377866,2934.3450062877764,100.0,FR
2006-10-01,1.4864650516689615,-0.4073396923580219,1.4864650516689615,2.9168836860878677,4.184368975982444,1.5488062389248825,-2.575564854001877,-1.0987233346571035,0.276803335594618,2.9449981076929532,8.27,30.60666526289051,-0.4250056405084468,0.04143934348245165,0.0,0.21218405016338426,0.5064268022422109,0.0,0.2409045958337891,0.0,0.0,0.0,0.0,1.8989451765214345,-0.4426276361319026,-0.5182250499374339,-229.65485174913232,-0.412480124852473,,81.91018467203206,83.79446640316203,82.45264207377866,2934.3450062877764,100.0,FR
2007-01-01,1.263126775545409,0.4525740629890862,1.263126775545409,2.6624350066638325,1.4076808276088926,1.5502461479490748,-2.691920485279331,-1.7976789672915938,0.19259525849867032,2.9449981076929532,8.27,30.82441557579679,-0.6382581576756197,-0.30834149100150504,0.0,0.21161529629956724,0.5066666666666667,0.0,0.24081792222320353,0.0,0.0,0.0,0.0,1.7717814963262293,-0.3440656221320353,-0.7307085932993445,-229.41607505797728,-0.5086547207808203,,82.19895097887049,83.88932806324111,82.45264207377866,2934.3450062877764,100.0,FR
2007-04-01,1.2525007176104275,4.557428807452624,1.2525007176104275,2.5849352364296863,2.1138474038197685,1.5952115385456267,-3.271525107829776,-1.5726512999605813,0.5883871814027231,2.9449981076929532,8.27,30.733233930297715,-0.40454871364887235,0.04937599727973041,0.0,0.21105890665018104,0.5069013166471125,0.0,0.24073313282154365,0.0,0.0,0.0,0.0,1.667925340583069,0.5866209308369719,-0.7743652547750464,-230.0269704088855,-0.4154246229726415,,82.63449089421131,84.8505928853755,82.45264207377866,2934.3450062877764,100.0,FR
2007-07-01,1.3405428038570477,0.7595080373445029,1.3405428038570477,2.3703105357591348,1.7753449356254336,1.5747778863784312,-2.6529676995203033,-1.0051545664277128,0.6741887619031655,2.0347799572265846,8.44,30.711475420488178,-0.015702348396673393,0.004834654626577534,0.0,0.21049633489357944,0.5071385738495633,0.0,0.24064740131542095,0.0,0.0,0.0,0.0,1.6024488332378648,0.5562120242513231,-0.6615224038775049,-229.7730111843153,-0.2619060293808171,,83.00206782289254,85.01185770750989,84.14755732801596,3013.5193406705716,100.0,FR
2007-10-01,2.4931884468785803,4.2032428797281085,2.4931884468785803,2.126513420609255,3.2091805153829256,1.6702688976556246,6.09497165968147,0.684399320055018,1.129999999999999,2.0347799572265846,8.44,30.570002946413705,-0.03666231647680429,0.7182749993138415,0.0,0.20992758102976242,0.5073784382740191,0.0,0.2405607277048354,0.0,0.0,0.0,0.0,1.7805967559660079,1.0290815740889911,0.5942432703571459,-230.02152677540155,0.7125916909125725,,83.67066785627382,85.9098814229249,84.14755732801596,3013.5193406705716,100.0,FR
2008-01-01,3.252228706888971,3.488735103030649,3.252228706888971,2.6259548725360293,3.4054466353159896,1.7908095698175863,8.68268693808032,2.1849501843443253,1.4699999999999989,2.0347799572265846,8.44,30.370253314580996,-0.45416226121579584,0.01694227190576464,0.0,0.20935882716594542,0.5076183026984747,0.0,0.24047405409424977,0.0,0.0,0.0,0.0,2.0749231461506006,1.2036375598364941,1.4804472105627418,-230.04234889233027,1.1773055607383704,,84.38604876045986,86.66245059288536,84.14755732801596,3013.5193406705716,100.0,FR
2008-04-01,3.619327660226812,6.025824620803988,3.619327660226812,2.533902458827786,1.7456377489867947,1.7781458739536404,11.550352976636535,2.8776939720892347,1.21,4.260999605973703,8.63,30.39805097923185,-0.3351829510658655,0.35892699783569937,0.0,0.20879625540934382,0.5078555599009256,0.0,0.2403883225881271,0.0,0.0,0.0,0.0,2.383804048965843,2.4127088596208353,1.951402319643743,-231.11239561028455,1.235523611260969,,84.75512219085047,87.97786561264822,86.04187437686942,3013.5193406705716,100.0,FR
2008-07-01,3.576702280205879,0.5890065172607706,3.576702280205879,2.7520268871068954,2.6478426487418716,1.7509788674582971,11.839370545667194,2.2807650790396483,0.9649999999999999,3.148948225654591,8.71,30.899617110209654,0.18814168972147716,-0.05721025256682055,0.0,0.2082336836527422,0.5080928171033764,0.0,0.24030259108200439,0.0,0.0,0.0,0.0,2.62238369521385,1.8798174370968752,1.9742534469680142,-230.59768657741424,0.9543185849920288,,85.31802881363704,88.10750988142293,86.83948155533402,3093.701160344298,100.0,FR
2008-10-01,2.000540418564878,-2.101404566835896,2.000540418564878,2.019539965161332,0.2792328276006728,1.6962959742609307,-1.1323253813716239,1.5009666391935461,0.6150000000000011,3.148948225654591,8.71,31.322482357955888,0.752479411542184,0.005399309777286199,0.0,0.2076649297889252,0.5083326815278321,0.0,0.24021591747141877,0.0,0.0,0.0,0.0,2.4980150398840557,1.3309595624818087,0.21994366259887,-230.00252722880515,-0.49747462131917786,,85.37760859308273,87.64584980237154,86.83948155533402,3093.701160344298,100.0,FR
2009-01-01,0.6908615944591467,-1.7499801933922754,0.6908615944591467,1.327322030667677,0.6365748973413687,1.5922304389016873,-11.305177546023826,0.6032753564000792,-0.1999999999999993,3.148948225654591,8.71,31.650275161962423,1.280021847381424,0.4755379729750163,0.0,0.20709617592510818,0.5085725459522878,0.0,0.24012924386083317,0.0,0.0,0.0,0.0,2.136584350799074,0.8308010413261968,-1.3840615516914538,-229.40588845612174,-1.445722756339927,,85.5135898732834,87.26324110671936,86.83948155533402,3093.701160344298,100.0,FR
2009-04-01,-0.24109837332462192,2.297984749668913,-0.24109837332462192,1.1829202708812048,1.168030709840906,1.5250646621361774,-17.680908153928065,-0.7961713941872173,-0.7799999999999994,0.9227285769074722,8.71,32.478168522907666,2.0801175436758133,0.6819854600444204,0.0,0.20653978627572198,0.5088071959327337,0.0,0.24004445445917338,0.0,0.0,0.0,0.0,1.6610478059743348,1.2617001928591947,-2.624902422290465,-229.68837696607878,-1.9021461792989567,,85.76366105681952,87.76600790513834,86.83948155533402,3093.701160344298,100.0,FR
2009-07-01,-0.4532218829557344,-0.25948752126367935,-0.4532218829557344,1.1759267884880575,2.6198687191692827,1.456664119437523,-17.114817589319877,-1.7673945034838212,-0.7649999999999988,1.2550079154288518,8.82,32.37859244812522,1.4789753379155668,0.14405449511168955,0.0,0.20597721451912038,0.5090444531351844,0.0,0.23995872295305065,0.0,0.0,0.0,0.0,1.238193868188321,0.6098165528527204,-3.0756055781695846,-228.96853790597055,-1.6914157511440553,,86.32722846504242,87.7090909090909,87.93619142572284,3135.0382687919277,100.0,FR
2009-10-01,0.4176273351051307,1.3819923054075645,0.4176273351051307,1.9153539870890413,3.2369416220046077,1.1092127829762433,-6.6938026870029255,-1.812909956470099,-1.129999999999999,1.2550079154288518,8.82,32.55419810568513,1.231715747729245,0.7224239247127439,0.0,0.20540846065530335,0.5092843175596402,0.0,0.23987204934246506,0.0,0.0,0.0,0.0,1.0740805615716829,0.2909341166202353,-2.080387704778925,-228.5048005768212,-0.6564532264665521,,87.02865322331388,88.01264822134388,87.93619142572284,3135.0382687919277,100.0,FR
2010-01-01,1.4497439012074231,2.3784860710168942,1.4497439012074231,2.4094585328116036,2.612993080231618,1.037012248491198,4.259813018252423,-1.6222385634635295,-0.8899999999999988,1.707497375257816,8.86,32.50337808521452,0.8531029232521026,0.6230225232437057,0.0,0.20483970679148633,0.509524181984096,0.0,0.2397853757318795,0.0,0.0,0.0,0.0,1.1492132294988309,0.40824753714986173,-0.6868404495916507,-228.44617382451756,0.30053067170859227,,87.59902734618292,88.53754940711461,88.33499501495514,3135.0382687919277,100.0,FR
2010-04-01,1.8243013475744974,3.79621453513721,1.8243013475744974,2.713977803760237,2.386107793635439,0.8676310640804985,8.258788433452757,-1.257106125663121,-0.7650000000000006,1.707497375257816,8.86,32.40059136496501,-0.0775771579426543,-0.4060242565530716,0.0,0.20428331714210013,0.5097588319645417,0.0,0.23970058633021962,0.0,0.0,0.0,0.0,1.2842308531139641,0.9186440166349428,0.1632535416001626,-228.79870050989302,0.5400704944605332,,88.12314083576025,89.38181818181819,88.33499501495514,3135.0382687919277,100.0,FR
2010-07-01,1.7546504095298232,-0.538091273442376,1.7546504095298232,2.530892506969451,1.887527532006139,0.9652754006642006,6.365076925542823,-0.9408014336850901,-0.6549999999999994,0.45248945982896416,8.86,32.29243449708504,-0.08615795104018331,0.3536270851715756,0.0,0.20372074538549853,0.5099960891669926,0.0,0.23961485482409695,0.0,0.0,0.0,0.0,1.3783147643971358,0.39892542758397553,0.5164565413415023,-228.19229580853082,0.37633564513268736,,88.53996064723134,89.2616600790514,88.33499501495514,3211.493090702701,100.0,FR
2010-10-01,1.8650882317704287,1.8237435943699865,1.8650882317704287,2.191743862354123,1.8803470435432956,1.0063727834313418,8.107562972541649,-0.8838708274743645,-0.6499999999999986,0.45248945982896416,8.86,32.23865204665059,-0.3155460590345438,-0.3839392777753722,0.0,0.20315199152168154,0.5102359535914484,0.0,0.23952818121351138,0.0,0.0,0.0,0.0,1.4756694578717944,0.5154256852147228,0.7910076701987458,-228.17814494623752,0.38941877389863433,,88.95715510000358,89.6695652173913,88.33499501495514,3211.493090702701,100.0,FR
2011-01-01,1.9697579762073758,2.7971650487646826,1.9697579762073758,2.4498913654479093,3.6455830926067634,0.8414901869142177,10.75195126599291,-1.5684797267841777,-0.6499999999999986,1.5677812719229856,9.0,32.206429831039834,-0.2969482541746893,-0.31599963764195493,0.0,0.2025832376578645,0.510475818015904,0.0,0.23944150760292573,0.0,0.0,0.0,0.0,1.5744871615389107,0.42950082976696535,0.8205447467085449,-227.96604043527702,0.39527081466846514,,89.77161267979632,90.298814229249,89.7308075772682,3211.493090702701,100.0,FR
2011-04-01,2.193891459414221,4.692748467964591,2.193891459414221,2.2166638922603177,1.4531979008850726,1.1821290569962173,9.010430582533724,-0.6216428943141228,-0.5449999999999982,1.5677812719229856,9.0,32.31593858417065,-0.08465278079435312,-0.1668460678988887,0.0,0.2020268480084783,0.5107104679963499,0.0,0.23935671820126594,0.0,0.0,0.0,0.0,1.6983680211139727,1.3699612978068387,0.909660606300257,-228.7759280770469,0.4955234383002485,,90.09834562773287,91.36442687747035,89.7308075772682,3211.493090702701,100.0,FR
2011-07-01,2.279949569518447,-0.19385883302547313,2.279949569518447,2.0603503109067223,1.2622732065917575,0.9560468446826675,9.010098918636444,0.8629567664377724,-0.629999999999999,1.5677812719229856,9.0,32.46388611179291,0.17145161470787373,0.14204141267014717,0.0,0.2014642762518767,0.5109477251988007,0.0,0.23927098669514324,0.0,0.0,0.0,0.0,1.8146843307948675,1.0020178641292716,0.901634805121311,-228.41189506714258,0.4652652387235794,,90.38311653387893,91.32015810276678,89.7308075772682,3291.1428653547414,100.0,FR
2011-10-01,2.61382273959061,3.159236274658639,2.61382273959061,2.2831446468314365,2.7715243872421524,1.3721629013266678,7.555638454717206,1.3043661168183451,-0.7799999999999994,3.656917175060581,9.19,32.56026280220911,0.32161075555852126,0.12386397215487774,0.0,0.2008955223880597,0.5111875896232564,0.0,0.23918431308455762,0.0,0.0,0.0,0.0,1.9745120125540159,1.136271974270329,1.1381532817188156,-228.50882303899667,0.6393107270365941,,91.01153865797595,92.04426877470354,91.62512462612165,3291.1428653547414,100.0,FR
2012-01-01,2.5378211664730976,2.4931587562946333,2.5378211664730976,1.8629605573269092,1.9648467345886544,1.5211394981313298,5.220868065117967,1.9324280426210372,-0.8300000000000001,2.4150460232283066,9.22,32.79547247714586,0.589042646106025,0.10057360494267586,0.0,0.2003267685242427,0.5114274540477122,0.0,0.23909763947397206,0.0,0.0,0.0,0.0,2.0871738433378324,1.3093738708157048,0.963334004934187,-228.6409010444232,0.45064732313526523,,91.45969777316702,92.61976284584979,91.92422731804588,3291.1428653547414,100.0,FR
2012-04-01,2.288961832117309,3.6973111305414363,2.288961832117309,1.8870169729705122,1.5494235634594844,1.6556499329384522,2.5615040453808025,1.5533987087248402,-0.9499999999999993,2.4150460232283066,9.22,33.061556432891216,0.7456178487205589,0.3295851784059957,0.0,0.19976419676764107,0.511664711250163,0.0,0.23901190796784935,0.0,0.0,0.0,0.0,2.1275314410937276,1.8572738966240934,0.5905938110033362,-229.17787293619364,0.16143039102358125,,91.81465933869205,93.4798418972332,91.92422731804588,3291.1428653547414,100.0,FR
2012-07-01,2.2325107172293635,-0.41966329257725477,2.2325107172293635,2.039892721291059,1.8737761998739444,1.6471445072096635,3.1629218450664354,0.7627146148314168,-0.8650000000000002,4.348511193973881,9.4,33.242864491866676,0.7789783800737637,0.4718845703901227,0.0,0.19920162501103947,0.5119019684526137,0.0,0.23892617646172662,0.0,0.0,0.0,0.0,2.1485272963208546,1.233097756506794,0.417826386434496,-228.6045130630809,0.08398342090850885,,92.24576861187826,93.38181818181818,93.71884346959123,3353.0302376020823,100.0,FR
2012-10-01,1.7233585017655706,1.1226274128034675,1.7233585017655706,1.845689110150861,1.9947099426813608,1.0679912561381677,1.5986858155907946,1.2671359186166686,-1.2299999999999986,2.259375290836285,9.4,33.8579908458091,1.2977280435999883,0.7870361843415645,0.0,0.19863287114722245,0.5121418328770695,0.0,0.23883950285114103,0.0,0.0,0.0,0.0,2.063493537409798,1.0312729720844231,-0.2511535107884453,-228.38649243061147,-0.3401350356442272,,92.70692638074337,93.64426877470355,93.71884346959123,3353.0302376020823,100.0,FR
2013-01-01,1.2013175557322064,0.40499497216117675,1.2013175557322064,1.5468347715459796,0.7694293801691288,0.804867775085949,0.36511303296378195,0.7406739953961239,-1.2649999999999988,2.2521059076863637,9.43,34.03738178568769,1.2419093085418331,0.6354641234128029,0.0,0.19806411728340545,0.5123816973015253,0.0,0.23875282924055546,0.0,0.0,0.0,0.0,1.8910583410742796,0.9685271967532287,-0.885856287605626,-228.29538382860943,-0.6897407853420732,,92.88542658708901,93.7391304347826,94.01794616151545,3353.0302376020823,100.0,FR
2013-04-01,0.9024541835094269,2.501857641650318,0.9024541835094269,1.7225747204754338,2.2523833591773013,0.5357034578370445,-1.2215444882070159,0.6048374037494142,-1.1100000000000012,2.2521059076863637,9.43,34.22182447418965,1.16026804129844,0.35745685424453966,0.0,0.19750772763401925,0.512616347281971,0.0,0.23866803983889562,0.0,0.0,0.0,0.0,1.693337509561309,1.025151019499532,-1.2250772575843007,-228.35775239922765,-0.7908833260518822,,93.40993591917598,94.32727272727271,94.01794616151545,3353.0302376020823,100.0,FR
2013-07-01,1.0576406312356568,0.2010824983276649,1.0576406312356568,1.6891532699786271,1.7400903978867177,0.6986631777385455,-0.8925133352207126,0.7567173485495626,-0.7749999999999986,0.31864073694078954,9.43,34.38101747295851,1.138152981091839,1.197228161925,0.0,0.19694515587741762,0.5128536044844219,0.0,0.2385823083327729,0.0,0.0,0.0,0.0,1.5661981338961786,0.6236712772709154,-1.0908866650851978,-227.97300042433795,-0.5085575026605218,,93.8171754002324,94.37470355731224,94.01794616151545,3405.299290967613,100.0,FR
2013-10-01,0.7803342546404579,0.013401906422672027,0.7803342546404579,1.2487827398146134,0.2332278220253059,0.884736538357167,-0.8803412100720109,-0.6027943551799364,-0.6550000000000011,0.31864073694078954,9.43,34.66372761922303,0.8057367734139342,0.9248171452535344,0.0,0.19637640201360063,0.5130934689088776,0.0,0.23849563472218735,0.0,0.0,0.0,0.0,1.4090253580450345,0.6046403146706893,-1.2831592827693399,-227.91804394543723,-0.6286911034045766,,93.87189328956782,94.37786561264822,94.01794616151545,3405.299290967613,100.0,FR
2014-01-01,0.8565003237309909,0.7096592485233089,0.8565003237309909,1.3023311744068344,0.9836231185380129,1.089050813823178,-2.0840737421628397,-0.47997192048039317,-0.5749999999999993,1.0548621020744609,9.53,34.52890634661704,0.4915245609293517,0.551399933740568,0.0,0.19580764814978363,0.5133333333333333,0.0,0.23840896111160173,0.0,0.0,0.0,0.0,1.2985203511822259,0.5505845544046508,-1.0345580173432887,-227.8495529779336,-0.4420200274512349,,94.10301375344368,94.54545454545455,95.0149551345962,3405.299290967613,100.0,FR
2014-04-01,0.7480915227668916,2.0682224377939207,0.7480915227668916,1.072952181795639,1.334867388732519,1.0528360424411964,-0.6219430005953264,-1.2130829934625886,-0.5249999999999986,1.0548621020744609,9.53,34.580921417809854,0.3590969436201963,0.16237573784735532,0.0,0.19525125850039743,0.5135679833137792,0.0,0.2383241717099419,0.0,0.0,0.0,0.0,1.188434585499159,0.7630068391716804,-0.9452459867944174,-228.03289174019895,-0.4403430627322673,,94.41757594562924,95.03557312252964,95.0149551345962,3405.299290967613,100.0,FR
2014-07-01,0.4913193593088394,-0.8260061555045439,0.4913193593088394,1.022572198680738,1.5385704654271137,1.005472951695996,-1.9818578727360592,-1.6192086806456452,-0.4750000000000014,1.0548621020744609,9.53,34.68186317882767,0.30084570586915715,0.2368005235924444,0.0,0.1946886867437958,0.51380524051623,0.0,0.23823844020381924,0.0,0.0,0.0,0.0,1.049011540261095,0.14468300959211433,-1.0748787745873392,-227.44174758496607,-0.5576921809522557,,94.78144553017164,94.8395256916996,95.0149551345962,3449.937603635439,100.0,FR
2014-10-01,0.3411602747065423,-0.5872344319865164,0.3411602747065423,1.2370604454654544,1.0911808091641717,0.7296725324756892,-3.2869688791794083,-1.0896073356389202,-0.7300000000000004,1.0548621020744609,9.53,34.81015983467794,0.1464322154549058,-0.09509704292489723,0.0,0.1941199328799788,0.5140451049406857,0.0,0.23815176659323362,0.0,0.0,0.0,0.0,0.9074412871501846,-0.23650290976513588,-1.0678650833384922,-227.02214377467834,-0.5662810124436423,,95.04035775574208,94.70039525691699,95.0149551345962,3449.937603635439,100.0,FR
2015-01-01,-0.23774057305949725,-1.6059441425408494,-0.23774057305949725,1.1962712866594227,0.8204664833138864,0.3704830615995469,-6.418994950852985,-1.1528242662744326,-0.5800000000000018,0.835950531609031,9.61,34.779659240453256,0.2507528938362147,-0.09586293135385121,0.0,0.19355117901616178,0.5142849693651415,0.0,0.23806509298264802,0.0,0.0,0.0,0.0,0.6784049151082482,-0.7648836369540959,-1.5362609242417231,-226.41554111821472,-0.9161454881677454,,95.23550139359311,94.32094861660079,95.81256231306082,3449.937603635439,100.0,FR
2015-04-01,0.26582504438819043,4.082484907584671,0.26582504438819043,1.229039988017977,1.465942194166736,0.6536842913820173,-3.946581066029209,-0.8890623257052255,-0.620000000000001,0.835950531609031,9.61,34.77512617138412,0.19420475357427303,-0.13628652479361963,0.0,0.19299478936677558,0.5145196193455873,0.0,0.23798030358098823,0.0,0.0,0.0,0.0,0.5958889409642366,0.023875182202431233,-0.9226095411109685,-227.06967679656915,-0.3300638965760462,,95.5851660872001,95.28853754940711,95.81256231306082,3449.937603635439,100.0,FR
2015-07-01,0.13993471997606477,-1.3295674531530466,0.13993471997606477,1.1062714832196452,1.0474964462337866,0.6802520479584295,-6.0457894261200185,-0.46285919017803323,-0.365000000000002,0.835950531609031,9.61,34.702902234443236,0.02103905561556818,0.16569440212353923,0.0,0.19243221761017398,0.514756876548038,0.0,0.23789457207486547,0.0,0.0,0.0,0.0,0.5046980967666023,-0.5329800882476547,-0.9090768202850303,-226.47541082172245,-0.3647633767905375,,95.83580693017583,94.97233201581028,95.81256231306082,3491.456058141481,100.0,FR
2015-10-01,0.17681110843001946,-0.4397288781706976,0.17681110843001946,1.1840471657437845,1.4022835392607291,0.7742663162781938,-6.729475675803043,-0.4433771797753838,-0.3100000000000023,0.835950531609031,9.61,34.72835968606872,-0.08180014860921792,-0.1743225565442296,0.0,0.19186346374635696,0.5149967409724938,0.0,0.2378078984642799,0.0,0.0,0.0,0.0,0.4391206990992857,-0.8813405674335115,-0.7306301787201651,-226.01490771736462,-0.26230959066926623,,96.17236896605891,94.86798418972332,95.81256231306082,3491.456058141481,100.0,FR
2016-01-01,0.043572255218382594,-2.138899555387397,0.043572255218382594,1.4035136525057723,1.6983324303618375,0.7368736450546365,-7.236159740657078,-1.0965807365586944,-0.2550000000000008,0.6224086483001656,9.67,34.744750507692004,-0.03490873276125739,0.1242190071403845,0.0,0.19129470988253994,0.5152366053969496,0.0,0.23772122485369435,0.0,0.0,0.0,0.0,0.36001101032310506,-1.6689740427986806,-0.6348326598898656,-225.05559972092732,-0.31643875510472247,,96.58156868056756,94.36205533596838,96.41076769690928,3491.456058141481,100.0,FR
2016-04-01,0.09287207540067399,4.279684188313837,0.09287207540067399,0.9552219933929074,-0.3272244422847237,0.6131023861330576,-5.788498302871403,-0.3746062384278215,0.08999999999999986,0.6224086483001656,9.67,34.88586171900685,0.11073554762272009,0.042126884939424736,0.0,0.19073213812593834,0.5154738625994003,0.0,0.23763549334757159,0.0,0.0,0.0,0.0,0.30658322333861887,-0.25461057729407344,-0.5030168655635626,-226.2073268785769,-0.21371114793794488,,96.50259136424118,95.37707509881423,96.41076769690928,3491.456058141481,100.0,FR
2016-07-01,0.42526393868893564,0.0,0.42526393868893564,1.1124207122283902,1.676291321575718,0.5864925110110164,-3.0149831779195058,-0.16161567698205204,0.22499999999999964,0.6224086483001656,9.67,34.7261283737809,0.023226139337662044,0.30521705847242214,0.0,0.19016956636933674,0.5157111198018511,0.0,0.2375497618414489,0.0,0.0,0.0,0.0,0.3303193664086822,-0.5776663021697743,-0.07943415807766663,-225.78825404818295,0.09494457228025344,,96.90785608934019,95.37707509881423,96.41076769690928,3540.804617397234,100.0,FR
2016-10-01,0.6544765143110531,0.4771214243177724,0.6544765143110531,1.2427756408472934,1.9237032537363419,0.5635685395211532,0.9495378795031595,-0.9606318259767654,0.0600000000000005,0.6224086483001656,9.67,34.69505991408546,-0.0332997719832584,0.15726684004657515,0.0,0.18960081250551974,0.5159509842263069,0.0,0.23746308823086335,0.0,0.0,0.0,0.0,0.39515079598915637,-0.7912308859217774,0.21535581521176744,-225.42660859082835,0.25932571832189677,,97.37503347239046,95.4909090909091,96.41076769690928,3540.804617397234,100.0,FR
2017-01-01,1.4471551145510908,1.0318148455727538,1.4471551145510908,1.6199029066819914,3.2068414937006295,0.4793936872690807,8.111404589210558,-0.4113789684816904,0.46999999999999886,0.9264090959798299,9.76,34.53267799246377,-0.21207251522823434,-0.3696044241714809,0.0,0.18903205864170272,0.5161908486507626,0.0,0.2373764146202777,0.0,0.0,0.0,0.0,0.6055516597015432,-1.1082172998804936,1.0871441042279857,-224.88285192879638,0.8416034548495476,,98.15883693552608,95.73754940711463,97.30807577268196,3540.804617397234,100.0,FR
2017-04-01,1.0257853358148772,2.5942050733689825,1.0257853358148772,2.008715516951476,1.228025998793214,0.5338090967615727,3.204820281882359,-1.1489839504248867,0.6600000000000001,0.9264090959798299,9.76,34.45809278709049,-0.42776893191635024,-0.2214789632092931,0.0,0.18847566899231652,0.5164254986312085,0.0,0.2372916252186179,0.0,0.0,0.0,0.0,0.68959839492421,-0.488931884199161,0.7192021124762583,-225.22439669744028,0.33618694089066714,,98.46065400689993,96.3604743083004,97.30807577268196,3540.804617397234,100.0,FR
2017-07-01,0.9437145205127173,-0.3282832612086395,0.9437145205127173,2.028293039493523,1.7546014117439057,0.5699335132780092,1.7083906818603722,-1.05694808481398,0.6500000000000004,0.9264090959798299,9.76,34.42923690416478,-0.29689146961611734,0.30043049979588254,0.0,0.18791309723571492,0.5166627558336593,0.0,0.23720589371249523,0.0,0.0,0.0,0.0,0.7404216200419115,-0.8163967208867859,0.6133951541040351,-224.70367552920223,0.20329290047080584,,98.89350066084364,96.2814229249012,97.30807577268196,3598.6293017166845,100.0,FR
2017-10-01,1.2079468855835884,1.5340508846012568,1.2079468855835884,2.2213317706226476,2.6958581782528412,0.6031361493460174,2.650832291458327,-0.4830718927872013,0.995000000000001,0.9264090959798299,9.76,34.41791751034422,-0.2771424037412429,-0.22403073955658764,0.0,0.1873443433718979,0.516902620258115,0.0,0.23711922010190958,0.0,0.0,0.0,0.0,0.8339266731502468,-0.8663168058004089,0.8127960895944321,-224.41322370578928,0.3740202124333416,,99.56225885733664,96.65138339920948,97.30807577268196,3598.6293017166845,100.0,FR
2018-01-01,1.494864748489455,2.1794862971962203,1.494864748489455,1.3007291756724548,-0.4755688861001417,0.9124633527932247,3.624326363221364,0.670821445561387,0.7399999999999984,1.2220111334775297,9.88,34.364504783150174,-0.16817320931359347,0.0016827410794502118,0.0,0.18677558950808087,0.5171424846825707,0.0,0.237032546491324,0.0,0.0,0.0,0.0,0.9661142882180884,0.034144857286236174,0.8893130887879118,-225.07698750161342,0.5287504602713666,,99.44395741552205,97.17944664031619,98.50448654037888,3598.6293017166845,100.0,FR
2018-04-01,2.12338746350893,5.1082959334468825,2.12338746350893,1.5054118161730745,2.046756560795693,0.9517807217503282,7.38153729451021,1.690057585841398,0.875,1.2220111334775297,9.88,34.31031394029543,-0.1477788467950658,0.06549018665319586,0.0,0.18621919985869467,0.5173771346630166,0.0,0.2369477570896642,0.0,0.0,0.0,0.0,1.1975689232762567,0.9471596007960557,1.43378906858472,-225.8423723447762,0.9258185402326733,1.5,99.95410541908592,98.42845849802372,98.50448654037888,3598.6293017166845,100.0,FR
2018-07-01,2.5229952307299186,1.2701478076753148,2.5229952307299186,1.637716444635906,2.283819925595232,0.9090971701251505,10.722377497947333,2.0960162875550914,0.9149999999999991,1.2220111334775297,9.88,34.22720873453193,-0.2020281696328563,-0.44150627275105414,0.0,0.18565662810209307,0.5176143918654673,0.0,0.23686202558354147,0.0,0.0,0.0,0.0,1.4626541847669892,0.6881175433387341,1.782573610688007,-225.5889543152962,1.0603410459629294,1.5,100.52643066808186,98.74150197628457,98.50448654037888,3645.7434725843304,100.0,FR
2018-10-01,2.161896496000981,0.08965594568550728,2.161896496000981,1.3618716153336319,1.5924788610437446,0.7105116411909584,8.932613513131393,2.120971923007531,0.9499999999999993,1.2220111334775297,9.88,34.024441388975895,-0.39347612136832466,0.012375957374398783,0.0,0.18508787423827605,0.5178542562899231,0.0,0.23677535197295588,0.0,0.0,0.0,0.0,1.6025026470137875,0.3395753709877454,1.3279698228507344,-225.2132485864566,0.5593938489871937,1.6,100.92744393438737,98.76363636363635,98.50448654037888,3645.7434725843304,100.0,FR
2019-01-01,1.4151179546243675,-0.8076278683102345,1.4151179546243675,0.40189670660710775,-4.315468521006238,0.4989833739744931,2.9919931619355467,3.248004726115017,0.9799999999999986,1.506809021406763,10.03,34.132791292236156,-0.23171349091401505,-0.21900244739224067,0.0,0.18451912037445906,0.5180941207143789,0.0,0.23668867836237031,0.0,0.0,0.0,0.0,1.5650257085359036,1.2940523505283181,0.4490036664062791,-226.0902087496306,-0.1499077539115361,1.6,99.84442359646044,98.56442687747034,100.0,3645.7434725843304,100.0,FR
2019-04-01,1.2958593133038043,4.63126136816463,1.2958593133038043,-0.22771434403332513,-0.4716876417660387,0.49681072425933337,3.6815636552784525,3.274937539627576,1.1950000000000003,1.506809021406763,10.03,34.094560206721056,-0.21575373357437533,0.00904666854949393,0.0,0.18396273072507285,0.5183287706948246,0.0,0.23660388896071047,0.0,0.0,0.0,0.0,1.5111924294894838,2.573316803734002,0.09829039002754758,-227.36594600211328,-0.21533311618567952,1.7,99.72675453712304,99.71225296442688,100.0,3645.7434725843304,100.0,FR
2019-07-01,1.2063870785471664,0.9122588686487632,1.2063870785471664,-0.36444947889897605,1.7368793861326282,0.6909891080481678,0.8752321432388577,3.6710233187637886,1.299999999999999,1.506809021406763,10.03,34.12005232608236,-0.1071564084495713,0.2515610387436946,0.0,0.18340015896847123,0.5185660278972755,0.0,0.23651815745458776,0.0,0.0,0.0,0.0,1.4502313593010203,2.2151516158152162,-0.25626710621982274,-227.15979087274235,-0.2438442807538539,1.7,100.16072941828658,99.9399209486166,100.0,3660.425078215192,100.0,FR
2019-10-01,1.2440701982029623,0.24038842430869067,1.2440701982029623,-0.9231695809595042,-0.642401547198368,0.8705876191921647,0.9461706448601337,4.029884782370274,1.1899999999999995,1.506809021406763,10.03,33.953108819663406,-0.07133256931248777,0.2814722649825394,0.0,0.18283140510465423,0.5188058923217312,0.0,0.2364314838440022,0.0,0.0,0.0,0.0,1.4089991270814086,2.3342827010717997,-0.35843244881082525,-227.38048836561916,-0.16492892887844635,1.7,100.0,100.0,100.0,3660.425078215192,100.0,FR
2020-01-01,1.3194148955784968,-0.5062490788080964,1.3194148955784968,-2.7168906875567167,-11.490352947395088,0.902977465288668,3.0821158528495207,5.889232641877218,1.4649999999999999,1.189310351395223,10.15,35.46674032227804,1.3339490300418866,1.4863130613169688,0.0,0.18226265124083724,0.5190457567461869,0.0,0.23634481023341658,0.0,0.0,0.0,0.0,1.3910822807808263,4.974686263521619,-0.24561081295740683,-230.12651433276585,-0.07166738520232951,,97.16827833467391,99.87351778656127,101.19641076769692,3660.425078215192,100.0,FR
2020-04-01,0.332420802211697,0.6832849946974306,0.332420802211697,-10.716116887690541,-32.468592442301336,0.4524455897125357,0.6777353134109543,15.057678346603964,1.9999999999999991,1.189310351395223,10.15,40.28818734032291,6.193627133601853,6.780735068605894,0.0,0.1817000794842356,0.5192830139486377,0.0,0.23625907872729388,0.0,0.0,0.0,0.0,1.1793499850670004,12.881263168748433,-1.1787716272777868,-238.41448369201558,-0.8469291828553034,1.5,89.5926085318466,100.04426877470354,101.19641076769692,3660.425078215192,100.0,FR
2020-07-01,0.3600420779735103,1.0227439716960163,0.3600420779735103,-0.8504422073709605,41.19957810741095,0.7953544527605771,-6.905427917145612,3.1807619634647732,0.22999999999999865,1.189310351395223,10.15,35.42422213064084,1.304169804558486,1.495369189995841,0.0,0.181137507727634,0.5195202711510886,0.0,0.2361733472211712,0.0,0.0,0.0,0.0,1.0154884036483023,1.6143458868448022,-1.09018928132751,-228.3702751580868,-0.655446325674792,1.5,99.31253212615323,100.300395256917,101.19641076769692,3562.3141484673097,100.0,FR
2020-10-01,0.08533906992624907,-0.8584236078803542,0.08533906992624907,-1.7064075353636188,-4.066262859169001,0.28744468721777494,-6.003151558423436,4.461717637030294,0.8250000000000011,1.189310351395223,10.15,35.274067088372654,1.3209582687092436,0.33813207131165557,0.0,0.180568753863817,0.5197601355755442,0.0,0.23608667361058555,0.0,0.0,0.0,0.0,0.8294585369038916,2.267654147397394,-1.3236600571551596,-229.17223497090902,-0.7441194669776425,1.5,98.30806913738208,100.08537549407113,101.19641076769692,3562.3141484673097,100.0,FR
2021-01-01,0.961015667130205,2.9964573100077274,0.961015667130205,1.2535640959165928,0.349533577725758,0.904545014164615,-2.2825215069773197,0.7427722509026236,0.7200000000000006,0.9804000096620857,10.25,35.259249559964445,-0.2074907623136002,-1.5056817330408234,0.0,0.18,0.52,0.0,0.236,0.0,0.0,0.0,0.0,0.8557699629491543,2.701984052383949,-0.43006661365062127,-229.8339659039795,0.10524570418105073,,98.39401160945029,100.83794466403161,102.19341974077767,3562.3141484673097,100.0,FR
2021-04-01,1.7482743670711898,3.8323197944613696,1.7482743670711898,10.544205682389629,4.693973903590809,1.1477427865371759,-0.7038638668785957,-10.11730126403716,0.8200000000000003,0.9804000096620857,10.25,34.97651529867659,-5.31167204164632,-3.684954912215351,0.0,0.18,0.52,0.0,0.236,0.0,0.0,0.0,0.0,1.0342708437735615,2.2082408390109265,0.5689243820041894,-229.6185523766971,0.7140035232976283,1.4,99.55546035052726,101.8086956521739,102.19341974077767,3562.3141484673097,100.0,FR
2021-07-01,2.1766427323336224,2.7362174327457467,2.1766427323336224,2.864010667418615,10.478798047526894,1.0940923478955256,9.626722508548902,-1.3479328311588379,0.8200000000000003,0.9804000096620857,10.25,33.65493938270301,-1.7692827479378281,-2.248426107924108,0.0,0.18,0.52,0.0,0.236,0.0,0.0,0.0,0.0,1.2627452214855737,-0.020617653877707198,1.16115432868532,-227.68290722300182,0.9138975108480487,1.5,102.1979761214471,102.50750988142292,102.19341974077767,3607.251107954683,100.0,FR
2021-10-01,3.2787784525417862,3.5501192729523012,3.2787784525417862,4.564620163010158,2.736175123197171,1.9893051871237688,14.04513908919105,-3.6461393775966577,1.0899999999999999,3.1994973405099714,10.48,33.770032674653805,-1.5040344137188466,-1.0040027493556172,0.0,0.18,0.52,0.0,0.236,0.0,7.6,0.0,0.0,1.6659518676968161,0.10606219988460452,2.4493199156378944,-227.8863932604406,1.61282658484497,1.7,102.89945148524846,103.42134387351777,104.48654037886341,3607.251107954683,101.81924812390038,FR
2022-01-01,4.104022094232107,6.297431876769011,4.104022094232107,5.123110543767462,2.5834951007549734,2.289084212890291,16.52129763466497,-3.220911084131295,1.0749999999999993,3.0742094297729228,10.57,33.224527245957006,-2.034722314007442,-1.691250720652072,0.0,0.18,0.52,0.0,0.236,-2.6,7.6,0.0,1.0,2.1535659130038742,0.9293686085827346,3.248252131282953,-228.81487745444412,1.9504561812282328,2.3,103.56620292574529,105.06245059288536,105.3838484546361,3607.251107954683,101.82544429152345,FR
2022-04-01,5.745342886456406,10.397602963358565,5.745342886456406,4.833008350751555,3.533565131527183,3.236711181988472,21.339086736442514,-0.8164041782180664,0.875,5.688737440205127,10.85,33.20223807979241,-1.7742772188841738,-1.4576125457822893,0.0,0.18,0.52,0.0,0.236,-2.6,0.0,0.0,1.0,2.8719213076943806,2.4378460085482345,4.7110720426828445,-230.53088691240197,2.8734215787620254,3.1,104.485150710652,107.8292490118577,108.17547357926222,3607.251107954683,100.0,FR
2022-07-01,6.320156451105063,5.035471691340376,6.320156451105063,4.185188742851986,7.887519615928618,3.86141151303514,17.03875928893104,2.800264790619833,0.9650000000000007,7.696104113612856,11.07,33.38868852268906,-0.2662508600139557,-0.45430417437297665,0.0,0.18,0.52,0.0,0.236,-2.6,0.0,0.0,1.0,3.561568336376517,1.3174562925562157,5.05741122961949,-229.81787493125495,2.7585881147285463,3.7,106.56592011515536,109.19525691699604,110.36889332003989,3796.870298707007,100.0,FR
2022-10-01,6.727310693394095,5.178736242108428,6.727310693394095,4.7831007553404525,5.127823173151036,4.067275796612879,11.828665642976421,5.3724063972032,0.969999999999998,5.47700678276497,11.07,32.60239920490161,-1.167633469752194,-1.0967657270686901,0.0,0.18,0.52,0.0,0.236,-2.6,5.8,0.0,1.0,4.194716807780033,1.0301851469106964,5.061358825697279,-229.8306031984943,2.5325938856140624,3.9,107.94084221889428,110.61818181818181,110.36889332003989,3796.870298707007,101.301233255035,FR
2023-01-01,6.769183891013419,6.464924667246308,6.769183891013419,5.039788832340886,3.610247408756706,4.348511193973792,5.948038637160646,7.467317077283253,0.9600000000000009,6.41245281695384,11.27,32.39686317453449,-0.8276640714225125,-0.5210643597702176,0.0,0.18,0.52,0.0,0.236,0.4,9.8,0.0,0.0,4.70961022442671,1.458988570857855,4.615617978009546,-230.54427251311665,2.0595736665867097,4.7,108.91948486781348,112.4205533596838,112.36291126620141,3796.870298707007,102.1636324297592,FR
2023-04-01,5.895862950555042,6.904319201525055,5.895862950555042,4.822374726025602,2.6639087062660494,4.380614966245933,-2.8147982984183972,8.068262386007952,0.6700000000000008,5.991957528127667,11.52,32.075225227186635,-1.1270128526057799,-1.2424143521735482,0.0,0.18,0.52,0.0,0.236,0.4,0.0,0.0,0.0,4.9468607696523765,2.173318492519371,3.0239416428606614,-231.60437513693134,0.9490021809026654,4.6,109.6472845778673,114.37786561264821,114.8554336989033,3796.870298707007,100.0,FR
2023-07-01,5.339486931673854,2.809967615815623,5.339486931673854,3.7750603475561917,3.6982621020509754,3.8765123720711614,1.063116822303467,6.656250168533884,0.39500000000000046,3.9845908547199382,11.52,31.846784052158622,-1.5419044705304363,-1.8558997974990075,0.0,0.18,0.52,0.0,0.236,0.4,0.0,0.0,0.0,5.025386002056672,1.504753170640754,1.7779185952973364,-231.38230151537255,0.3141009296171813,4.2,110.66574648958313,115.18418972332016,114.8554336989033,3993.1285048808527,100.0,FR
2023-10-01,4.085972642138103,0.1646790839654244,4.085972642138103,3.562249359478731,4.276579220841192,3.066954871632621,0.7870980108280357,3.9463889137075103,0.23000000000000043,3.9845908547199382,11.52,31.73758902641952,-0.8648101784820894,-1.4316966748605846,0.0,0.18,0.52,0.0,0.236,0.4,0.0,0.0,0.0,4.837503330072958,0.08569822282012751,-0.10874416564193012,-230.35432648115366,-0.7515306879348556,3.9,111.85527110875962,115.23162055335966,114.8554336989033,3993.1285048808527,100.0,FR
2024-01-01,2.956999837194374,1.9490334474713933,2.956999837194374,3.2157324276329557,2.224179681373606,2.431893436261756,-0.07827763606167437,1.5227387409038062,0.2649999999999988,3.316185196002497,11.65,32.2287449098464,-0.1681182646880941,-0.38970038016504843,0.0,0.18,0.52,0.0,0.236,1.0,0.0,0.0,1.0,4.461402631497242,-0.25529885431367916,-1.7526103872323358,-230.28553992267805,-1.5044027943028677,3.3,112.47896907533902,115.79446640316205,116.15154536390828,3993.1285048808527,100.0,FR
2024-04-01,2.4738462932166527,4.97170502561417,2.4738462932166527,3.1747582417729348,2.5000119628259654,2.3240564869006164,1.2950109250442043,-1.2435417392061776,0.3099999999999987,1.122152474396465,11.65,32.4127259658506,0.337500738663965,0.35998585272061306,0.0,0.18,0.52,0.0,0.236,1.0,0.0,0.0,1.0,4.063891363841124,0.11035084119112071,-2.473014476435724,-230.90346318837516,-1.5900450706244715,2.9,113.18416745587194,117.24268774703556,116.15154536390828,3993.1285048808527,100.0,FR
2024-07-01,2.0864085725532,1.260216733161812,2.0864085725532,2.755310052653348,2.0204693455726286,2.318902426442193,-1.1513587327089514,-1.379698340497315,0.16999999999999993,1.122152474396465,11.65,32.34027404098953,0.493489988830903,0.5594637207428399,0.0,0.18,0.52,0.0,0.236,1.0,0.0,0.0,1.0,3.6683948055835396,-0.39428111531586296,-2.9389774295034723,-230.7134000352724,-1.5819862330303396,2.7,113.75732665232876,117.61264822134387,116.15154536390828,4123.623777319876,100.0,FR
2024-10-01,1.66003757640949,-1.540804900609416,1.66003757640949,2.055216794605208,1.4762061886486322,2.0801309361281994,-2.5665874992398585,-0.8673653043159923,0.22499999999999964,3.0771658666753687,11.88,32.619413851801724,0.8818248253821992,0.7623097509912187,0.0,0.18,0.52,0.0,0.236,1.0,0.0,0.0,1.0,3.2667233597487297,-1.4012248771803115,-3.1774657536634683,-229.95914726295788,-1.6066857833392398,2.8,114.17792546218085,117.16047430830038,118.44466600199402,4123.623777319876,100.0,FR
2025-01-01,1.2051608867982289,0.12952668902634912,1.2051608867982289,2.0805483035759575,2.325505717256604,1.9141845804435675,-5.311600208978673,-1.2786973300567883,0.10499999999999954,1.9550133922789037,11.88,33.05918513135439,0.8304402215079942,0.6562745525070581,0.0,0.18,0.52,0.0,0.236,0.8,0.0,0.0,0.0,2.8544108651586297,-2.092308016578073,-3.256241744699013,-229.41015250590033,-1.6492499783604009,2.2,114.84366235182688,117.19841897233201,118.44466600199402,4123.623777319876,100.0,FR
2025-04-01,0.7897959120309217,3.3102451265449417,0.7897959120309217,1.8971342074357356,1.7663555782650775,1.6174402561461854,-9.354498534511047,-0.3229829194466127,0.025000000000000355,1.9550133922789037,11.88,33.18418093959842,0.7714549737478205,0.6882361090124831,0.0,0.18,0.52,0.0,0.236,0.8,0.0,0.0,0.0,2.441487874533088,-1.7495651489166733,-3.2740954518102026,-229.79612489297025,-1.6516919625021664,2.1,115.35192059093298,118.17233201581026,118.44466600199402,4123.623777319876,100.0,FR
2025-07-01,0.9419137899818963,1.8686882449657105,0.9419137899818963,1.7245351076428772,1.330072946401195,1.5486090459480906,-7.676619403874163,0.1595593674268425,-0.22999999999999954,1.9550133922789037,11.88,33.2595759704259,0.9193019294363725,0.4654678685120109,0.0,0.18,0.52,0.0,0.236,0.8,0.0,0.0,0.0,2.1415730576228498,-1.720443036657315,-2.7264810156016432,-229.93077871761147,-1.1996592676409534,2.0,115.7361251843287,118.72569169960475,118.44466600199402,4210.316476418696,100.0,FR
2025-10-01,0.7582108218623596,-2.275616773087563,0.7582108218623596,1.7646856614382145,1.6368084038299813,1.3175798548143547,-7.455934262858266,-0.05800718056909737,-0.4400000000000004,0.0,11.88,33.240623597110556,0.6212097453088372,0.20076964305019201,0.0,0.18,0.52,0.0,0.236,0.8,0.0,0.0,0.0,1.8649006104707517,-2.7750611497933733,-2.50851253788637,-228.95267242338204,-1.1066897886083922,1.7,116.21069014283883,118.05217391304349,118.44466600199402,4210.316476418696,100.0,FR
2026-01-01,,,,1.8657956170156087,2.729945539566181,,,,-0.6399999999999997,1.171561517256281,12.02,33.25307955274419,0.19389442138980084,-0.35433466909753564,0.0,0.18,0.52,0.0,0.236,0.0,0.0,0.0,0.0,1.6435626527490732,,,,,1.7,117.00652492378414,118.05217391304349,119.84047856430709,4210.316476418696,100.0,FR
2026-04-01,,,,1.7954434067039227,1.4849467370183334,,,,-0.7250000000000005,3.555562626186326,12.31,,,,0.0,0.18,0.52,0.0,0.236,0.0,0.0,0.0,0.0,1.4664922865717305,,,,,,117.44170333844104,118.05217391304349,122.73180458624128,4210.316476418696,100.0,FR
